-- phpMyAdmin SQL Dump
-- version 4.5.4.1deb2ubuntu2.1
-- http://www.phpmyadmin.net
--
-- Servidor: localhost
-- Tiempo de generación: 14-08-2020 a las 00:03:04
-- Versión del servidor: 5.7.31-0ubuntu0.16.04.1
-- Versión de PHP: 7.0.33-0ubuntu0.16.04.15

SET SQL_MODE = "NO_AUTO_VALUE_ON_ZERO";
SET time_zone = "+00:00";


/*!40101 SET @OLD_CHARACTER_SET_CLIENT=@@CHARACTER_SET_CLIENT */;
/*!40101 SET @OLD_CHARACTER_SET_RESULTS=@@CHARACTER_SET_RESULTS */;
/*!40101 SET @OLD_COLLATION_CONNECTION=@@COLLATION_CONNECTION */;
/*!40101 SET NAMES utf8mb4 */;

--
-- Base de datos: `inter`
--
/*
CREATE DATABASE IF NOT EXISTS `inter` DEFAULT CHARACTER SET latin1 COLLATE latin1_swedish_ci;
USE `inter`;
*/
DELIMITER $$
--
-- Procedimientos
--
CREATE DEFINER=`nayeli`@`localhost` PROCEDURE `insertar_categoria` (IN `Código` VARCHAR(6), IN `Nombre` VARCHAR(55))  insert into categorias(codigo, nombre) values (Código, Nombre)$$

CREATE DEFINER=`nayeli`@`localhost` PROCEDURE `insertar_producto` (IN `folio` VARCHAR(14), IN `descripcion` VARCHAR(33), IN `costo` FLOAT, IN `precio` FLOAT, IN `IVA` FLOAT, IN `fecha_reg` DATE, IN `categ` INT)  insert into productos(folio, descripcion, costo, precio, iva, f_reg, categoria) values (folio, descripcion, costo, 
precio, IVA, fecha_reg, categ)$$

CREATE DEFINER=`nayeli`@`localhost` PROCEDURE `insertar_usuarios` (IN `Nombre` VARCHAR(33), IN `Apellidos` VARCHAR(55), IN `email` VARCHAR(55), IN `Num_teléfono` VARCHAR(11), IN `Fecha_nacimiento` DATE, IN `Dirección` VARCHAR(66), IN `Fecha_registro` DATE, IN `tipo_usuario` INT, IN `Password` VARCHAR(500))  insert into categorias(nombre, apellidos, correo, telefono, fecha_nac, domicilio, fecha_reg, tipo_usuario, contraseña)
 values (Nombre, Apellidos, email, Num_teléfono, Fecha_nacimiento, Dirección, Fecha_registro, tipo_usuario, Password)$$

CREATE DEFINER=`nayeli`@`localhost` PROCEDURE `insertar_ventas` (IN `vendedor` INT, IN `cliente` INT, IN `f_pago` SET('Efectivo','Tarjeta'), IN `fecha_reg` DATE)  insert into ventas (folio, vendedor, cliente, forma_pago, f_reg) values (vendedor, cliente, f_pago, fecha_reg)$$

CREATE DEFINER=`nayeli`@`localhost` PROCEDURE `productos_más_baratos` ()  select p.descripcion as Producto, p.precio_venta as Precio from productos as p order by p.precio_venta asc limit 10$$

CREATE DEFINER=`nayeli`@`localhost` PROCEDURE `productos_más_caros` ()  select p.descripcion as Producto, p.precio_venta as Precio from productos as p order by p.precio_venta desc limit 10$$

CREATE DEFINER=`nayeli`@`localhost` PROCEDURE `productos_venta` (IN `Folio` INT(11))  select p.folio as Folio, p.descripcion as Descipción, p.precio_venta as 'Precio venta', vp.cantidad as Cantidad from 
ventas as v inner join venta_productos as vp on vp.venta=v.folio inner join productos as p on vp.producto=p.reg 
where v.folio=Folio$$

CREATE DEFINER=`nayeli`@`localhost` PROCEDURE `producto_categoría` (`Categoría` VARCHAR(40))  select p.folio as Folio, p.descripcion as Producto from productos as p inner join categorias as cat on p.categoria=cat.cve where cat.Nombre=Categoría$$

CREATE DEFINER=`nayeli`@`localhost` PROCEDURE `ventas_vendedor` (`Inicio_periodo` DATE, `Fin_periodo` DATE)  SELECT concat(u.nombre, ' ', u.apellidos) as Vendedor, COUNT(v.vendedor) as 'Cantidad ventas' from usuarios as u INNER JOIN ventas as v on v.vendedor=u.id where v.f_reg BETWEEN Inicio_periodo AND Fin_periodo GROUP BY u.id$$

DELIMITER ;

-- --------------------------------------------------------

--
-- Estructura de tabla para la tabla `categorias`
--

CREATE TABLE `categorias` (
  `cve` int(11) NOT NULL,
  `codigo` varchar(6) COLLATE utf8_unicode_ci NOT NULL,
  `Nombre` varchar(55) COLLATE utf8_unicode_ci NOT NULL
) ENGINE=InnoDB DEFAULT CHARSET=utf8 COLLATE=utf8_unicode_ci;

--
-- Volcado de datos para la tabla `categorias`
--

INSERT INTO `categorias` (`cve`, `codigo`, `Nombre`) VALUES
(1, 'B01', 'ACCESORIOS BANO LAVABO Y FREGADERO'),
(2, 'B02', 'BOILERS CALENTONES'),
(3, 'B03', 'BOMBAS Y MOTOBOMBAS'),
(4, 'B04', 'BRONCE'),
(5, 'B05', 'CABEZALES PARA COMPRESORES'),
(6, 'B06', 'CESPOL Y MEDIO CESPOL P/LAV. Y FREG'),
(7, 'B07', 'CONEXIONES GALV. DE INSERCION'),
(8, 'B08', 'CONEXIONES PVC INSERCION'),
(9, 'B09', 'EMPAQUES'),
(10, 'B10', 'ESTUFAS PARRILLAS QUEMADORES Y FREG'),
(11, 'B11', 'HERRAJES PARA BANO'),
(12, 'B12', 'HIDRONEUMATICOS TANQUES CAMARAS ACC'),
(13, 'B13', 'LLAVES PARA AGUA'),
(14, 'B14', 'LLAVES PARA BANO'),
(15, 'B15', 'LLAVES PARA GAS'),
(16, 'B16', 'LLAVES PARA LAVABO'),
(17, 'B17', 'MANERALES'),
(18, 'B18', 'MANGUERAS o ALIMENTADORES'),
(19, 'B19', 'MEZCLADORAS Y MONOMANDOS LAV. Y FRE'),
(20, 'B20', 'OTROS'),
(21, 'B21', 'REGADERAS'),
(22, 'B22', 'REGULADORES'),
(23, 'B23', 'SOPLETES'),
(24, 'B24', 'TANQUES DE GAS Y ESTACIONARIOS'),
(25, 'B25', 'TARJAS'),
(26, 'B26', 'TUBERIA Y CONEXIONES Y PEGAM. CPVC'),
(27, 'B27', 'TUBERIA Y CONEXIONES COBRE PARA AGU'),
(28, 'B28', 'TUBERIA Y CONEXIONES COBRE PARA GAS'),
(29, 'B29', 'TUBERIA Y CONEXIONES GALV'),
(30, 'B30', 'TUBERIA Y CONEXIONES PEGAMENTOS PVC'),
(31, 'B31', 'TUBERIA Y CONEXIONES VERDES TERMOFU'),
(32, 'B32', 'TUBERIA Y CONEXIONES PVC SANITARIA'),
(33, 'B33', 'VALVULAS'),
(34, 'B34', 'VASTAGOS'),
(35, 'B35', 'TUBERIA Y CONEXIONES PVC CONDUIT'),
(36, 'B36', 'TUBERIA Y CONEXIONES MARRON'),
(37, 'C01', 'ALAMBRE RECOCIDO ALAMBRON Y GALVANZ'),
(38, 'C02', 'ARMEX'),
(39, 'C03', 'BLOCK'),
(40, 'C04', 'BOQUILLA'),
(41, 'C05', 'CADENA GALVANIZADA PULIDA SOLDADA'),
(42, 'C06', 'CAL'),
(43, 'C07', 'CASETON'),
(44, 'C08', 'CEMENTO'),
(45, 'C09', 'CLAVOS'),
(46, 'C10', 'DOMOS'),
(47, 'C11', 'FIERRO'),
(48, 'C12', 'HULE NEGRO'),
(49, 'C13', 'IMPERMEABILIZANTES'),
(50, 'C14', 'LADRILLO REFRACTARIO Y ARCILLA'),
(51, 'C15', 'LAMINA CARTON GALVANIZADA Y POLICAR'),
(52, 'C16', 'LAVADEROS'),
(53, 'C17', 'MADERA'),
(54, 'C18', 'MANGUERAS INDUSTRIALES'),
(55, 'C19', 'PEGAZULEJO'),
(56, 'C20', 'POLIDUCTO'),
(57, 'C21', 'PUERTAS Y ACCS'),
(58, 'C22', 'STUBLOCK'),
(59, 'C23', 'TABLAROCA Y ACCESORIOS'),
(60, 'C24', 'TELAS Y MALLAS'),
(61, 'C25', 'TEXTUREAL'),
(62, 'C26', 'TINACOS Y CISTERNAS'),
(63, 'C27', 'TUBOCIMBRA'),
(64, 'C28', 'VARILLAS'),
(65, 'C29', 'VENTANAS'),
(66, 'C30', 'VIDRIBLOCK'),
(67, 'C31', 'YESO'),
(68, 'C32', 'CENEFAS'),
(69, 'D01', 'CORTINEROS'),
(70, 'D02', 'MOLDURAS'),
(71, 'D03', 'PERSIANAS Y GALERIAS'),
(72, 'D04', 'TAPETES Y ALFOMBRAS'),
(73, 'D05', 'TUBO CORTINERO'),
(74, 'D06', 'ARBOTANTES CANDILES FAROLES Y PLAFO'),
(75, 'D07', 'CABLES Y ALAMBRES ELECTRICOS'),
(76, 'E01', 'CALENTADOR DE AGUA'),
(77, 'E02', 'EXTENSIONES Y MULTICONTACTOS'),
(78, 'E03', 'FOCOS'),
(79, 'E04', 'LAMPARAS'),
(80, 'E05', 'MATERIAL ELECTRICO'),
(81, 'E06', 'REFLECTORES'),
(82, 'E07', 'TUBO Y CONEXIONES CONDUIT'),
(83, 'E08', 'ACCESORIOS AUTO (REF. AUTOMOTRICES)'),
(84, 'E09', 'ACEITES ADITIVOS Y LUBRICANTES'),
(85, 'E10', 'BASCULAS Y ACCS'),
(86, 'F01', 'BOTAS'),
(87, 'F02', 'CABLE ACERO'),
(88, 'F03', 'CAJAS DE HERRAMIENTA (MET. Y PLAST)'),
(89, 'F04', 'CANDADOS'),
(90, 'F05', 'CARRETILLAS Y ACCS'),
(91, 'F06', 'CERRAJERIA'),
(92, 'F07', 'COMPRESORES'),
(93, 'F08', 'CORREDERAS'),
(94, 'F09', 'DISCOS Y PIEDRAS'),
(95, 'F10', 'ENTREPANOS Y POSTES'),
(96, 'F11', 'ESTIRADERAS'),
(97, 'F12', 'FERRETERIA & AGRICOLA'),
(98, 'F13', 'FLEXOMETROS'),
(99, 'F14', 'GATOS'),
(100, 'F15', 'GUARDAPOLVOS'),
(101, 'F16', 'HERRAMIENTA'),
(102, 'F17', 'JALADERAS'),
(103, 'F18', 'JARDINERIA'),
(104, 'F19', 'LETREROS'),
(105, 'F20', 'LINTERNAS'),
(106, 'F21', 'LONAS'),
(107, 'F22', 'MANGOS'),
(108, 'F23', 'MENSULAS'),
(109, 'F24', 'NUDOS'),
(110, 'F25', 'NUMEROS Y LETRAS'),
(111, 'F26', 'PALAS'),
(112, 'F27', 'PASADORES CERRADURAS Y CHAPAS'),
(113, 'F28', 'REFACCIONARIA'),
(114, 'F29', 'RODAJAS Y LLANTAS'),
(115, 'F30', 'SEGURIDAD'),
(116, 'F31', 'SOLDADORAS'),
(117, 'F32', 'SOLDADURA Y ACCS'),
(118, 'F33', 'ACERO INOXIDABLE'),
(119, 'F34', 'ALUMINIO'),
(120, 'F35', 'ARTICULOS NAVIDENOS'),
(121, 'F36', 'ASADORES'),
(122, 'H01', 'BATERIAS'),
(123, 'H02', 'BLANCOS'),
(124, 'H03', 'CLOSET Y BANO'),
(125, 'H04', 'CRISTALERIA'),
(126, 'H05', 'CUCHILLOS'),
(127, 'H06', 'ELECTRODOMESTICOS'),
(128, 'H07', 'FARMACIA'),
(129, 'H08', 'FIERRO VACIADO'),
(130, 'H09', 'FUNDAS'),
(131, 'H10', 'GALVANIZADO'),
(132, 'H11', 'HIELERAS Y TERMOS'),
(133, 'H12', 'JUGUETERIA'),
(134, 'H13', 'LIMPIEZA'),
(135, 'H14', 'LINEA BLANCA Y CAMPANAS DE PORCELAN'),
(136, 'H15', 'LOZA'),
(137, 'H16', 'MELAMINA'),
(138, 'H17', 'MOLINOS'),
(139, 'H18', 'PAPELERIA'),
(140, 'H19', 'PELTRE'),
(141, 'H20', 'PLASTICO'),
(142, 'H21', 'REGALOS'),
(143, 'H22', 'UTENSILIOS'),
(144, 'H23', 'VAJILLAS'),
(145, 'H24', 'BANO'),
(146, 'H25', 'HOGAR'),
(147, 'H26', 'PORTARETRATOS'),
(148, 'H27', 'RELOJES'),
(149, 'H28', 'SOMBRILLAS'),
(150, 'I01', 'COMPUTO Y ACCESORIOS'),
(151, 'I02', 'ELECTRONICA'),
(152, 'I03', 'SOPORTES DE PANTALLA'),
(153, 'I04', 'TELEVISIONES Y PANTALLAS'),
(154, 'I05', 'CAJONERAS COMODAS Y CENTRO DE ENTRE'),
(155, 'I06', 'CATRES'),
(156, 'I07', 'COCINAS INTEGRALES'),
(157, 'I08', 'COLCHONES'),
(158, 'I09', 'MESAS Y TABLONES'),
(159, 'K01', 'MUEBLES TUBULARES'),
(160, 'K02', 'SALAS Y RECAMARAS'),
(161, 'K03', 'SILLAS Y BANCOS'),
(162, 'K04', 'VIDRIOS PARA MESA'),
(163, 'K05', 'RECAMARAS'),
(164, 'M01', 'BARNICES Y MANCHAS'),
(165, 'M02', 'BROCHAS CHULOS PINCELES'),
(166, 'M03', 'CINTAS CANELA TRANSP. MASKING GRIS'),
(167, 'M04', 'COLOREX'),
(168, 'M05', 'ESCALERAS'),
(169, 'M06', 'ESTOPAS Y TRAPOS'),
(170, 'M07', 'FONDOS LACAS Y SELLADORES'),
(171, 'M08', 'LIJAS'),
(172, 'M09', 'PARAGUAS'),
(173, 'M10', 'PEGAMENTOS Y SILICONES'),
(174, 'M11', 'PINTURA DE ACEITE RIVINOL'),
(175, 'P01', 'PINTURA DE CAL Y CEMENTO'),
(176, 'P02', 'PINTURA EN AEROSOL'),
(177, 'P03', 'PINTURA ESMALTE'),
(178, 'P04', 'PINTURA MILCO'),
(179, 'P05', 'PINTURA VINILICA PINTAVIN'),
(180, 'P06', 'PINTURA VINILICA POLIPRISA'),
(181, 'P07', 'PINTURA VINILICA VINIBAR'),
(182, 'P08', 'PISTOLAS PARA PINTAR Y ACCS'),
(183, 'P09', 'RESINA'),
(184, 'P10', 'RODILLOS Y ACCS'),
(185, 'P11', 'THINER Y REMOVEDOR'),
(186, 'P12', 'ALIMENTOS'),
(187, 'P13', 'BOMBAS'),
(188, 'P14', 'CADENAS'),
(189, 'P15', 'COLLARES'),
(190, 'P16', 'COMEDEROS'),
(191, 'P17', 'GRAVAS'),
(192, 'P18', 'JUGUETES MASCOTAS'),
(193, 'P19', 'PLANTAS'),
(194, 'P20', 'ABANICOS Y VENT. DE MESA PED. TECHO'),
(195, 'P21', 'AIRES LAVADOS'),
(196, 'P22', 'BANDAS'),
(197, 'P23', 'CEDAZOS'),
(198, 'Q01', 'CELDEC'),
(199, 'Q02', 'CHUMACERAS'),
(200, 'Q03', 'CONTROLES PARA APARATO DE REFRIGERA'),
(201, 'Q04', 'DISTRIBUIDORES'),
(202, 'Q05', 'FLOTADORES'),
(203, 'Q06', 'MINISPLIT'),
(204, 'Q07', 'MOTORES'),
(205, 'Q08', 'NORDICOOL'),
(206, 'Q09', 'PAJA Y FILTROS COCIDOS'),
(207, 'R01', 'POLEAS'),
(208, 'R02', 'POLIDUCTO PARA APARATO DE REFRIGERA'),
(209, 'R03', 'REJILLAS PARA DUCTOS'),
(210, 'R04', 'TURBINAS PARA APARATO DE REFRIGERAC'),
(211, 'R05', 'ACCESORIOS CERAMICOS PARA BANO'),
(212, 'R06', 'ASIENTOS PARA TAZA DE BANO'),
(213, 'R07', 'AZULEJOS CENEFAS Y MALLAS DECORATIV'),
(214, 'R08', 'BOTIQUINES'),
(215, 'R09', 'CANCELES PARA BANO'),
(216, 'R10', 'ESPEJOS'),
(217, 'R11', 'LAVABOS'),
(218, 'R12', 'MUEBLES PARA BANO'),
(219, 'R13', 'OVALINES'),
(220, 'R14', 'PAQUETES SANITARIOS'),
(221, 'R15', 'PEDESTALES'),
(222, 'R16', 'PIEDRA LAJA'),
(223, 'R17', 'PISO CERAMICO'),
(224, 'R18', 'PISO LAMINADO'),
(225, 'R19', 'PISO MARMOL'),
(226, 'S01', 'SEPARADORES PARA PISO'),
(227, 'S02', 'TANQUES PARA WC'),
(228, 'S03', 'TAZA PARA WC'),
(229, 'S04', 'TAZA TANQUE Y LAVABO'),
(230, 'S05', 'TINAS Y JACUZZIS'),
(231, 'S06', 'AGUAS TES Y POWERADE'),
(232, 'S07', 'BOTANAS'),
(233, 'S08', 'DULCES'),
(234, 'S09', 'JUGOS'),
(235, 'S10', 'REFRESCOS'),
(236, 'S11', 'SERVICIOS DE INSTALACION Y MANTENIM'),
(237, 'S12', 'FLETES'),
(238, 'S13', 'MEMBRESIAS'),
(239, 'S14', 'COSTOS DE FACTURACION'),
(240, 'S15', 'PUBLICIDAD MES DE JULIO'),
(241, 'S16', 'NO EXISTE'),
(242, 'S17', 'REMATES'),
(243, 'S18', 'CARROS CAMIONETAS Y MOTOS'),
(244, 'S19', 'ESTACIONAMIENTO'),
(245, 'S20', 'CLAVES Y DESCRIPCION ART.OBSOLETO');

-- --------------------------------------------------------

--
-- Estructura de tabla para la tabla `ciudades`
--

CREATE TABLE `ciudades` (
  `cve` int(11) NOT NULL,
  `nombre` varchar(33) COLLATE utf8_unicode_ci NOT NULL,
  `estado` int(11) NOT NULL
) ENGINE=InnoDB DEFAULT CHARSET=utf8 COLLATE=utf8_unicode_ci;

--
-- Volcado de datos para la tabla `ciudades`
--

INSERT INTO `ciudades` (`cve`, `nombre`, `estado`) VALUES
(2001, 'Saltillo', 1),
(2002, 'Torreón', 1),
(2003, 'Monclova', 1),
(2004, 'Piedras Negras', 1),
(2005, 'Acuña', 1),
(2006, 'Matamoros', 1),
(2007, 'San Pedro', 1),
(2008, 'Ramos Arizpe', 1),
(2009, 'Frontera', 1),
(2010, 'Múzquiz', 1),
(2011, 'Sabinas', 1),
(2012, 'Francisco I. Madero', 1),
(2013, 'Parras', 1),
(2014, 'San Juan de Sabinas', 1),
(2015, 'Nava', 1),
(2016, 'Castaños', 1),
(2017, 'Allende', 1),
(2018, 'Arteaga', 1),
(2019, 'San Buenaventura', 1),
(2020, 'Viesca', 1),
(2021, 'Cuatro Cienegas', 1),
(2022, 'Zaragoza', 1),
(2023, 'General Cepeda', 1),
(2024, 'Ocampo', 1),
(2025, 'Jimenez', 1),
(2026, 'Morelos', 1),
(2027, 'Sierra Mojada', 1),
(2028, 'Nadadores', 1),
(2029, 'Villa Union', 1),
(2030, 'Progreso', 1),
(2031, 'Escobedo', 1),
(2032, 'Sacramento', 1),
(2033, 'Guerrero', 1),
(2034, 'Hidalgo', 1),
(2035, 'Lamadrid', 1),
(2036, 'Candela', 1),
(2037, 'Juarez', 1),
(2038, 'Abasolo', 1),
(2039, 'Canatlan', 2),
(2040, 'Canelas', 2),
(2041, 'Coneto de Comonfort', 2),
(2042, 'Cuencame', 2),
(2043, 'Durango', 2),
(2044, 'General Simon Bolivar', 2),
(2045, 'Gomez Palacio', 2),
(2046, 'Guadalupe Victoria', 2),
(2047, 'Guanacevi', 2),
(2048, 'Hidalgo', 2),
(2049, 'Inde', 2),
(2050, 'Lerdo', 2),
(2051, 'Mapimi', 2),
(2052, 'Mezquital', 2),
(2053, 'Nazas', 2),
(2054, 'Ocampo', 2),
(2055, 'El Oro', 2),
(2056, 'Otaez', 2),
(2057, 'Panuco de Coronado', 2),
(2058, 'Peñon Blanco', 2),
(2059, 'Poanas', 2),
(2060, 'Pueblo Nuevo', 2),
(2061, 'Rodeo', 2),
(2062, 'San Bernardo', 2),
(2063, 'San Dimas', 2),
(2064, 'San Juan de Guadalupe', 2),
(2065, 'San Juan del Rio', 2),
(2066, 'San Luis del Cordero', 2),
(2067, 'San Pedro del Gallo', 2),
(2068, 'Santa Clara', 2),
(2069, 'Santiago Papasquiaro', 2),
(2070, 'Suchil', 2),
(2071, 'Tamazula', 2),
(2072, 'Tepehuanes', 2),
(2073, 'Tlahualilo', 2),
(2074, 'Topia', 2),
(2075, 'Vicente Guerrero', 2),
(2076, 'Nuevo Ideal', 2),
(2077, 'Nombre de Dios', 2),
(2078, 'Apozol', 3),
(2079, 'Apulco', 3),
(2080, 'Atolinga', 3),
(2081, 'Benito Juarez', 3),
(2082, 'Calera', 3),
(2083, 'Cañitas de Felipe Pescador', 3),
(2084, 'Concepcion del Oro', 3),
(2085, 'Cuauhtemoc', 3),
(2086, 'Chalchihuites', 3),
(2087, 'Fresnillo', 3),
(2088, 'Trinidad Garcia de la Cadena', 3),
(2089, 'Genaro Codina', 3),
(2090, 'General Enrique Estrada', 3),
(2091, 'General Francisco R. Murguia', 3),
(2092, 'El Plateado de Joaquin Amaro', 3),
(2093, 'General Panfilo Natera', 3),
(2094, 'Guadalupe', 3),
(2095, 'Huanusco', 3),
(2096, 'Jalpa', 3),
(2097, 'Jerez', 3),
(2098, 'Jimenez del Teul', 3),
(2099, 'Juan Aldama', 3),
(2100, 'Juchipila', 3),
(2101, 'Loreto', 3),
(2102, 'Luis Moya', 3),
(2103, 'Mazapil', 3),
(2104, 'Melchor Ocampo ', 3),
(2105, 'Mezquital del Oro ', 3),
(2106, 'Miguel Auza', 3),
(2107, 'Momax', 3),
(2108, 'Monte Escobedo', 3),
(2109, 'Morelos', 3),
(2110, 'Moyahua de Estrada', 3),
(2111, 'Nochistlan de Mejia', 3),
(2112, 'Noria de Angeles', 3),
(2113, 'Ojocaliente', 3),
(2114, 'Panuco', 3),
(2115, 'Pinos', 3),
(2116, 'Rio Grande', 3),
(2117, 'Sain Alto', 3),
(2118, 'El Salvador ', 3),
(2119, 'Sombrerete', 3),
(2120, 'Susticacan', 3),
(2121, 'Tabasco', 3),
(2122, 'Tepechitlan', 3),
(2123, 'Tepetongo', 3),
(2124, 'Teul de Gonzalez Ortega', 3),
(2125, 'Tlaltenango de Sanchez Roman', 3),
(2126, 'Valparaiso', 3),
(2127, 'Vetagrande', 3),
(2128, 'Villa de Cos', 3),
(2129, 'Villa Garcia', 3),
(2130, 'Villa Gonzalez Ortega', 3),
(2131, 'Villa Hidalgo', 3),
(2132, 'Villanueva', 3),
(2133, 'Zacatecas', 3),
(2134, 'Trancoso', 3),
(2135, 'Santa Maria de la Paz', 3),
(2136, 'Ahumada', 4),
(2137, 'Aldama', 4),
(2138, 'Allende', 4),
(2139, 'Aquiles Serdan', 4),
(2140, 'Ascension', 4),
(2141, 'Bachiniva', 4),
(2142, 'Balleza', 4),
(2143, 'Batopilas', 4),
(2144, 'Bocoyna', 4),
(2145, 'Buenaventura', 4),
(2146, 'Camargo', 4),
(2147, 'Carichi', 4),
(2148, 'Casas Grandes', 4),
(2149, 'Chihuahua', 4),
(2150, 'Chinipas', 4),
(2151, 'Coronado', 4),
(2152, 'Coyame', 4),
(2153, 'Cuauhtemoc', 4),
(2154, 'Cusihuiriachi', 4),
(2155, 'Delicias', 4),
(2156, 'Dr. Belisario Dominguez', 4),
(2157, 'El Tule', 4),
(2158, 'Galeana', 4),
(2159, 'Gomez Farias', 4),
(2160, 'Gran Morelos', 4),
(2161, 'Guachochi', 4),
(2162, 'Guadalupe', 4),
(2163, 'Guadalupe y Calvo', 4),
(2164, 'Guazapares', 4),
(2165, 'Guerrero', 4),
(2166, 'Huejotitan', 4),
(2167, 'Ignacio Zaragoza', 4),
(2168, 'Janos', 4),
(2169, 'Jimenez', 4),
(2170, 'Juarez', 4),
(2171, 'Julimes', 4),
(2172, 'La Cruz', 4),
(2173, 'Lopez', 4),
(2174, 'Madera', 4),
(2175, 'Maguarichi', 4),
(2176, 'Manuel Benavides', 4),
(2177, 'Matachi', 4),
(2178, 'Matamoros', 4),
(2179, 'Meoqui', 4),
(2180, 'Morelos', 4),
(2181, 'Moris', 4),
(2182, 'Namiquipa', 4),
(2183, 'Nonoava', 4),
(2184, 'Nvo. Casas Grandes', 4),
(2185, 'Ocampo', 4),
(2186, 'Ojinaga', 4),
(2187, 'Parral', 4),
(2188, 'Praxedis G. Guerrero', 4),
(2189, 'Riva Palacio', 4),
(2190, 'Rosales', 4),
(2191, 'Rosario', 4),
(2192, 'San Fco. de Borja', 4),
(2193, 'San Fco. de Conchos', 4),
(2194, 'San Fco. del Oro', 4),
(2195, 'Santa Barbara', 4),
(2196, 'Santa Isabel', 4),
(2197, 'Satevo', 4),
(2198, 'Saucillo', 4),
(2199, 'Temosachi', 4),
(2200, 'Urique', 4),
(2201, 'Uruachi', 4),
(2202, 'Valle de Zaragoza', 4);

-- --------------------------------------------------------

--
-- Estructura de tabla para la tabla `clientes`
--

CREATE TABLE `clientes` (
  `id` int(11) NOT NULL,
  `nombre` varchar(33) COLLATE utf8_unicode_ci NOT NULL,
  `apellidos` varchar(55) COLLATE utf8_unicode_ci NOT NULL,
  `telefono` varchar(12) COLLATE utf8_unicode_ci NOT NULL,
  `correo` varchar(55) COLLATE utf8_unicode_ci NOT NULL,
  `f_nac` date DEFAULT NULL,
  `f_reg` date DEFAULT NULL
) ENGINE=InnoDB DEFAULT CHARSET=utf8 COLLATE=utf8_unicode_ci;

--
-- Volcado de datos para la tabla `clientes`
--

INSERT INTO `clientes` (`id`, `nombre`, `apellidos`, `telefono`, `correo`, `f_nac`, `f_reg`) VALUES
(1, 'DIEGO ARMANDO', 'LEMUS ARELLANO', '7620739', 'MELANIBUSTOS40549@GMAIL.COM', '1973-06-09', '2020-08-03'),
(2, 'DORA ELSA', 'LOPEZ ANDRADE', '7621307', 'PALOMA_GMZ@HOTMAIL.COM', '1973-06-10', '2020-08-03'),
(3, 'LUIS MIGUEL', 'LOPEZ GONZALEZ', '7750456', 'FLAVIOGONZALEZ22@GMAIL.COM', '1973-06-11', '2020-08-03'),
(4, 'VLADIMIR', 'JUAREZ MONTELONGO', '7570157', 'COGA660717@HOTMAIL.COM', '1973-06-12', '2020-08-03'),
(5, 'LORENZO', 'LOPEZ LIRA', '4554227', 'VEROJIJI1020@HOTMAIL.COM', '1973-06-13', '2020-08-03'),
(6, 'LUIS', 'PRUNEDA', '7624363', 'BRENDAA.RDZZ@HOTMAIL.COM', '1973-06-14', '2020-08-03'),
(7, 'LUIS FERNANDO', 'GARCIA GUTIERREZ', '7751049', 'LUIS_ENRIQUE20@HOTMAIL.ES', '1973-06-15', '2020-08-03'),
(8, 'SAMUEL VLADIMIR', 'MACIEL CHAVEZ', '7750639', 'SAMA1402.30@GMAIL.COM', '1966-07-18', '2020-08-03'),
(9, 'MA. DE JESUS', 'CORREA BARRIOS', '7625995', 'ABARRAGABY12@YAHOO.COM.MX', '1966-07-19', '2020-08-03'),
(10, 'LIBORIO', 'MANDUJANO GOMEZ', '7620062', 'CECY.DEL REAL@HOTMAIL.COM', '1990-02-03', '2020-08-03'),
(11, 'MELCHOR', 'MARTINEZ HERNANDEZ', '2680940', 'JMGONZALB@HOTMAIL.COM', '1990-02-04', '2020-08-03'),
(12, 'HECTOR JAVIER', 'MARTINEZ HERNANDEZ', '7621225', 'MVEL83@HOTMAIL.COM', '1990-02-05', '2020-08-03'),
(13, 'ARMANDO', 'MARTINEZ SANCHEZ', '7620191', 'EDURDOSILDAV@GMAIL.COM', '1990-02-06', '2020-08-03'),
(14, 'RAUL', 'MAURY SANTIAGO', '7620706', 'BRESAMY.23@GMAIL.COM', '1988-04-03', '2020-08-03'),
(15, 'MAGALY', 'SOLANO JUAREZ', '1800609', 'BRENDA.VALDES@HOTMAIL.COM', '1988-04-04', '2020-08-03'),
(16, 'MAURO', 'HERNANDEZ ESCOBEDO', '7170594', 'TERRYLLANES21@HOTMAIL.COM', '1988-04-05', '2020-08-03'),
(17, 'JOSE MANUEL', 'MARIN VEGA', '7216399', 'SUSANA_AGUILERA_GARCIA@HOTMAIL.COM', '1988-04-06', '2020-08-03'),
(18, 'MARTHA ALICIA', 'MAZUCA VIDALES', '2683119', 'DIAZGLZ.GABRIEL@GMAIL.COM', '1988-04-07', '2020-08-03'),
(19, 'MARIA DEL ROCIO', 'VALERO CASTRO', '1800858', 'RAFAEL_ESPUERZO@OUTLOOK.COM', '1990-11-27', '2020-08-03'),
(20, 'MELCHOR SERVANDO', 'MARTINEZ MEDINA', '7129014', 'IVAN.ORTX@GMAIL.COM', '1990-11-28', '2020-08-03'),
(21, 'FELIPE', 'MEDINA RODRIGUEZ', '1823578', 'CARDU_2412@HOTMAIL.COM', '1990-11-29', '2020-08-03'),
(22, 'MIRIAM YADIRA', 'MORALES LUJAN', '2137528', 'MAYRR2195@GMAIL.COM', '1990-11-30', '2020-08-03'),
(23, 'SERGIO', 'ESCAREO MONTOYA', '7620304', 'GISELA.RDZVZ@GMAIL.COM', '1991-12-01', '2020-08-03'),
(24, 'MIRIAM YADIRA', 'MORALES LUJAN', '7571809', 'LOPEZLILIANAG12@GMAIL.COM', '1991-12-02', '2020-08-03'),
(25, 'FELIPE', 'MORALES TOVAR', '7823503', 'ROSELINA67@HOTMAIL.COM', '1991-12-03', '2020-08-03'),
(26, 'FAUSTINO', 'MORALES RAMIREZ', '7218899', 'GABRIELA.OROZCOHDZ@GMAIL.COM', '1991-12-04', '2020-08-03'),
(27, 'JESUS', 'NAVARRO DE LEON', '7620160', 'SAYRA_DTEPI@HOTMAIL.COM', '1991-12-05', '2020-08-03'),
(28, 'NAYELY YAZMIN', 'CARDONA DE LEON', '7620210', 'ALEJANDRA.MARTINEZ.V@HOTMAIL.COM', '1991-12-06', '2020-08-03'),
(29, 'ELISEO', 'ONTIVEROS VAQUERA', '4551037', 'ZUL_AIRAM_88@HOTMAIL.COM', '1991-12-10', '2020-08-03'),
(30, 'JAIME', 'OLVERA HERNANDEZ', '1823980', 'DIANASOSACORONADO@GMAIL.COM', '1966-07-20', '2020-08-03'),
(31, 'GUILLERMO', 'ORTIZ QUIRINO', '7626122', 'CYTHIAHDZ98@GMAIL.COM', '1966-07-21', '2020-08-03'),
(32, 'PABLO', 'CARRILLO DELGADO', '7123123', 'VERONICA.GARCIA@GRUPOLALA.COM', '1988-03-30', '2020-08-03'),
(33, 'ISAI', 'VARELA AVILA', '7621744', 'KARLAQUEZADAROMERO@GMAIL.COM', '1988-03-31', '2020-08-03'),
(34, 'ARMANDO', 'VALENZUELA CUETO', '1828400', 'YAYA-VERA@LIVE.COM', '1988-04-01', '2020-08-03'),
(35, 'CLEMENTE', 'VALLES SANTELLANOS', '7622557', 'MARTINEZPAM@HOTMAIL.COM', '1988-04-02', '2020-08-03'),
(36, 'DANIEL', 'RODRIGUEZ AMBRIZ', '7120306', 'MYRIAM_CONTRERAS@HOTMAIL.COM', '1988-04-03', '2020-08-03'),
(37, 'EDSON', 'FELIX ALBA', '7621984', 'VALERIA.SORIANO@HOTMAIL.ES', '1988-04-04', '2020-08-03'),
(38, 'ALVARO', 'VAQUERA LUEVANOS', '1828747', 'PATRICIA455582@GMAIL.COM', '1990-11-26', '2020-08-03'),
(39, 'VANESSA YADIRA', 'VALENZUELA CUETO', '7626153', 'KARLA_GONZALEZ_SOTO@HOTMAIL.COM', '1991-12-07', '2020-08-03'),
(40, 'VALENTIN', 'VARELA LUEVANO', '7621346', 'MAX_ALARKON11@HOTMAIL.COM', '1991-12-08', '2020-08-03'),
(41, 'HECTOR HORACIO', 'MAZUCA VIDALES', '8701358375', 'AYALAA.W@HOTMAIL.COM', '1991-12-09', '2020-08-03'),
(42, 'KARLA ELIZABETH', ' CASTAÑEDA ORTIZ', '8701358376', 'EPPALOMARES@GMAIL.COM', '2001-06-14', '2020-08-03'),
(43, 'JUAN MIJARES', ' HERNANDEZ ACOSTA', '8701358377', 'ISA_MY17@HOTMAIL.COM W-MUNOZ@HOTMAIL.COM', '2001-06-15', '2020-08-03'),
(44, 'ALBERTO AGUILERA', ' VALADEZ', '8701358378', 'JULIO_FISCHER@HOTMAIL.COM', '2001-06-16', '2020-08-03'),
(45, 'VALENTIN', ' ELIZALDE VALENCIA', '8701358379', 'LIS.FERPA@HOTMAIL.COM', '2001-06-17', '2020-08-03'),
(46, 'GABRIEL JOSE DE LA CONCORDIA', ' GARCIA MARQUEZ', '8701358380', 'MAVI_PRINSSES@HOTMAIL.COM', '2001-06-18', '2020-08-03'),
(47, 'LAURA PATRICIA', ' CALDERA LUNA', '8701358381', 'GINA_GAZCON@HOTMAIL.COM', '2001-06-19', '2020-08-03'),
(48, 'MARIO', ' HERNANDEZ HERNANDEZ', '8701358382', 'MARIELYHDZE@HOTMAIL.COM', '2001-06-20', '2020-08-03'),
(49, 'LUIS FRANCISCO', ' MONTOYA CEPEDA', '8701358383', 'E_ABY18@HOTMAIL.COM', '2001-06-21', '2020-08-03'),
(50, 'MARTIN', ' CALDERA LOPEZ', '8701358384', 'FERNANDITAMANZANA@HOTMAIL.COM', '2001-06-22', '2020-08-03'),
(51, 'SONIA', ' LUNA DE LEON', '8701358385', 'LUVINA_KZH@HOTMAIL.COM', '2001-06-23', '2020-08-03'),
(52, 'NADIA ITZEL', ' CALDERA LUNA', '8701358386', 'DULCE.BRIONES51@GMAIL.COM', '2001-06-24', '2020-08-03'),
(53, 'JOSE ISABEL', ' MIRANDA VEGA', '8701358387', 'PAVILLASANAVALDEZ@HOTMAIL.COM', '2001-06-25', '2020-08-03'),
(54, 'IVAN JARED', ' ROJAS LOPEZ', '8701358388', 'MIKE.AGUILARNAVA@GMAIL.COM', '2001-06-26', '2020-08-03'),
(55, 'ERIK ADAN', ' RUISECO CISNEROS', '8701358389', 'FLORIVETHAGUILAR@HOTMAIL.COM', '2001-06-27', '2020-08-03'),
(56, 'Alfonso', ' Ruiz', '8756431290', 'ALFONSO@GMAIL.COM', '1998-03-01', '2020-08-03'),
(57, 'Maria', ' Ramos', '8712349056', 'MARY@HOTMAIL.COM', '1987-06-05', '2020-08-03'),
(58, 'Sofia', ' Flores', '8716453287', 'SOFIA@GMAIL.COM', '2000-09-25', '2020-08-03'),
(59, 'Juan', ' Solis', '8712112978', 'JUAN@GMAIL.COM', '1976-12-08', '2020-08-03'),
(60, 'Hector', ' Sanchez', '8719765432', 'HECTOR@OUTLOOK.COM', '2001-02-01', '2020-08-03'),
(61, 'Christian', ' Martinez', '8743125691', 'CHRIS@GMAIL.COM', '1995-05-30', '2020-08-03'),
(62, 'Camila', ' Villareal', '8712345690', 'CAMILA@GMAIL.COM', '1997-08-15', '2020-08-03'),
(63, 'Ivan', ' Rodriguez', '8714238745', 'IVAN@GMAIL.COM', '1992-03-30', '2020-08-03'),
(64, 'Carolina', ' Esquivel', '8712610119', 'CAROLINA@GMAIL.COM', '1996-03-02', '2020-08-03'),
(65, 'Jennifer', ' Luna', '8713256651', 'JENNY@HOTMAIL.COM', '2000-08-10', '2020-08-03'),
(66, 'Gabriela', ' Suarez', '8712340965', 'GABY@GMAIL.COM', '1994-08-27', '2020-08-03'),
(67, 'Sandra', ' Nava', '8765109181', 'SANDRA@GMAIL.COM', '1996-02-19', '2020-08-03'),
(68, 'Manuel', ' Perez', '8714236547', 'MANUEL@GMAIL.COM', '1996-08-12', '2020-08-03'),
(69, 'Diego', ' Esparza', '8712123400', 'DIEGO@OUTLOOK.COM', '2004-09-30', '2020-08-03'),
(70, 'Yareli', ' Rubio', '8715670987', 'YARELI@GMAIL.COM', '2003-09-17', '2020-08-03'),
(71, 'Jaqueline', ' Adame', '8710987654', 'JAQUE@GMAIL.COM', '2000-06-24', '2020-08-03'),
(72, 'Angelica', ' Alvarez', '8718765432', 'ANGELICA@HOTMAIL.COM', '1978-12-20', '2020-08-03'),
(73, 'Antonio', ' Lopez', '8715780123', 'ANTONIO@HOTMAIL.COM', '1987-05-06', '2020-08-03'),
(74, 'Fernanda', ' Pedroza', '8715632410', 'FER@HOTMAIL.COM', '1999-11-26', '2020-08-03'),
(75, 'Daniel', ' Dominguez', '8717234509', 'DANIEL@GMAIL.COM', '1997-06-12', '2020-08-03');

-- --------------------------------------------------------

--
-- Estructura de tabla para la tabla `del_productos`
--

CREATE TABLE `del_productos` (
  `reg` int(11) DEFAULT NULL,
  `folio` varchar(20) COLLATE utf8_unicode_ci DEFAULT NULL,
  `descripcion` varchar(66) COLLATE utf8_unicode_ci DEFAULT NULL,
  `costo` float DEFAULT NULL,
  `precio_venta` float DEFAULT NULL,
  `iva` float DEFAULT NULL,
  `f_reg` date DEFAULT NULL,
  `categoria` int(11) DEFAULT NULL,
  `deleted` datetime DEFAULT NULL
) ENGINE=InnoDB DEFAULT CHARSET=utf8 COLLATE=utf8_unicode_ci;

-- --------------------------------------------------------

--
-- Estructura de tabla para la tabla `estados`
--

CREATE TABLE `estados` (
  `cve` int(11) NOT NULL,
  `nombre` varchar(33) COLLATE utf8_unicode_ci NOT NULL
) ENGINE=InnoDB DEFAULT CHARSET=utf8 COLLATE=utf8_unicode_ci;

--
-- Volcado de datos para la tabla `estados`
--

INSERT INTO `estados` (`cve`, `nombre`) VALUES
(4, 'Chihuahua'),
(1, 'Coahuila'),
(2, 'Durango'),
(3, 'Zacatecas');

-- --------------------------------------------------------

--
-- Estructura de tabla para la tabla `flete_ventas`
--

CREATE TABLE `flete_ventas` (
  `reg` int(11) NOT NULL,
  `flete` int(11) NOT NULL,
  `venta` int(11) DEFAULT NULL
) ENGINE=InnoDB DEFAULT CHARSET=utf8 COLLATE=utf8_unicode_ci;

-- --------------------------------------------------------

--
-- Estructura de tabla para la tabla `fletes`
--

CREATE TABLE `fletes` (
  `cve` int(11) NOT NULL,
  `ruta` int(11) NOT NULL,
  `f_salida` date NOT NULL,
  `f_regreso` date DEFAULT NULL,
  `costo` float DEFAULT NULL
) ENGINE=InnoDB DEFAULT CHARSET=utf8 COLLATE=utf8_unicode_ci;

--
-- Volcado de datos para la tabla `fletes`
--

INSERT INTO `fletes` (`cve`, `ruta`, `f_salida`, `f_regreso`, `costo`) VALUES
(7001, 3001, '2019-09-17', '2019-09-18', 748.5),
(7002, 3014, '2017-01-25', '2017-01-27', 1180.8),
(7003, 3002, '2020-05-06', '2020-05-06', 304),
(7004, 3026, '2020-08-01', '2020-08-02', 1035.8),
(7005, 3016, '2019-04-18', '2019-04-18', 709),
(7006, 3014, '2020-05-06', '2020-05-08', 1326.9),
(7007, 3029, '2020-07-09', '2020-07-09', 780.3),
(7008, 3017, '2019-04-15', '2019-04-16', 802.7),
(7009, 3006, '2017-04-23', '2017-04-23', 247.4),
(7010, 3029, '2017-10-12', '2017-10-12', 623),
(7011, 3010, '2018-02-16', '2018-02-17', 512.8),
(7012, 3026, '2020-08-01', '2020-08-02', 1035.8),
(7013, 3003, '2018-01-03', '2018-01-03', 408.7),
(7014, 3007, '2020-05-06', '2020-05-07', 912),
(7015, 3014, '2020-05-06', '2020-05-08', 1326.9),
(7016, 3021, '2020-07-09', '2020-07-10', 932.4),
(7017, 3006, '2019-12-08', '2019-12-09', 335.4),
(7018, 3004, '2017-01-25', '2017-01-25', 323.2),
(7019, 3015, '2020-06-10', '2020-06-10', 50.8),
(7020, 3026, '2017-06-06', '2017-06-07', 921.8),
(7021, 3010, '2020-08-01', '2020-08-02', 678.8),
(7022, 3014, '2018-02-16', '2018-02-18', 1254.2),
(7023, 3009, '2020-01-03', '2020-01-03', 326.7),
(7024, 3030, '2018-08-12', '2018-08-13', 734.2);

-- --------------------------------------------------------

--
-- Estructura de tabla para la tabla `productos`
--

CREATE TABLE `productos` (
  `reg` int(11) NOT NULL,
  `folio` varchar(20) COLLATE utf8_unicode_ci NOT NULL,
  `descripcion` varchar(66) COLLATE utf8_unicode_ci NOT NULL,
  `costo` float NOT NULL,
  `precio_venta` float NOT NULL,
  `iva` float NOT NULL,
  `f_reg` date DEFAULT NULL,
  `categoria` int(11) NOT NULL
) ENGINE=InnoDB DEFAULT CHARSET=utf8 COLLATE=utf8_unicode_ci;

--
-- Volcado de datos para la tabla `productos`
--

INSERT INTO `productos` (`reg`, `folio`, `descripcion`, `costo`, `precio_venta`, `iva`, `f_reg`, `categoria`) VALUES
(1180, 'AAF-08-014', 'RESUMIDERO #  8 F.V. 21', 65.64, 107.56, 16, '2012-01-10', 1),
(1181, 'AAF-08-015', 'RESUMIDERO # 12 F.V. 215', 189.38, 310.31, 16, '2012-01-10', 1),
(1182, 'ANB-B30118', 'BARRA SUJETADORA ACERO INOX SATINADA 18', 263.65, 495.28, 16, '2016-08-11', 1),
(1183, 'ANB-B30212', 'BARRA METALICA CON JABONERA DE 18', 301.31, 632.61, 16, '2013-03-21', 1),
(1184, 'ANB-B30312', 'BARRA METALICA CROMADA DE 18', 236.74, 497.06, 16, '2013-03-21', 1),
(1185, 'ANB-BS1025', 'BRIDA SANITARIA CON TORNILLOS BS1025', 37.66, 70.76, 16, '2013-08-12', 1),
(1186, 'ANB-BS24C', 'BARRA SUJETADORA DE 24 CROMADA', 225.98, 424.52, 16, '2012-02-10', 1),
(1187, 'ANB-BS24SS', 'BARRA SUJETADORA 24 ACERO INOX. SATIN', 225.98, 424.52, 16, '2012-02-10', 1),
(1188, 'ANB-BT1003', 'BARRA TOALLERO ALUMINIO CROMADA 24', 78.01, 163.8, 16, '2016-08-11', 1),
(1189, 'ANB-CFS1197', 'CUELLO FLEX PARA SANITARIO', 31.74, 55.74, 16, '2017-09-25', 1),
(1190, 'ANB-CLA722', 'COLADERA LARGA 30X5CMS CUBIERTA DE ACERO', 40.89, 75.92, 16, '2017-09-30', 1),
(1191, 'ANB-COLU467', 'COLADERA UNIVERSAL SUPERFICIE CROMADA', 32.59, 57.24, 16, '2014-02-21', 1),
(1192, 'ANB-CONCM', 'CONTRACANASTA FREGADOR ACEROINOX 3-1/2', 46.66, 81.94, 16, '2017-04-05', 1),
(1193, 'ANB-CONCM199', 'CONTRACANASTA AC.INOX.C/CEDAZO CONCM1998', 69.94, 154.58, 16, '2019-01-17', 1),
(1194, 'ANB-CONCMBN', 'CONTRACANSATA FREGADOR NIQ. PUL. A.I.', 78.01, 172.42, 16, '2014-07-10', 1),
(1195, 'ANB-CONCMT', 'CONTRACANASTA FREGADOR A.I. 3 1/2 10CMS.', 49.78, 57.7, 16, '2015-10-26', 1),
(1196, 'ANB-CONCPVC', 'CONTRACANASTA FREGADOR PVC 3-1/2 C/CUB.A', 20.74, 24, 16, '2014-07-10', 1),
(1197, 'ANB-CONCPVCT', 'CONTRACANASTA FREGADOR PVC 3 1/2 C A', 23.71, 27.5, 16, '2017-04-17', 1),
(1198, 'ANB-CONLSC', 'CONTRAREJILLA P/LAVABO PVC CON SUPERFICI', 17.77, 33, 16, '2017-10-27', 1),
(1199, 'ANB-CONMTB', 'CONTRACANASTA BAR ACERO INOX 2 1/2 ANBEC', 38.74, 72.77, 16, '2016-12-10', 1),
(1200, 'ANB-CU1017', 'COLADERA UNIVERSAL CROM. P/TUBO DE 4 3', 17.21, 32.33, 16, '2015-07-09', 1),
(1201, 'ANB-CU1020', 'COLADERA UNIVERSAL CROMADA PARA CONEXION', 17.21, 22, 16, '2014-02-21', 1),
(1202, 'ANB-CU618', 'COLADERA UNIVERSAL C/CUB. DE ACERO INOX.', 36.58, 68.72, 16, '2014-02-21', 1),
(1203, 'ANB-CU619L', 'COLADERA UNIVERSAL SUP.CROMADA S.LAT.', 37.66, 70.76, 16, '2017-07-11', 1),
(1204, 'ANB-DESRTA', 'DESVIADOR PARA REGADERA DE TEL PVC ANBEC', 32.28, 60.64, 16, '2016-12-10', 1),
(1205, 'ANB-DPB401', 'DESPACHADOR DE PAPEL PARA SANITARIO BLAN', 193.7, 406.69, 16, '2012-02-27', 1),
(1206, 'ANB-DPRMJ', 'DESPACHADOR DE PAPEL PARA MANOS EN ROLLO', 1155.21, 2170.11, 16, '2015-12-29', 1),
(1207, 'ANB-DPW788A', 'DESPACHADOR DE PAPEL PARA WC JUMBO AC.IN', 538.06, 1129.68, 16, '2015-11-16', 1),
(1208, 'ANB-DPWCJ', 'DESPACHADOR DE PAPEL PARA WC JUMBO HUMO', 204.45, 429.26, 16, '2012-02-27', 1),
(1209, 'ANB-DPWCN', 'DESPACHADOR DE PAPEL PARA WC HUMO', 91.46, 202.14, 16, '2015-11-16', 1),
(1210, 'ANB-ELF1202', 'EXTENSION LAV FREG FLEXIBLE', 50.85, 95.52, 16, '2017-10-27', 1),
(1211, 'ANB-ELF762C', 'EXT PARA LAVABO FREGADOR FLEX PVC SUPER', 32.28, 67.77, 16, '2017-09-25', 1),
(1212, 'ANB-EXTFPVC', 'EXTENCION P/FREGADERO 1-1/2 20CMS ANBEC', 7.25, 15.24, 16, '2017-03-22', 1),
(1213, 'ANB-EXTLM', 'EXTENSION P/LAVABO AC.INOX. 1-1/4X15CMS', 20.44, 42.92, 16, '2014-01-30', 1),
(1214, 'ANB-G27204', 'BARRA DE GANCHOS USOS MULTIPLES', 51.87, 114.63, 16, '2012-02-10', 1),
(1215, 'ANB-HERT', 'HERRAJE PARA TINA', 25.42, 53.38, 16, '2012-02-10', 1),
(1216, 'ANB-J245MD', 'JALADERA MADERA/DORADA', 13.44, 25.25, 16, '2015-07-16', 1),
(1217, 'ANB-J40201', 'JABONERA CROMADA METALICA', 209.84, 394.2, 16, '2015-11-16', 1),
(1218, 'ANB-J4122', 'JABONERA SATIN DE ABS', 112.99, 237.23, 16, '2012-02-27', 1),
(1219, 'ANB-J622N', 'JALADERA NIQUEL 128MM', 13.99, 26.28, 16, '2015-02-12', 1),
(1220, 'ANB-JAB017PV', 'JGO. DE ACCS. P/BANO 7 PZS.PVC JAB017PVC', 92.01, 172.84, 16, '2014-03-12', 1),
(1221, 'ANB-JAB017S', 'JGO. DE ACCS. P/BANO 6 PZS. MET. C/VASO', 191.41, 355.37, 16, '2013-03-21', 1),
(1222, 'ANB-JAB1132C', 'JGO. DE ACCS. P/BANO 6 PZS. CROMADO', 213.34, 396.07, 16, '2013-03-21', 1),
(1223, 'ANB-JAB1133C', 'JGO. DE ACCS. P/BANO 6PZS.CR/DRJAB1133CD', 236.74, 444.74, 16, '2013-03-21', 1),
(1224, 'ANB-JAB1500C', 'JGO. DE ACCS. P/BANO 5PZS. CROMADO', 503.71, 935.16, 16, '2015-07-09', 1),
(1225, 'ANB-JAB1520B', 'JGO. DE ACCS. P/BA¥O 6 PIEZAS N', 1067.28, 2185.25, 16, '2017-11-21', 1),
(1226, 'ANB-JAB3100C', 'JGO. DE ACCS. P/BANO 6PZS. CROMADO', 331.85, 616.1, 16, '2013-03-21', 1),
(1227, 'ANB-JAB3900C', 'JGO.ACCS.P/BANO CRO/SAT.6 JAB3900CS', 559.57, 1174.85, 16, '2015-09-10', 1),
(1228, 'ANB-JAB680BC', 'JGO.ACCS.P/BANO BCO/CRO.6PZAS.JAB6800BC', 583.79, 1225.71, 16, '2014-01-14', 1),
(1229, 'ANB-JAB680BD', 'JGO.ACCS.P/BANO BCO/DOR.6PZAS.JAB6800BD', 645.67, 1355.62, 16, '2014-01-14', 1),
(1230, 'ANB-JM1006', 'JABONERA METALICA CROMO', 56.49, 118.6, 16, '2014-12-20', 1),
(1231, 'ANB-ORB1694', 'ORGANIZADOR P/REGADERA BCO 46.5X25.5X9', 51.55, 95.71, 16, '2017-10-03', 1),
(1232, 'ANB-ORB1696', 'ORGANIZADOR P/REGADERA BCO. 45X26X12', 95.23, 178.89, 16, '2017-10-03', 1),
(1233, 'ANB-PB1001', 'PORTAROLLO SANITARIO BLANCO PB1001', 5.92, 12.43, 16, '2015-07-08', 1),
(1234, 'ANB-PMC789', 'PORTAROLLO METALICO CROMADO', 156.03, 327.6, 16, '2015-02-19', 1),
(1235, 'ANB-PRE300', 'PORTAROLLO PARA EMPOTRAR CROMADO', 172.17, 361.49, 16, '2014-01-14', 1),
(1236, 'ANB-PS1004', 'PORTA ROLLOS DE SEMIEMPOTRAR METALICO', 50.57, 95.01, 16, '2015-11-16', 1),
(1237, 'ANB-R3306', 'REPISA PARA TOALLAS ACERO INOX. CROMADA', 365.88, 808.61, 16, '2012-02-10', 1),
(1238, 'ANB-R5004Z4', 'RESUMIDERO ZINC CROMADO 4X4 R5004Z4', 50.57, 106.19, 16, '2015-07-08', 1),
(1239, 'ANB-RCA1194', 'REJILLA PARA COLADERA DE 3 1/2 A.I.', 23.7, 41.63, 16, '2017-09-28', 1),
(1240, 'ANB-RCA983', 'RESUMIDERO CUADRADO DE ALUMINIO 10X10', 223.29, 468.81, 16, '2015-02-19', 1),
(1241, 'ANB-REB4S', 'REPISA ESQUINERA P/BANO AJUST. 1.8-2.5MT', 322.83, 606.46, 16, '2016-08-11', 1),
(1242, 'ANB-SLR1195', 'SOPORTE PARA LAVABO REFORZADO', 29.59, 55.6, 16, '2015-11-07', 1),
(1243, 'ANB-SOPLM', 'SOPORTE PARA LAVABO METALICO (JUEGO)', 6.18, 7.9, 16, '2015-11-07', 1),
(1244, 'ANB-T5005', 'TUERCA P/CONTRACANSATA DE AJUSTE P/TUBO', 14.8, 26, 16, '2014-01-14', 1),
(1245, 'ANB-TFD1193', 'TRAMPA FLEX PARA FREGADOR DOBLE TARJA', 210.97, 370.52, 16, '2017-10-05', 1),
(1246, 'ANB-TFS1201', 'TRAMPA P/FREG FLEXIBLE TARJA SENCILLA', 117, 205.48, 16, '2017-09-25', 1),
(1247, 'ANB-TL761C', 'TRAMPA P/LAVABO FLEX ACORDEON SUPER', 47.4, 88.01, 16, '2017-09-30', 1),
(1248, 'ANB-TORST', 'TORNILLO DE SUJECCION TAZA/TANQUE METALI', 9.67, 12.3, 16, '2014-07-15', 1),
(1249, 'ANB-TPTUBC11', 'CORTATUBO 1/8 X 1 1/8 CUCHILLA ACERO', 51.11, 112.96, 16, '2015-07-08', 1),
(1250, 'ANB-TRAL1317', 'TRAMPA PARA LAVABO ACERO INOXIDABLE', 127.41, 236.55, 16, '2017-09-30', 1),
(1251, 'ANB-TUBC10P', 'TUBO CON CEJA DE 10 CMS PVC', 2.69, 5.65, 16, '2015-11-07', 1),
(1252, 'ANB-TUBC15M', 'TUBO CON CEJA ACERO INOX. 1-1/2X15CMS.', 11.83, 24.85, 16, '2014-01-14', 1),
(1253, 'ANB-VE987', 'VALV. DE ENTRADA P/SANITARIO', 110.29, 243.76, 16, '2017-09-25', 1),
(1254, 'ANB-VWCP799', 'VALV. PARA WC PROFESIONAL', 64.86, 132.8, 16, '2017-11-04', 1),
(1255, 'FLM-5403', 'SAPO/FLAPPER DESCARGA 3 C/MARCO RIGIDO', 102.2, 167.42, 16, '2017-09-25', 1),
(1256, 'FLM-555C135P', 'COMBO DE REPAR.P/VALVULA DE DESCARGA', 60.59, 99.25, 16, '2017-09-25', 1),
(1257, 'HE1-008', 'CONTRA CANASTA PVC', 25.59, 43.08, 16, '2017-05-27', 1),
(1258, 'HE1-011EXFRE', 'EXTENSION P/FREGADERO BLANCA', 6.22, 10.47, 16, '2017-05-04', 1),
(1259, 'HE1-015MFREG', 'CESPOL P/FREGADERO ACORDEON MULTIF.', 23.25, 28.2, 16, '2017-05-04', 1),
(1260, 'HE1-015MLAV', 'CESPOL P/LAVABO ACORDEON MULTIFORMAS PLU', 28.14, 31.9, 16, '2017-05-27', 1),
(1261, 'HE1-015TARJA', 'CESPOL PARA TARJA ACORDEON MULTIF.', 27.43, 33.3, 16, '2018-04-10', 1),
(1262, 'HE1-017', 'TRAMPA ACORDEON MULTIF.P/LAV.FREG.OTARJA', 14.63, 24.62, 16, '2017-05-04', 1),
(1263, 'HE1-026', 'SAPO BLANCO PARA WC', 9.44, 15.89, 16, '2017-12-20', 1),
(1264, 'HE1-031', 'PORTA ROLLO PVC BLANCO B01', 5.48, 9.22, 16, '2017-05-04', 1),
(1265, 'HE1-095', 'BARRA TOALLERO AJUSTABLE COLOR BLANCO', 14.63, 24.62, 16, '2017-06-15', 1),
(1266, 'HE1-114', 'MANIJA P/ WC BLANCA', 5.85, 9.85, 16, '2017-05-04', 1),
(1267, 'HE1-117', 'VALVULA DE DESCARGA O REBOZADERO', 21.61, 36.37, 16, '2017-06-15', 1),
(1268, 'HE1-142', 'MANIJA METAL CROMADA', 14.58, 24.54, 16, '2017-05-04', 1),
(1269, 'HE1-2220', 'REGADERA SECURI C/BRAZO CROMADO MOD.2220', 40.78, 66.82, 16, '2009-12-21', 1),
(1270, 'HE1-2240', 'SALIDA PARA DOBLE TARJA MOD. 2240', 38.26, 62.69, 16, '2006-03-06', 1),
(1271, 'HE1-2562', 'MANIJA PLASTICA BLANCA P/WC 2562', 5.24, 8.82, 16, '2017-07-14', 1),
(1272, 'HE1-2608', 'JUEGO DE ACCS.P/BANO BOLSA MOD. 2608', 64.88, 106.3, 16, '2009-12-21', 1),
(1273, 'HE1-2643', 'CONTRACANASTA P/FREG. CROMADA MOD. 2643', 22.9, 37.53, 16, '2006-03-06', 1),
(1274, 'HE1-2650', 'BRAZO ACERO P. FREGADERO CROM. MOD. 2650', 27.8, 45.55, 16, '2010-04-14', 1),
(1275, 'HE1-5025', 'REGADERA ESPEJO #4 CROMADA MOD. 5025', 38.26, 62.69, 16, '2013-09-25', 1),
(1276, 'HE1-5250', 'COLADERA UNIVERSAL CROMADA MOD. 5250', 19.12, 31.33, 16, '2013-09-25', 1),
(1277, 'HE1-5255', 'COLADERA UNIVERSAL CROMADA MOD. 5255', 19.12, 31.33, 16, '2013-09-25', 1),
(1278, 'HE1-9688', 'COLADERA CROMADA MOD. 9688/9689/9690', 28.69, 47, 16, '2006-03-06', 1),
(1279, 'HE1-9688C', 'COLADERA CROMADA MOD. 9688/9689/9690CAJA', 31.5, 51.6, 16, '2011-06-06', 1),
(1280, 'HE1-AABF2720', 'ATRAPATODO P/LAVABO TRIPACK F-2720-A', 23.05, 37.76, 16, '2013-07-12', 1),
(1281, 'HE1-ACCE6050', 'CONTRACANASTA PVC C/TUBO PVC E-60501', 31.68, 51.9, 16, '2016-05-04', 1),
(1282, 'HE1-ACCM0850', 'CONTRACANASTA DE A.I. C/TUBO LATON 08500', 63, 103.21, 16, '2016-04-21', 1),
(1283, 'HE1-AHWF2398', 'MANIJA DE BOTON LAT. C/MAN. C/CHAP F2398', 18.99, 31.12, 16, '2016-04-30', 1),
(1284, 'HE1-AHWM9206', 'VALVULA RANA P/WC DE HULE NEGRO M-9206', 12.54, 20.54, 16, '2016-05-11', 1),
(1285, 'HE1-AHWM9220', 'MANIJA PARA WC ECONOMICA CROMADA M-9220', 15.08, 24.71, 16, '2016-04-21', 1),
(1286, 'HE1-BP3017', 'DESAGUE BP3017', 21.22, 34.77, 16, '2015-10-27', 1),
(1287, 'HE1-CHU11211', 'CHUPON PARA LAVABO DE 1-1/2 X 1-1/4', 2.48, 4.06, 16, '2013-08-27', 1),
(1288, 'HE1-CHU2112', 'ADAPTADOR DE HULE P/CESPOL NO.3', 2.13, 3.58, 16, '2005-01-05', 1),
(1289, 'HE1-CHU2114', 'ADAPTADOR DE HULE P/CESPOL NO.2', 4.48, 6.28, 16, '2005-01-05', 1),
(1290, 'HE1-CHU2114C', 'CHUPON PARA LAVABO-CAMPANA 2 X 1-1/4', 2.2, 3.61, 16, '2018-04-28', 1),
(1291, 'HE1-EXFLLFJU', 'EXTENSION FLEX. P/LAV. Y FREG. JUMBO', 28.8, 47.18, 16, '2012-06-27', 1),
(1292, 'HEP-005-1', 'TAPON PARA LAVABO', 7.84, 11.86, 16, '2006-12-06', 1),
(1293, 'HEP-097B', 'PERA DE CONO PERFECTA TRANSPARENTE', 13.12, 22.08, 16, '2017-06-15', 1),
(1294, 'HEP-AHWF544', 'BASE SOPORTE UNIV. DE ALUM. P/LAV. F-544', 44.25, 66.92, 16, '2013-08-13', 1),
(1295, 'HEP-CD-01', 'COLADERA UNIVERSAL C/REJILLA BCA C/TAPET', 15.5, 23.44, 16, '2016-01-12', 1),
(1296, 'HEP-CD-02', 'COLADERA UNIVERSAL C/REJILLA CROM. C/TAP', 25.64, 38.77, 16, '2015-12-17', 1),
(1297, 'HEP-CD-23', 'COLADERA UNIV. C/REJILLA CROM. S/TAPETE', 21.99, 33.25, 16, '2016-01-12', 1),
(1298, 'HEP-FM500', 'SAPITO ECONOMICO FLUIDMASTER', 61.52, 93.04, 16, '2005-01-05', 1),
(1299, 'HEP-FM501', 'PERA BULLS EYE W.C. SUPER', 91.58, 138.48, 16, '2005-01-05', 1),
(1300, 'HEP-FM502', 'PERA DE DESCARGA AJUSTABLE (WC.6LTS)', 103.43, 156.41, 16, '2005-01-05', 1),
(1301, 'HEP-FM681B', 'MANIJA PARA SANITARIO CROMO', 62.1, 93.91, 16, '2005-01-05', 1),
(1302, 'HEP-HN-02', 'JGO. DE VALVULAS Y COMPONENTES P/TANQUE', 68.45, 103.5, 16, '2015-11-16', 1),
(1303, 'HEP-PA02', 'PALANCA BLANCA PARA WC', 5.5, 8.32, 16, '2005-10-05', 1),
(1304, 'HEP-RE-4X4', 'RESUMIDERO DE ALUMINIO 4 X 4', 22, 33.27, 16, '2005-01-05', 1),
(1305, 'HEP-RE-6X6', 'RESUMIDERO DE ALUMINIO 6 X 6', 25.04, 37.87, 16, '2005-01-05', 1),
(1306, 'HEP-RE-8X8', 'RESUMIDERO DE ALUMINIO 8 X 8', 68.76, 103.97, 16, '2016-12-19', 1),
(1307, 'HEP-SL', 'SOPORTE PARA LAVABO DE UNA', 23.28, 49.87, 16, '2005-01-05', 1),
(1308, 'HEP-VD-01', 'VALVULA DE DESCARGA C/SAPO HERMETICO', 19.96, 42.77, 16, '2015-11-16', 1),
(1309, 'HEP-VD-06', 'VALVULA DE DESCARGA DE 3-1/4', 26.32, 56.39, 16, '2015-11-16', 1),
(1310, 'HEP-VF-01', 'VALVULA DE ADMISION DE 8-1/2', 17.31, 37.09, 16, '2015-11-16', 1),
(1311, 'JOF-2PBE714', 'BASURERO BASCULANTE DOBLE SIN ESPAC.G/V', 10053, 20276.6, 16, '2010-03-18', 1),
(1312, 'JOF-AA92126', 'SECADOR SILVER OPTICO INOXIDABLE', 10246.5, 20667, 16, '2010-03-18', 1),
(1313, 'JOF-AC54000', 'JABONERA FUTURA INOX. RELLENABLE', 1317.53, 2657.44, 16, '2010-03-20', 1),
(1314, 'JOF-AC70000', 'JABONERA AITANA NUEVA BLANCA', 547.68, 1104.67, 16, '2010-03-18', 1),
(1315, 'JOF-AC72000', 'JABONERA AITANA NUEVA GRIS', 509.5, 1027.66, 16, '2010-03-18', 1),
(1316, 'JOF-AG15200', 'TOALLERO PALANCA MATIC AZUL', 1370.93, 2765.14, 16, '2010-03-18', 1),
(1317, 'JOF-AI75000', 'DISPENSADOR AMBIENTAL D-108', 631.41, 1273.54, 16, '2010-03-18', 1),
(1318, 'JOF-AKA2015', 'AMBIENTADOR MATIC TE VERDE', 154.17, 310.96, 16, '2010-03-18', 1),
(1319, 'JOF-AV44600', 'BARRA SUJECION RECTA 60CMS. DERECHO', 900.09, 1815.47, 16, '2010-03-18', 1),
(1320, 'JOF-BG88210', 'BASURERO MEDIA LUNA INOX. C/CUBO INT.', 7170.97, 14463.7, 16, '2010-03-18', 1),
(1321, 'JOF-DJ70010', 'JABONERA AITANA LUXE', 582.94, 1175.77, 16, '2010-03-18', 1),
(1322, 'JOF-EI56110', 'PARRILLA TT-15 INOXIDABLE', 5599.83, 11294.7, 16, '2010-03-18', 1),
(1323, 'JOF-IYL1012', 'PAPELERA PEDAL INOX. 12', 1130.63, 2280.45, 16, '2010-03-18', 1),
(1324, 'JOF-LA20002', 'AMBIENTADOR MATIC LAVANDA', 140.17, 282.73, 16, '2010-03-18', 1),
(1325, 'JOF-PBE7131', 'BASURERO BASCULANTE SENCILLO SIN ES', 5291.46, 10672.8, 16, '2010-03-18', 1),
(1326, 'JOF-PH51300', '"PORTAROLLO ALTERA MINI 3"""" BLANCO"""""', 480.14, 968.43, 16, '2010-03-18', 1),
(1327, 'JOF-PH51310', '"PORTAROLLO ALTERA MINI 3"""" TRANSPARENTE"""""', 421.82, 850.8, 16, '2010-03-18', 1),
(1328, 'JOF-PH52300', '"PORTAROLLO ALTERA MAXI 3"""" BLANCO"""""', 687.19, 1386.04, 16, '2010-03-18', 1),
(1329, 'JOF-PH52310', '"PORTAROLLO ALTERA MAXI 3"""" TRANSPARENTE"""""', 654.09, 1319.28, 16, '2010-03-18', 1),
(1330, 'JOF-PI31010', 'TOALLERO Z-600 TABARCA TRANSPARENTE', 516.61, 1041.99, 16, '2010-03-20', 1),
(1331, 'JOF-PT61000', 'TOALLERO PALANCA ALTERA BLANCO', 1336.22, 2695.13, 16, '2010-03-18', 1),
(1332, 'JOF-PT61010', 'TOALLERO PALANCA ALTERA TRANSPARENTE', 1568.21, 3163.04, 16, '2010-03-20', 1),
(1333, 'JOF-PT71010', 'TOALLERO AUTOMATICO TRANSPARENTE', 2600.34, 5244.83, 16, '2010-03-20', 1),
(1334, 'LAI-DLS1003B', 'LAMPARA DE ESCRITORIO DSL-1003 BOC', 348.86, 502.65, 16, '2017-09-26', 1),
(1335, 'LUX-921DT-B', 'DESPACHADOR DE JABON 921DT-B', 102.44, 192.45, 16, '2018-09-24', 1),
(1336, 'LUX-BJL-B23', 'REPISA DE VIDRIO BJL-B23', 49.95, 93.84, 16, '2018-09-24', 1),
(1337, 'MVA-000028', 'TUERCA P/CONTRACAN.DE COMPLETO AJUSTE', 66.48, 134.09, 16, '2013-08-28', 1),
(1338, 'MVA-000973', 'TUERCA P/CONTRACAN.DE AJUSTE P/TUBO CEJA', 54.85, 110.65, 16, '2013-08-28', 1),
(1339, 'MVA-07011', 'SALIDA DE TINA ROMA MURO CROMADA', 562.61, 1134.78, 16, '2010-03-13', 1),
(1340, 'MVA-07650', 'JUEGO DE ACCESORIOS PARA BANO', 308.7, 622.65, 16, '2011-04-29', 1),
(1341, 'MVA-07653', 'JGO. DE ACCS. 5 PZS. DOBLE JABONERA', 276.98, 558.66, 16, '2011-06-24', 1),
(1342, 'MVA-07659', 'JUEGO DE ACCESORIOS PARA BANO DOLPHIN', 745.77, 1504.2, 16, '2010-03-13', 1),
(1343, 'MVA-07663', 'JUEGO DE ACCESORIOS PARA BANO PRISMA', 745.77, 1504.2, 16, '2010-03-13', 1),
(1344, 'MVA-07664', 'JUEGO DE ACCESORIOS PARA BANO FORLI', 745.77, 1504.2, 16, '2010-03-13', 1),
(1345, 'MVA-08500', 'CONTRACANASTA DE ACERO INOXIDABLE C/TUBO', 92.76, 187.11, 16, '2007-05-07', 1),
(1346, 'MVA-08501', 'CONTRACANASTA DE PVC CON TUBO DE PVC', 52.04, 104.97, 16, '2007-05-07', 1),
(1347, 'MVA-08505', 'CONTRACANASTA ACERO INOXIDABLE', 92.71, 187, 16, '2012-01-25', 1),
(1348, 'MVA-13053', 'REPUESTO PARA CONTRACANASTA', 35.45, 71.51, 16, '2005-01-05', 1),
(1349, 'MVA-15095', 'BRIDA PARA CORTINERO DE PVC CROMADO', 25.11, 50.65, 16, '2005-01-05', 1),
(1350, 'MVA-15611', 'JUEGO ENSAMBLE P/REGADERA SOLDABLE', 206.45, 416.41, 16, '2006-06-06', 1),
(1351, 'MVA-15612', 'JUEGO ENSAMBLE P/REGADERA ROSCABLE', 229.05, 461.99, 16, '2005-01-05', 1),
(1352, 'MVA-15617', 'JUEGO ENSAMBLE P/REGADERA SOLDABLE', 206.45, 416.41, 16, '2010-08-30', 1),
(1353, 'MVA-15618', 'JUEGO ENSAMBLE P/REGADERA ROSCABLE', 229.05, 461.99, 16, '2010-08-30', 1),
(1354, 'MVA-27107', 'TUBO DE FIERRO PARA CONTRACANASTA', 14.02, 28.28, 16, '2006-05-06', 1),
(1355, 'MVA-27108', 'CHAPETON FIERRO CROMADO', 5.65, 11.39, 16, '2005-01-05', 1),
(1356, 'MVA-27109', 'BRAZO PARA REGADERA FIERRO CROMADO', 22.39, 45.16, 16, '2005-01-05', 1),
(1357, 'MVA-27111', 'EXTENSION DE FIERRO PARA LAVABO DE 15CMS', 23.3, 46.99, 16, '2005-01-05', 1),
(1358, 'MVA-27114', 'EXTENSION PARA CESPOL DE FREGADERO 15CMS', 36.08, 72.77, 16, '2005-01-05', 1),
(1359, 'MVA-27308', 'BRAZO FIERRO CROM.P/REGADERA LARGO C/CHA', 78.04, 157.41, 16, '2010-03-18', 1),
(1360, 'MVA-27309', 'BRAZO FIERRO CROM.P/REG.RECTO37CM.C/CHAP', 66.01, 133.15, 16, '2010-03-18', 1),
(1361, 'MVA-27310', 'BRAZO P/REG.FIERRO CROMADO 55CM.ANG.RECT', 75.11, 151.5, 16, '2010-03-18', 1),
(1362, 'MVA-27311', 'BRAZO P/REG.FIERRO CROMADO 40CM.ANG.RECT', 63.81, 128.71, 16, '2010-03-18', 1),
(1363, 'MVA-27312', 'BRAZO P/REG.FIERRO CROMADO 40CM.ANG.45', 48.1, 97.03, 16, '2010-03-18', 1),
(1364, 'MVA-305', 'TOALLERO CON BARRA DE ALUMINIO ACABADO C', 398.28, 803.33, 16, '2007-11-27', 1),
(1365, 'MVA-30501', 'JUEGO DE ACCESORIOS TOLEDO CROMADO', 508.91, 1026.46, 16, '2010-03-13', 1),
(1366, 'MVA-31321', 'JUEGO DE ACCESORIOS NOVARA COMPACTO', 593.3, 1196.68, 16, '2010-03-13', 1),
(1367, 'MVA-3209', 'EXTENSION PARA CESPOL', 63.42, 127.92, 16, '2005-01-05', 1),
(1368, 'MVA-35041', 'JUEGO DE ACCESORIOS ESPANA CROMO COMP.', 460.33, 928.49, 16, '2010-03-13', 1),
(1369, 'MVA-37001', 'FILTRO PURIFICADOR DE AGUA', 730.37, 1473.14, 16, '2010-05-27', 1),
(1370, 'MVA-3800', 'CONTRA REJILLA FREGADERO CON TUBO', 26.42, 53.29, 16, '2011-10-24', 1),
(1371, 'MVA-3811', 'CONTRACANASTA ACERO INOXIDABLE PARA FREG', 67.08, 135.3, 16, '2005-01-05', 1),
(1372, 'MVA-4052', 'JUEGO DE LLAVES INDIV. ROSC. CON MAN. Y', 319.67, 644.76, 16, '2005-01-05', 1),
(1373, 'MVA-48-01', 'FLOTADOR COBRIZADO DEL No. 4', 23.22, 46.84, 16, '2010-07-07', 1),
(1374, 'MVA-48-02', 'FLOTADOR COBRIZADO DEL No. 5', 29.45, 59.41, 16, '2005-01-05', 1),
(1375, 'MVA-48-03', 'FLOTADOR COBRIZADO DEL No. 6', 32.98, 66.52, 16, '2005-01-05', 1),
(1376, 'MVA-4814', 'CONTRACANASTA ACERO INOXIDABLE', 74.62, 150.51, 16, '2005-01-05', 1),
(1377, 'MVA-50002', 'BOTE BASURERO DE 5 LTS. ACERO INOXIDABLE', 457.51, 922.79, 16, '2010-03-14', 1),
(1378, 'MVA-50004', 'CEPILLERO W.C. ACERO INOXIDABLE', 300.67, 606.44, 16, '2010-03-14', 1),
(1379, 'MVA-70001', 'TOALLERO CON GANCHOS MULTIPLES CROMADO', 276.79, 558.29, 16, '2010-03-14', 1),
(1380, 'MVA-70010', 'REPISA SENCILLA', 287.24, 579.36, 16, '2010-03-14', 1),
(1381, 'MVA-70020', 'REPISA RECTA TRIPLE', 781.3, 1575.87, 16, '2010-03-14', 1),
(1382, 'MVA-70040', 'REPISA DOBLE', 839.8, 1693.87, 16, '2010-03-14', 1),
(1383, 'MVA-70051', 'KIT PORTACEPILLERO PARA EMPOTRAR', 335.3, 676.29, 16, '2010-05-27', 1),
(1384, 'MVA-70110', 'DISPENSADOR SENCILLO CROMADO', 163.6, 329.99, 16, '2010-03-13', 1),
(1385, 'MVA-70120', 'DISPENSADOR DOBLE CROMADO', 194.76, 392.83, 16, '2010-03-13', 1),
(1386, 'MVA-70130', 'DISPENSADOR DUAL BLANCO', 297.01, 599.07, 16, '2010-03-13', 1),
(1387, 'MVA-70140', 'DISPENSADOR DUAL CROMADO', 1013.21, 2043.62, 16, '2010-03-14', 1),
(1388, 'MVA-70200', 'TENDEDERO RETRACTIL LATON CROMADO', 202.17, 407.78, 16, '2011-04-29', 1),
(1389, 'MVA-70210', 'REPISA RECTA SATIN 35CMS.', 328.22, 662.02, 16, '2010-05-27', 1),
(1390, 'MVA-70220', 'GANCHO TRIPLE LATON CROMADO', 168.16, 339.19, 16, '2010-03-14', 1),
(1391, 'MVA-80000', 'BARRA DE SUJECION RECTA LATON CROMADO', 493.02, 994.41, 16, '2010-03-14', 1),
(1392, 'MVA-80100', 'BARRA DE SEGURIDAD ANGULAR CON JABONERA', 637.16, 1285.14, 16, '2011-04-14', 1),
(1393, 'MVA-95602', 'JGO. ENSAMBLE COMPLETO ROSC.C/MAN.Y CHAP', 284.13, 573.09, 16, '2010-12-24', 1),
(1394, 'MVA-99244', 'BRAZO DE REGADERA EGIPTO', 321.71, 648.89, 16, '2010-03-13', 1),
(1395, 'MVA-99248', 'BRAZO DE REGADERA RIGA LATON CROMADO', 397.97, 802.7, 16, '2010-03-13', 1),
(1396, 'MVA-99400', 'CUBIERTA PARA MONOMANDO', 160.67, 324.08, 16, '2010-05-27', 1),
(1397, 'MVA-ABP', 'ACCESORIOS PARA BANO 5 PZAS. PLAST. CROM', 200.41, 404.22, 16, '2007-06-27', 1),
(1398, 'MVA-ACCF2301', 'BRAZO DE PVC RIGIDO P/FREG. 30CMS.F-2301', 16.35, 32.98, 16, '2013-07-26', 1),
(1399, 'MVA-ACCF2502', 'CONTRACANASTA A.I. Y ABS C/TUBO F-2502-A', 59.61, 120.24, 16, '2013-07-12', 1),
(1400, 'MVA-ALLIFMO1', 'LLAVE LATON P/FREG.TIPO T M-1412', 92.75, 187.08, 16, '2016-07-06', 1),
(1401, 'MVA-AMAF2418', 'CHAPETON ANTIGUO PARA REGADERA F-2418', 28.04, 56.56, 16, '2013-07-12', 1),
(1402, 'MVA-AMAM1467', 'JGO.MANERAL REGADERA HUMO ACRI.M-14675', 168.41, 339.68, 16, '2016-07-14', 1),
(1403, 'MVA-AREF2420', 'REGADERITA P/FREGADERO F-2420', 9.97, 20.12, 16, '2016-07-06', 1),
(1404, 'MVA-AREM1382', 'CRUCETA CROMADA P/REGADERA TELEFONO M-13', 43.54, 87.83, 16, '2016-07-06', 1),
(1405, 'MVA-BP3003', 'COLADERA BP3003', 47.53, 75.05, 16, '2015-10-01', 1),
(1406, 'MVA-BRAZOABS', 'BRAZO ABS', 17.68, 27.93, 16, '2009-08-11', 1),
(1407, 'MVA-C-4052', 'JUEGO COMPLETO LLAVE EMPOTRAR ROSCABLE', 329.02, 519.49, 16, '2010-09-09', 1),
(1408, 'MVA-CHAPETON', 'CHAPETON ABS', 4.45, 7.03, 16, '2009-08-11', 1),
(1409, 'MVA-CHLLEMRU', 'JGO. CHAPETON P/LLAVE EMP. UNIV. RUGO', 77.32, 122.08, 16, '2012-06-27', 1),
(1410, 'MVA-F4200', 'MEZCLADORA PARA LAVABO F4200', 223.74, 353.27, 16, '2012-10-24', 1),
(1411, 'MVA-F8200', 'MEZCLADORA PARA FREGADERO F8200', 385.35, 608.44, 16, '2012-10-24', 1),
(1412, 'MVA-F8204', 'MEZCLADORA PARA FREGADERO F8204', 273.45, 431.76, 16, '2012-10-24', 1),
(1413, 'MVA-FLOTA4', 'FLOTADOR DE COBRE No. 4 A.P.', 58.37, 104.43, 16, '2005-01-05', 1),
(1414, 'MVA-FLOTA5', 'FLOTADOR DE COBRE No. 5 A.P.', 40.01, 71.59, 16, '2005-01-05', 1),
(1415, 'MVA-FLOTA8', 'FLOTADOR DE COBRE No. 8 VARILLA DE 5/16', 226.16, 404.62, 16, '2006-02-06', 1),
(1416, 'MVA-FLOTA8A', 'FLOTADOR DE COBRE No. 8 VARILLA DE 3/8', 258.48, 462.43, 16, '2005-01-05', 1),
(1417, 'MVA-FLOTAS', 'FLOTADOR DE COBRE', 113.57, 203.18, 16, '2009-12-15', 1),
(1418, 'MVA-TCATC', 'TUERCA P/CONTRACANASTA DE AJUSTE P/TUBO', 14.91, 24.36, 16, '2013-09-12', 1),
(1419, 'MVA-TCM', 'TUBO CEJA METALICO', 15.03, 24.55, 16, '2013-09-12', 1),
(1420, 'MVA-TORNIAF', 'TORNILLO ACOPLAR DE FIERRO (TAZA-TANQUE)', 3.56, 5.82, 16, '2005-01-05', 1),
(1421, 'MVA-ZHY109', 'LLAVE ANGULAR DE 1/2 X 1/2 (MH) ZAMAC', 23.77, 38.82, 16, '2011-08-09', 1),
(1422, 'MYT-00-55041', 'MONTABLE DE REMATE', 76.06, 119.81, 16, '2015-12-22', 1),
(1423, 'NB-MEZL4009', 'MEZCLADORS', 1.16, 106.25, 16, '2014-06-26', 1),
(1424, 'PIP-042-ABTO', 'ABRAZADERA PVC 2', 8.95, 13.53, 16, '2015-03-02', 1),
(1425, 'PIP-046-ABTO', 'ABRAZADERA PVC 3', 11.37, 17.19, 16, '2015-03-02', 1),
(1426, 'RP1-FLOPVF4', 'FLOTADOR POLIURETANO 4 VARILLA FIERRO', 17.18, 28.92, 16, '2014-09-19', 1),
(1427, 'RP1-FLOPVF5', 'FLOTADOR POLIURETANO 5 VARILLA FIERRO', 21.93, 36.91, 16, '2014-09-19', 1),
(1428, 'RP1-FLOPVF6', 'FLOTADOR POLIURETANO 6 VARILLA FIERRO', 31.8, 53.53, 16, '2014-09-19', 1),
(1429, 'RP1-FLOPVF8', 'FLOTADOR POLIURETANO 8 VARILLA FIERRO', 87.41, 138.55, 16, '2014-09-19', 1),
(1430, 'RP1-FLOPVTN4', 'FLOTADOR POLIURETANO #4 VARILLA TROPIC.', 23.56, 37.34, 16, '2010-06-29', 1),
(1431, 'RP1-FLOPVTN5', 'FLOTADOR POLIURETANO #5 VARILLA TROPIC.', 6.57, 11.07, 16, '2006-10-06', 1),
(1432, 'RP1-FLOPVTN6', 'FLOTADOR POLIURETANO #6 VARILLA TROPIC.', 8.04, 13.53, 16, '2006-10-06', 1),
(1433, 'RP1-FLOPVTN8', 'FLOTADOR POLIURETANO #8 VARILLA TROPIC.', 87.37, 138.49, 16, '2006-10-06', 1),
(1434, 'TOO-TC2270', 'PALANCA PARA WC EN ZINC ACABADO CROMO', 11.43, 23.44, 16, '2008-09-27', 1),
(1435, 'TOO-TC2272', 'RESUMIDERO DE ZINC DE 4 X 4', 55.4, 94.69, 16, '2008-09-27', 1),
(1436, 'TOO-TC2273', 'RESUMIDERO DE ZINC DE 4 X 4', 55.4, 142.02, 16, '2008-09-27', 1),
(1437, 'TOO-TC2280', 'CONTRA TANQUE BAJO DE BRONCE', 147.52, 378.18, 16, '2008-09-27', 1),
(1438, 'TOO-TC2284', 'CONTRACANASTA DE DERLIN Y ACER0', 52.41, 89.59, 16, '2008-09-27', 1),
(1439, 'TOO-TC2744', 'CONTROL METALICO PARA APARATO DE AIRE', 179.9, 307.51, 16, '2008-09-27', 1),
(1440, 'TOO-TC3154', 'BRAZO DE LATON CON CHAPETON', 36.93, 68.86, 16, '2008-09-27', 1),
(1441, 'TOO-TC3156', 'RESUMIDERO DE ZINC 3 1/2X2', 45.27, 84.41, 16, '2008-09-27', 1),
(1442, 'TOO-TC3164', 'SAPITO PARA TANQUE DE WC DE HULE', 9.05, 16.87, 16, '2008-09-27', 1),
(1443, 'TOO-TC3168', 'CONTRACANASTA CON TUBO DE PLASTICO', 23.52, 40.21, 16, '2008-09-27', 1),
(1444, 'TOO-TC3915', 'RESUMIDERO UNIVERSAL PLASTICO C/TAPA CRO', 26.5, 45.3, 16, '2015-06-30', 1),
(1445, 'TPH-C4CBD101', 'BRIDA PVC HCA CEM C-40 DE 4', 87.67, 176.83, 16, '2016-05-11', 1),
(1446, 'ADI-4802', 'MINI CALENTADOR Y VENTILADOR 2 EN 1', 297.1, 578.73, 16, '2014-11-22', 2),
(1447, 'ADI-4803', 'MINI CALENT Y VENT. C/MOV. OSC. 2 EN 1', 509.92, 993.28, 16, '2014-11-22', 2),
(1448, 'ADI-4811', 'CALEFACTOR ELEC T/PANEL CONV. C/TERMOSTA', 616, 988.17, 16, '2014-11-22', 2),
(1449, 'ANB-CGR03', 'ART.OBSOLETO', 1948.54, 3422.07, 16, '2012-02-10', 2),
(1450, 'ANB-TA1187', 'TERMOSTATO AUTOMATICO SIN CONEXIONES', 325.93, 572.41, 16, '2015-12-18', 2),
(1451, 'ANB-TPGN766', 'TERMOPAR PARA GAS NATURAL COBRE', 66.96, 117.61, 16, '2017-03-22', 2),
(1452, 'ANB-TPLPG765', 'TERMOPAR PARA GAS LPG COBRE', 66.97, 77.7, 16, '2017-03-22', 2),
(1453, 'BLT-010BOIL2', 'BOILER DE LENA DEL NUMERO 2 DE 40LTS.(FL', 548.53, 884.31, 16, '2005-01-05', 2),
(1454, 'BLT-020BOIL3', 'BOILER DE LENA DEL NUMERO 3 DE 60LTS.', 609.47, 982.56, 16, '2005-01-05', 2),
(1455, 'BLT-030BOIL4', 'BOILER DE LENA DEL NUMERO 4 DE 80LTS.', 464.3, 789.68, 16, '2006-10-06', 2),
(1456, 'BYC-01BYC009', 'TERMOPAR PILOTO UNA GAS L.P. C/C 24', 46.65, 78.17, 16, '2005-01-05', 2),
(1457, 'BYC-025CDP06', 'BOILER CINSA DE PASO 6 LTSXMIN (OFERTA)', 2112.74, 2982.94, 16, '2005-01-05', 2),
(1458, 'BYC-027CDP09', 'BOILER CINSA DE PASO 9 LTSXMIN (OFERTA)', 2917.53, 4118.87, 16, '2005-01-05', 2),
(1459, 'BYC-02GASNAT', 'TERMOPAR PILOTO UNA GAS NATURAL C/C 24', 45.55, 76.31, 16, '2005-01-05', 2),
(1460, 'BYC-207224', 'BOILER IUSA D\'PASO TERMOPOW.CP-5 LP 5L/M', 1332.8, 1881.83, 16, '2011-11-24', 2),
(1461, 'BYC-366191', 'BOILER IUSA D\'PASO TERMOPOW.RR-5 5LLP(OF', 1390.91, 1962.9, 16, '2008-10-20', 2),
(1462, 'BYC-372488', 'DIFUSOR COMPACTO PARA CALENTADOR (GORRO)', 43.28, 61.08, 16, '2014-12-24', 2),
(1463, 'BYC-374223', 'BOILER IUSA LINEA PRIM-O 60L. GAS LP(OFE', 1823.38, 3000.98, 16, '2010-10-02', 2),
(1464, 'BYC-374225', 'BOILER IUSA LINEA PRIM-O 80L. GAS LP(OFE', 2050.21, 3609.23, 16, '2010-10-02', 2),
(1465, 'BYC-377144', 'BOILER IUSA LINEA PRIM-O 40L. GAS LP', 1316.59, 2279.89, 16, '2010-10-02', 2),
(1466, 'BYC-377145', 'BOILER IUSA AUT. GAS NAT. 40L PRIMO(OFER', 1275.37, 2026.7, 16, '2008-11-05', 2),
(1467, 'BYC-399312', 'TERMOSTATO AUTOMATICO COMPLETO IUSATROL', 251.37, 354.77, 16, '2005-01-05', 2),
(1468, 'BYC-495066', 'TERMOSTATO AUTOMATICO S/ACCS. IUSATROL', 253.23, 312.9, 16, '2005-01-05', 2),
(1469, 'BYC-7RSEM', 'CALEFACTOR SEMI-AUTOMATICO 7 RADIANTES', 883.74, 1247.22, 16, '2005-10-05', 2),
(1470, 'BYC-C101', 'BOILER CINSA CLASSIC C101 LP(OFERTA)', 1801.15, 2543.01, 16, '2015-10-29', 2),
(1471, 'BYC-C101N', 'BOILER CINSA CLASSIC C101 NAT(OFERTA)', 1801.15, 2543.01, 16, '2015-10-29', 2),
(1472, 'BYC-C302', 'BOILER CINSA CLASSIC C302 LP(OFERTA)', 2938.67, 4149.21, 16, '2015-10-29', 2),
(1473, 'BYC-C302N', 'BOILER CINSA CLASSIC C302 NAT(OFERTA)', 2938.67, 4149.21, 16, '2015-10-29', 2),
(1474, 'BYC-C403', 'BOILER CINSA CLASSIC C403 LP(OFERTA)', 3592.73, 5072.69, 16, '2015-10-29', 2),
(1475, 'BYC-C403N', 'BOILER CINSA CLASSIC C403 NAT(OFERTA)', 3592.73, 5072.69, 16, '2015-10-29', 2),
(1476, 'BYC-CA002', 'CALEFACTOR 2 RADIANTES PISO PARED LP IE2', 1057.07, 1491.85, 16, '2015-12-16', 2),
(1477, 'BYC-CA004', 'CALEFACTOR 3 RADIANTES PISO PARED LP IP3', 1506.77, 2126.51, 16, '2015-12-16', 2),
(1478, 'BYC-CA006', 'CALEFACTOR 5 RADIANTES PISO PARED LP IP5', 2266, 3198, 16, '2015-12-16', 2),
(1479, 'BYC-CA007', 'CALEFACIR 3 RADIANTES PORTATIL LP IT3', 1524.3, 2151.24, 16, '2015-12-16', 2),
(1480, 'BYC-CC201', 'BOILER CINSA CLASSIC CC201 LP 72LTS(OFER', 2532.9, 3575.86, 16, '2005-09-05', 2),
(1481, 'BYC-CC201N', 'BOILER CINSA CLASSIC CC201 NAT(OFERTA)', 2532.9, 3575.86, 16, '2015-10-29', 2),
(1482, 'BYC-CDP-06LP', 'BOILER CINSA CDP-06-FL GAS LP', 2112.74, 2982.94, 16, '2016-10-06', 2),
(1483, 'BYC-CDP-09LP', 'BOILER CINSA CDP-09 LP', 2917.53, 4118.87, 16, '2016-10-06', 2),
(1484, 'BYC-CIE-0612', 'BOILER CINSA ELECTRICO CIE-06 127V 2.2', 1674.04, 2363.36, 16, '2016-09-30', 2),
(1485, 'BYC-CIE-1012', 'BOILER CINSA ELECTRICO CIE-10 127V 2.2KW', 2073.05, 2927.25, 16, '2015-10-30', 2),
(1486, 'BYC-CIE-1022', 'BOILER CINSA ELECTRICO CIE-10 220V 4.0KW', 1873.49, 2645.45, 16, '2015-10-30', 2),
(1487, 'BYC-CIE-1512', 'BOILER CINSA ELECTRICO CIE-15 127V 2.2KW', 2155.57, 3043.51, 16, '2015-10-30', 2),
(1488, 'BYC-CIE-1522', 'BOILER CINSA ELECTRICO CIE-15 220V 4.0KW', 2155.57, 3043.51, 16, '2015-10-30', 2),
(1489, 'BYC-CIN06', 'BOILER CINSA INSTANTANEO CIN-06 A LP(OFE', 1319.34, 1862.75, 16, '2016-09-17', 2),
(1490, 'BYC-CIN06BLP', 'BOILER CINSA INSTANTANEO CIN-06 B LP(OFE', 1319.34, 1862.75, 16, '2016-10-24', 2),
(1491, 'BYC-CIN11A', 'BOILER CINSA INSTANTANEO CIN-11 A LP(OFE', 2128.43, 3005.19, 16, '2015-10-30', 2),
(1492, 'BYC-CIN11AN', 'BOILER CINSA INSTANTANEO CIN-11 A NAT(OF', 2128.43, 3005.19, 16, '2015-10-30', 2),
(1493, 'BYC-CL151', 'BOILER CINSA CLASSIC CL151 LP 62LTS(OFER', 2196.72, 3101.5, 16, '2005-09-05', 2),
(1494, 'BYC-CL151N', 'BOILER CINSA CLASSIC CL151 NAT(OFERTA)', 2196.72, 3101.5, 16, '2015-10-29', 2),
(1495, 'BYC-CPAIPH', 'CALENTADOR DE PATIO DE ACERO INOXIDABLE', 2784.92, 3428.11, 16, '2015-06-02', 2),
(1496, 'BYC-CPAIPPH', 'CALENTADOR DE PATIO AC. INOX. PIRAMIDAL', 5046.51, 6212.01, 16, '2015-06-02', 2),
(1497, 'BYC-CPAPH', 'CALENTADOR DE PATIO DE ACERO', 2111.73, 3442.12, 16, '2015-06-02', 2),
(1498, 'BYC-EC12000L', 'BOILER DE PASO GAXECO GAS LP ECO12000LP', 2208.42, 4681.85, 16, '2010-11-18', 2),
(1499, 'BYC-EC12000N', 'BOILER DE PASO GAXECO GAS NAT. ECO12000N', 2206.42, 3113.92, 16, '2010-11-18', 2),
(1500, 'BYC-ECO6000L', 'BOILER DE PASO GAS WATER HEATER LP BPD', 1289.25, 1915.06, 16, '2010-10-09', 2),
(1501, 'BYC-ECO6000N', 'BOILER DE PASO GAXECO GAS NAT. ECO6000N', 962.78, 2093.62, 16, '2010-10-14', 2),
(1502, 'BYC-G10-LP', 'BOILER CALOREX G 10 GAS LP(OFERTA)', 2872.46, 4055.57, 16, '2005-01-05', 2),
(1503, 'BYC-G10-NAT', 'BOILER CALOREX G 10 GAS NAT(OFERTA)', 2872.46, 4055.57, 16, '2015-10-29', 2),
(1504, 'BYC-G15-NAT', 'BOILER CALOREX G 15 GAS NAT(OFERTA)', 3687.79, 5206.71, 16, '2015-10-29', 2),
(1505, 'BYC-G15P-LP', 'BOILER CALOREX G 15 POP GAS LP(OFERTA)', 3687.79, 5206.71, 16, '2005-01-05', 2),
(1506, 'BYC-G20-LP', 'BOILER CALOREX G 20 GAS LP(OFERTA)', 4530.69, 6396.27, 16, '2005-01-05', 2),
(1507, 'BYC-G20-NAT', 'BOILER CALOREX G 20 GAS NAT(OFERTA)', 4530.69, 6396.27, 16, '2015-10-29', 2),
(1508, 'BYC-G30-LP', 'BOILER CALOREX G 30 GAS LP(OF)', 4893.67, 6910.1, 16, '2005-01-05', 2),
(1509, 'BYC-G30-NAT', 'BOILER CALOREX G 30 GAS NAT(OF)', 4893.67, 6910.1, 16, '2015-10-29', 2),
(1510, 'BYC-G40-LP', 'BOILER CALOREX G 40 GAS LP(OF)', 5689.62, 8033.35, 16, '2005-01-05', 2),
(1511, 'BYC-G40-NAT', 'BOILER CALOREX G 40 GAS NAT(OF)', 5689.62, 8033.35, 16, '2016-09-02', 2),
(1512, 'BYC-G60-LP', 'BOILER CALOREX G 60 GAS LP(OFERTA)', 7844.02, 11076.5, 16, '2016-09-28', 2),
(1513, 'BYC-G60-NAT', 'BOILER CALOREX G 60 GAS NAT', 7844.02, 11076.5, 16, '2016-10-31', 2),
(1514, 'BYC-HD20LTS', 'BOILER HESA DUPLEX DE 20 LTS', 11154.8, 15749.3, 16, '2016-12-15', 2),
(1515, 'BYC-HE-H224', 'CALEFACTOR HALOG. HE-H-224', 642.38, 906.6, 16, '2016-06-30', 2),
(1516, 'BYC-IR2F', 'PAQUETE CALEF.INFRA. 3RADIANTES Y TANQUE', 2084.68, 2919.18, 16, '2006-12-06', 2),
(1517, 'BYC-IR3MP', 'CALEFACTOR MOVIL 3 PLACAS MOD.IR3MPBPD', 1163.27, 1154.2, 16, '2006-12-06', 2),
(1518, 'BYC-LHGH113', 'CALEFECTOR GAS LH-GH-118 BE-MAK', 895.09, 1263.24, 16, '2016-06-30', 2),
(1519, 'BYC-OI05B', 'BOILER OPTIMUS INSTANTANEO OI-05 B LP(OF', 1045.78, 1476.4, 16, '2015-10-30', 2),
(1520, 'BYC-OI05BN', 'BOILER OPTIMUS INSTANTANEO OI-05 B NAT(O', 1045.78, 1476.4, 16, '2015-10-30', 2),
(1521, 'BYC-OR-10LP', 'BOILER OPTIMUS OR-10 LP(OFERTA)', 1160.82, 1638.41, 16, '2015-10-29', 2),
(1522, 'BYC-OR-10NAT', 'BOILER OPTIMUS OR-10 NAT(OFERTA)', 1160.82, 1638.41, 16, '2015-10-29', 2),
(1523, 'CO1-A2', 'VALVULA DE SEGURIDAD 1/4', 23.04, 36.37, 16, '2005-01-05', 2),
(1524, 'CO2-VS', 'VALVULA DE SEGURIDAD', 43.52, 68.71, 16, '2005-01-05', 2),
(1525, 'HPO-MUNCP6L', 'CALENTADOR DE PASO 6 LITROS GAS LP CP-6L', 1265.35, 1772.04, 16, '2018-11-20', 2),
(1526, 'HPO-MUNCS121', 'CALENTADOR SOLAR PRES. 120LTS. CS-1212', 4152.77, 6355.84, 16, '2018-11-20', 2),
(1527, 'ITS-03-EH460', 'CALEFACTOR NORTHMAN 1500W. EH-4608', 257.59, 422.02, 16, '2011-01-07', 2),
(1528, 'ITS-03-GBMAI', 'CALEFACTOR DE CUARZO GBM-AI39', 408.83, 572.53, 16, '2018-12-18', 2),
(1529, 'ITS-03-HEH22', 'CALEFACTOR HALOGENO OSCILATORIO HEH224', 357.93, 586.41, 16, '2010-01-01', 2),
(1530, 'ITS-03-HEH23', 'CALEFACTOR HALOGENO ELECTRICO HEH223', 308.28, 505.06, 16, '2011-01-07', 2),
(1531, 'ITS-03-HEH28', 'CALEFACTOR HALOGENO OSCILATORIO HEH228', 308.28, 505.06, 16, '2011-01-07', 2),
(1532, 'ITS-03-JNSB8', 'CALEFACTOR HALOGENO MODELO JNSB-80L4', 371.64, 520.4, 16, '2018-11-12', 2),
(1533, 'ITS-03-JNSB9', 'CALEFACTOR HALOGENO MODELO JNSB-99Y', 684.37, 958.32, 16, '2018-11-14', 2),
(1534, 'ITS-03-QNQ12', 'CALEFACTOR ELECTRICO DE 1200W. QNQ-1200', 279.05, 625, 16, '2014-09-12', 2),
(1535, 'ITS-03-QNQ20', 'CALEFACTOR ELECTRICO DE  800W. QNQ-2001', 658.61, 1329.26, 16, '2014-09-12', 2),
(1536, 'ITS-03-RC150', 'CALEFACTOR DE CERAMICA MOD. RC-1502', 661.2, 833.38, 16, '2017-11-17', 2),
(1537, 'ITS-03-RCA01', 'CALEFACTOR 2000W MOD. RC-A01', 219.71, 306.58, 16, '2017-11-17', 2),
(1538, 'ITS-03-RS100', 'CALENTADOR SOLAR GRAV. 100L RS-100/8G', 2881.33, 4285.12, 16, '2014-12-15', 2),
(1539, 'ITS-03-RS120', 'CALENTADOR SOLAR GRAV. 120L RS-120/10G', 3103.04, 5083.19, 16, '2015-03-24', 2),
(1540, 'ITS-03-RS150', 'CALENTADOR SOLAR GRAV. 150L RS-150/13G', 3708.27, 6074.63, 16, '2014-12-15', 2),
(1541, 'ITS-03-RS180', 'CALENTADOR SOLAR GRAV. 180L RS-180/16G', 4395.25, 7199.99, 16, '2015-03-24', 2),
(1542, 'ITS-03-RS200', 'CALENTADOR SOLAR GRAV. 200L RS-200/18G', 5625.93, 9216, 16, '2015-03-24', 2),
(1543, 'ITS-03-RS240', 'CALENTADOR SOLAR GRAV. 240L RS-240/22G', 6563.58, 10752, 16, '2015-03-24', 2),
(1544, 'ITS-03-RSP10', 'CALENTADOR SOLAR PRES. 100L RSP-100/8P', 5859.36, 9598.39, 16, '2015-03-24', 2),
(1545, 'ITS-03-RSP12', 'CALENTADOR SOLAR PRES. 120L RSP-120/10P', 6186.2, 9744.39, 16, '2014-12-15', 2),
(1546, 'ITS-03-RSP15', 'CALENTADOR SOLAR PRES. 150L RSP-150/13P', 7573.42, 12406.2, 16, '2015-03-24', 2),
(1547, 'ITS-03-RSP20', 'CALENTADOR SOLAR PRES. 200L RSP-200/16P', 12732.6, 20857.6, 16, '2015-03-24', 2),
(1548, 'ITS-03-RSP24', 'CALENTADOR SOLAR PRES. 240L RSP-240/20P', 13502.2, 22118.4, 16, '2015-03-24', 2),
(1549, 'ITS-03-RSP30', 'CALENTADOR SOLAR PRES. 300L RSP-300/25P', 14650.8, 24000, 16, '2015-03-24', 2),
(1550, 'ITS-03-UHH10', 'CALEFACTOR HALOGENO  800 WATTS UHH-10', 321, 525.9, 16, '2012-12-07', 2),
(1551, 'ITS-03-UHH12', 'CALEFACTOR HALOGENO 1200 WATTS UHH-12', 524.98, 860.1, 16, '2012-12-07', 2),
(1552, 'ITS-03-UWF18', 'CALEFACTOR DE PARED 1500 WATTS KPT-5201L', 965.16, 1390.63, 16, '2012-12-07', 2),
(1553, 'TUG-131', 'PERILLA P/BOILER LENISCO', 8.77, 14.77, 16, '2017-05-04', 2),
(1554, 'ADI-185-A', 'BOMBA ELEVADORA DE 1/2HP ADIR', 371.74, 724.12, 16, '2013-07-16', 3),
(1555, 'AKS-111104', 'BROCHA 2 PROFESIONAL', 13.52, 26.43, 16, '2016-03-10', 3),
(1556, 'AKS-111106', 'BROCHA 6 PROFESIONAL', 23.04, 45.03, 16, '2016-03-10', 3),
(1557, 'AKS-111107', 'BROCHA 4 PROFESIONAL', 40.58, 79.3, 16, '2016-03-10', 3),
(1558, 'AKS-111108', 'BROCHA 5 PROFESIONAL', 50.1, 97.9, 16, '2016-03-10', 3),
(1559, 'AKS-111109', 'BROCHA 6 PROFESIONAL', 65.13, 127.28, 16, '2016-03-10', 3),
(1560, 'AKS-191301', 'BOMBA SUMERGIBLE AGUA LIMPIA/SUCIA', 1202.44, 1742.66, 16, '2016-03-10', 3),
(1561, 'AKS-191302', 'BOMBA SUMERGIBLE AGUA LIMPIA 1/2HP', 951.93, 1379.6, 16, '2016-04-29', 3),
(1562, 'AKS-191303', 'BOMBA SUMERGIBLE AGUA SUCIA-PRO', 1002.04, 1452.22, 16, '2016-09-03', 3),
(1563, 'AKS-191322', 'BOMBA PERIFERICA 3/4 HP 600W PRO', 1202.44, 1742.66, 16, '2018-06-26', 3),
(1564, 'AKS-191323', 'BOMBA PERIFERICA 1HP 750W PRO', 1352.75, 1960.49, 16, '2018-06-26', 3),
(1565, 'AKS-197101', 'MOTOBOMBA 5.5HP CON SALIDA DE 2', 3406.93, 4937.54, 16, '2015-05-11', 3),
(1566, 'AKS-197102', 'MOTOBOMBA 6.5HP CON SALIDA DE 3', 3757.65, 5445.82, 16, '2016-06-21', 3),
(1567, 'AKS-197202', 'MOTOBOMBA 6.5HP CON SALIDA DE 3', 3907.95, 5663.65, 16, '2016-06-21', 3),
(1568, 'AKS-301514', 'KIT DE BROCHAS 3 PACK', 12.52, 24.47, 16, '2016-09-09', 3),
(1569, 'AKS-301515', 'KIT BROCHAS MEDIANA 2 PACK', 15.03, 29.37, 16, '2016-09-09', 3),
(1570, 'ANB-TPBM693', 'BOMBA PRESURIZADORA DE AGUA 1/6 E/S 1NPT', 883.86, 1552.26, 16, '2015-08-31', 3),
(1571, 'ANB-TPEWP1', 'BOMBA DE AGUA PERIFERICA DE 1HP.', 729.78, 1547.13, 16, '2015-07-01', 3),
(1572, 'ANB-TPEWP34', 'BOMBA DE AGUA PERIFERICA DE 3/4HP', 793.63, 1490.87, 16, '2015-08-01', 3),
(1573, 'ANB-TPROP', 'BOMBA EXTRACTORA MANUAL DE LIQUIDOS', 325.93, 572.41, 16, '2018-11-16', 3),
(1574, 'BS1-S034CH', 'BOMBA TIPO SUPERIOR SS3 CROMO', 279.63, 423.04, 16, '2005-12-05', 3),
(1575, 'CO2-MO307', 'MOTOBOMBA MONOFASICA 1/4HP WEG ECONOMICA', 1175.75, 1856.4, 16, '2013-05-24', 3),
(1576, 'CO2-MO308', 'MOTOBOMBA MONOFASICA 1/2HP WEG ECONOMICA', 1258.89, 1987.67, 16, '2012-05-31', 3),
(1577, 'CO2-MO309', 'MOTOBOMBA MONOFASICA 3/4HP WEG ECONONICA', 1347.95, 2128.29, 16, '2013-05-24', 3),
(1578, 'CO2-MO310', 'MOTOBOMBA MONOFASICA 1HP WEG ECONOMICA', 1472.66, 2325.2, 16, '2013-05-24', 3),
(1579, 'CO2-MO311', 'MOTOBOMBA MONOFASICA 1-1/2HP WEG ECONOMI', 1900.21, 3000.25, 16, '2013-05-24', 3),
(1580, 'GFC-BOMB1005', 'BOMBA MANUAL COMERCIAL', 56.55, 92.65, 16, '2016-08-22', 3),
(1581, 'GFC-BOMB1007', 'BOMBA MANUAL CON TIRANTES', 81.72, 133.87, 16, '2011-07-07', 3),
(1582, 'GFC-BOMB1020', 'BOMBA PARA INFLAR BALON', 11.14, 18.26, 16, '2013-12-07', 3),
(1583, 'GIM-22MO46FU', 'EQUIPO RIEGO AGRICOLA SGP10A 43CC 1.5HP', 2402.19, 4297.66, 16, '2012-02-28', 3),
(1584, 'GIM-22MOT04', 'EQUIPO RIEGO AGRICOLA 9HP GGP4 270CC', 3852.2, 6891.8, 16, '2008-07-31', 3),
(1585, 'GIM-22MOT37K', 'EQUIPO RIEGO AGRICOLA KGP15H 196CC 6.5HP', 3786.67, 6774.57, 16, '2012-06-27', 3),
(1586, 'GIM-22MOTO52', 'EQUIPO RIEGO AGRICOLA 5.5HP GGP2 163CC', 2403.82, 4300.58, 16, '2010-09-01', 3),
(1587, 'GIM-22MOTOBO', 'EQUIPO RIEGO AGRICOLA 5.5HP KGP-20 163CC', 2677.63, 4790.42, 16, '0000-00-00', 3),
(1588, 'HB1-AQP60', 'BOMBA ELEVADORA DE PRESION AQUOR 1/2HP', 734.85, 1482.19, 16, '2012-09-24', 3),
(1589, 'HB1-BEEPPC60', 'BOMBA PERIF. 1/2HP PRES COOL ECO PC-60E', 299.67, 367, 16, '2014-06-27', 3),
(1590, 'HB1-BEPCM60', 'BOMBA PERIF. 1/2HP PRES COOL MAXI PC-60', 330.82, 616.53, 16, '2015-06-26', 3),
(1591, 'HB1-BEPPC60', 'BOMBA PERIF. 1/2HP PRES COOL H.POW.PC-60', 379.65, 804.85, 16, '2014-02-12', 3),
(1592, 'HB1-BOMJET10', 'BOMBA JET 1HP 1F 110V/60HZ BOMJET100S', 1475.52, 2231.57, 16, '2014-04-11', 3),
(1593, 'HB1-BOMSCM16', 'BOMBA CENTRIFUGA 1/2HP 1F 110V/60HZ', 546.96, 863.61, 16, '2014-04-11', 3),
(1594, 'HB1-BOMSCM32', 'BOMBA CENTRIFUGA 1HP 1F 110V/60HZ', 978.68, 1545.25, 16, '2014-04-11', 3),
(1595, 'HB1-BOMSCM42', 'BOMBA CENTRIFUGA 3/4HP 1F 110V/60HZ', 917.51, 1448.67, 16, '2014-04-11', 3),
(1596, 'HB1-BPT12HP', 'BOMBA PERIFERICA 1/2 HP TRUPER', 984.35, 1917.89, 16, '2018-05-09', 3),
(1597, 'HB1-JET100P', 'BOMBA JET PARA AGUA 1/2HP PRES COOL', 820.1, 1738.61, 16, '2014-09-30', 3),
(1598, 'HB1-LP11W', 'BOMBA SEMISUMERGIBLE DE 11W PARA FUENTE', 195.28, 308.34, 16, '2011-09-13', 3),
(1599, 'HB1-LP9W', 'BOMBA SEMISUMERGIBLE DE  9W PARA FUENTE', 166.25, 262.5, 16, '2011-09-13', 3),
(1600, 'HB1-MILQB60', 'BOMBA DE AGUA PERIFER.DE 1/2HP MILWAUKEE', 269.8, 482.91, 16, '2013-08-20', 3),
(1601, 'HB1-PC60', 'BOMBA PERIFERICA 1/2HP P.C. PC60', 361.88, 571.37, 16, '2015-04-03', 3),
(1602, 'HB1-QB60', 'BOMBA DE AGUA DE 1/2HP 35LTS.xMIN.PERIFE', 485.76, 766.96, 16, '2005-10-05', 3),
(1603, 'HB1-QB70', 'BOMBA DE AGUA DE 3/4HP', 691.2, 1091.34, 16, '2005-01-05', 3),
(1604, 'HB1-QB80', 'BOMBA DE AGUA DE 1HP 60LTS. X MIN. 50MTS', 821.76, 1297.48, 16, '2005-10-05', 3),
(1605, 'HB1-QDX3-14', 'BOMBA SUMERGIBLE DE 1/2HP', 1094.27, 1727.75, 16, '2009-12-28', 3),
(1606, 'HB1-QDX3-18', 'BOMBA SUMERGIBLE DE 3/4HP', 1587.2, 2506.04, 16, '2009-12-28', 3),
(1607, 'HB1-QDX3-9', 'BOMBA SUMERGIBLE DE 1/2HP', 1492.73, 2356.89, 16, '2011-04-14', 3),
(1608, 'HB1-QDX5-7', 'BOMBA SUMERGIBLE DE 1/3HP', 1194.18, 1885.51, 16, '2005-01-05', 3),
(1609, 'HB1-QDX6-17', 'BOMBA SUMERGIBLE DE 3/4HP', 1856, 2930.45, 16, '2005-10-05', 3),
(1610, 'HB1-V750F', 'BOMBA SUMERGIBLE PARA DRENAJE 1HP', 1911.68, 3018.36, 16, '2009-12-28', 3),
(1611, 'HB1-WP20', 'BOMBA A GASOLINA DE 5.5 HP PC20', 2193.43, 5065.97, 16, '2014-09-27', 3),
(1612, 'HB1-WP30', 'BOMBA A GASOLINA DE 6.5 HP PC30', 2572.24, 4783.33, 16, '2014-09-27', 3),
(1613, 'HBA-1006', 'BOMBA AUTOCEB.MOTOR A GASO.6.5HP KB50-CT', 2573, 4784.75, 16, '2017-07-07', 3),
(1614, 'HBA-1007', 'BOMBA AUTOCEB.MOTOR A GASOLI.7HP KB80-CT', 2891.16, 5376.4, 16, '2017-07-07', 3),
(1615, 'HBA-100WQ224', 'BOMBA SUMER.AGUA SUCIA 100WQ2.2-4P 3HP', 12143.4, 19173.3, 16, '2013-08-08', 3),
(1616, 'HBA-120BS', 'BOMBA SUMERG.AC.INOX.AGUA LIMPIA 1/6HP', 2248.33, 3549.9, 16, '2013-08-01', 3),
(1617, 'HBA-180BS', 'BOMBA SUMERG.AC.INOX.AGUA LIMPIA 1/4HP', 2330.54, 3679.71, 16, '2013-08-01', 3),
(1618, 'HBA-250BS', 'BOMBA SUMERG.AC.INOX.AGUA LIMPIA 1/3HP', 2502.06, 3950.52, 16, '2013-08-01', 3),
(1619, 'HBA-4CFR33', 'BOMBA SUMER.VORTEX AG.SUC.4CFR-33 3HP', 12755.2, 20139.3, 16, '2013-08-08', 3),
(1620, 'HBA-4SEM2/10', 'BOMBA SUMER.T.B.AGUA LIMPIA 1.5HP 1F 127', 2318.16, 3660.17, 16, '2013-09-04', 3),
(1621, 'HBA-4SGM2/17', 'BOMBA SUMER.T.B.AGUA LIMPIA 2HP 23PV 2F', 3441.01, 5433.03, 16, '2018-02-20', 3),
(1622, 'HBA-50SH1.5', 'BOMBA CENTRIFUGA MAYOR CAUDAL 2HP 3F 220', 3377.35, 5332.52, 16, '2014-12-18', 3),
(1623, 'HBA-50SHM1.5', 'BOMBA CENTRIFUGA MAYOR CAUDAL 2HP 1F 127', 3491.4, 5512.6, 16, '2012-05-09', 3),
(1624, 'HBA-50WQ037P', 'BOMBA SUMER.VORTEX A.S.50WQ0.37-2P 1/2HP', 3395.03, 5360.43, 16, '2013-02-15', 3),
(1625, 'HBA-50WQ055P', 'BOMBA SUMER.VORTEX A.S.50WQ0.55-2P 3/4HP', 3525.88, 5567.04, 16, '2013-03-05', 3),
(1626, 'HBA-50WQ075P', 'BOMBA SUMER.VORTEX A.S.50WQ0.75-2P 1HP', 3799.96, 5999.78, 16, '2013-02-15', 3),
(1627, 'HBA-50WQP037', 'BOMBA SUMER.AG.SUC.50WQP0.37-4P 1/2HP', 3521.45, 5560.05, 16, '2012-08-07', 3),
(1628, 'HBA-50WQP055', 'BOMBA SUMER.AG.SUC.50WQP0.55-4P 3/4HP', 3631.09, 5733.15, 16, '2012-08-07', 3),
(1629, 'HBA-50WQP075', 'BOMBA SUMER.AG.SUC.50WQP0.75-4P 1HP', 4002.43, 6319.46, 16, '2012-08-07', 3),
(1630, 'HBA-75SH-2.2', 'BOMBA CENTRIFUGA MAYOR CAUDAL 3HP 2200W.', 4922.8, 7772.64, 16, '2017-10-23', 3),
(1631, 'HBA-80WQ114P', 'BOMBA SUMER.2 ASPAS 80WQ1.1-4P 1.5HP 127', 5761.83, 9097.39, 16, '2013-08-08', 3),
(1632, 'HBA-80WQ115P', 'BOMBA SUMER.2 ASPAS 80WQ1.1-4P 1.5HP 220', 5564.67, 8786.09, 16, '2013-08-08', 3),
(1633, 'HBA-80WQ154P', 'BOMBA SUMER.2 ASPAS 80WQ1.5-4P 2HP 2F', 5845.82, 9230, 16, '2013-08-08', 3),
(1634, 'HBA-80WQ2021', 'BOMBA SUMER.L.A. 80WQ20-21 2HP 1.5HP 3F', 8107.41, 12800.8, 16, '2017-12-07', 3),
(1635, 'HBA-80WQ224P', 'BOMBA SUMER.2 ASPAS 80WQ2.2-4P 3HP 3F', 7214.45, 11390.9, 16, '2013-08-08', 3),
(1636, 'HBA-80WQ745P', 'BOMBA SUMER.2ASPAS 80WQ0.75-4P 1HP 220V', 5514.27, 8706.52, 16, '2013-08-01', 3),
(1637, 'HBA-80WQ754P', 'BOMBA SUMER.2 ASPAS 80WQ0.75-4P 1HP 127V', 5514.27, 8706.52, 16, '2013-08-08', 3),
(1638, 'HBA-B1102-12', 'VALUVLA ESFERA ROSCABLE 1/2 B110212', 33.24, 52.38, 16, '2017-02-21', 3),
(1639, 'HBA-B1121-1', 'VALVULA ESFERA ROSCABLE 1 B1121-1', 109.41, 172.42, 16, '2014-07-01', 3),
(1640, 'HBA-B1121-11', 'VALVULA ESFERA ROSCABLE 1 1/4 B1121-11/4', 169.92, 267.76, 16, '2015-08-12', 3),
(1641, 'HBA-B1121-12', 'VALVULA ESFERA ROSCABLE 1 1/2 B112112', 240.37, 378.78, 16, '2015-12-17', 3),
(1642, 'HBA-B1121-14', 'VALVULA ESFERA ROSCABLE 1/4 B1121-1/4', 35.38, 55.76, 16, '2015-08-12', 3),
(1643, 'HBA-B1121-2', 'VALVULA ESFERA ROSCABLE 2 B1121-2', 415.26, 654.38, 16, '2015-08-12', 3),
(1644, 'HBA-B1121-34', 'VALVULA ESFERA ROSCABLE 3/4 B1121-3/4', 72.02, 103.77, 16, '2016-05-16', 3),
(1645, 'HBA-BL2-11', 'BOMBA BOSTER EN LINEA T.M. 3HP 3F 220V', 10633.3, 16789.1, 16, '2013-10-07', 3),
(1646, 'HBA-CFG5023', 'BOMBA SUMER.TRITURADORA CFG-5023 5HP', 18452.5, 29134.8, 16, '2013-08-08', 3),
(1647, 'HBA-CGHP40', 'BOMBA ALTA PRESION A GASOLINA 8HP CGHP40', 2986.57, 4715.51, 16, '2016-05-16', 3),
(1648, 'HBA-CGHP50', 'BOMBA ALTA PRESION A GASOLINA CGHP50', 3988.13, 6296.89, 16, '2016-10-01', 3),
(1649, 'HBA-CGP40', 'BOMBA A GASOLINA DE 3.5HP 87C.C. CGP40', 2675.98, 3934.99, 16, '2011-02-09', 3),
(1650, 'HBA-CGP50', 'BOMBA A GASOLINA DE 6.5HP 196C.C. CGP50', 2131.7, 3134.64, 16, '2011-02-09', 3),
(1651, 'HBA-CGP80', 'BOMBA A GASOLINA DE 7.0HP 208C.C. CGP80', 2509.03, 3689.49, 16, '2011-02-09', 3),
(1652, 'HBA-CP370', 'BOMBA TIPO CENTRIFUGA CP370', 663.09, 1046.95, 16, '2016-08-01', 3),
(1653, 'HBA-CP550', 'BOMBA TIPO CENTRIFUGA CP550', 738.24, 1165.61, 16, '2016-08-01', 3),
(1654, 'HBA-CP750', 'BOMBA TIPO CENTRIFUGA CP750', 769.19, 1214.47, 16, '2016-08-01', 3),
(1655, 'HBA-CSP250C4', 'BOMBA SUMER.PLASTICO 1/3HP 127V.AGUA LIM', 733.82, 1158.63, 16, '2016-05-13', 3),
(1656, 'HBA-CSP400C4', 'BOMBA SUMER.PLASTICO 1/2HP 127V.AGUA LIM', 832.84, 1314.98, 16, '2016-06-18', 3),
(1657, 'HBA-DS1041', 'VALVULA DE PIE DE 1 DS104-1', 83.81, 132.33, 16, '2016-05-16', 3),
(1658, 'HBA-DS1041/2', 'VALVULA DE PIE DE 1/2 DS104-1/2', 46.95, 74.13, 16, '2014-07-02', 3),
(1659, 'HBA-DS1043/4', 'VALVULA DE PIE DE 3/4 DS104-3/4', 65.68, 103.71, 16, '2015-07-03', 3),
(1660, 'HBA-DWE08V', 'BOMBA SUMER.AG.SUC.1HP DWE08V 220V', 2932.63, 4630.35, 16, '2014-11-15', 3),
(1661, 'HBA-DWE22V', 'BOMBA SUMER.AG.SUC.3HP 2200W 3F NPT 3', 5275.57, 8329.63, 16, '2017-10-23', 3),
(1662, 'HBA-FQ508A', 'BOMBA PARA FUENTE DE ORNATO 4W. 127V.', 56.14, 88.64, 16, '2010-09-01', 3),
(1663, 'HBA-FQ508D', 'BOMBA PARA FUENTE DE ORNATO 3.3W 127V', 56.14, 88.64, 16, '2010-09-01', 3),
(1664, 'HBA-JET100L', 'BOMBA JET 1 1/2HP 127V JET-100L', 944.77, 2294.73, 16, '2016-06-18', 3),
(1665, 'HBA-JET370GL', 'BOMBA JET CABEZAL A.I. 1/HP 127V', 733.16, 1197.5, 16, '2016-05-13', 3),
(1666, 'HBA-JET40L', 'BOMBA JET 1/2 HP 127V JET-40L', 661.35, 1475.91, 16, '2016-08-09', 3),
(1667, 'HBA-JET60L', 'BOMBA JET 3/4 HP 127V JET-60L', 780.11, 1722.02, 16, '2016-08-01', 3),
(1668, 'HBA-JET70L', 'BOMBA JET 1 HP 127V JET-70L', 857.3, 1980.42, 16, '2016-06-18', 3),
(1669, 'HBA-MB14E', 'BOMBA DE 1/4 HP WEG', 794.5, 1254.45, 16, '2005-01-05', 3),
(1670, 'HBA-PLR-8', 'VALVULA FLAPPER PLR-8', 5.77, 8.72, 16, '2018-02-13', 3),
(1671, 'HBA-PLR-9', 'VALVULA FLAPPER PLR-9', 5.77, 8.72, 16, '2018-02-13', 3),
(1672, 'HBA-QDLF2110', 'BOMBA BOSTER EN LINEA 3HP 3F 220V.', 12912.9, 19529.5, 16, '2013-10-03', 3),
(1673, 'HBA-QDLF250', 'BOMBA BOSTER EN LINEA 1.5HP 1F 127V.', 10164.6, 15372.9, 16, '2013-09-04', 3),
(1674, 'HBA-QDLF270', 'BOMBA BOSTER EN LINEA 2HP 3F 220V.', 11222, 16972.1, 16, '2013-09-04', 3),
(1675, 'HBA-QDLF460', 'BOMBA BOSTER EN LINEA 3HP 3F 220V.', 12415.9, 18777.8, 16, '2013-09-04', 3),
(1676, 'HBA-QDLF480', 'BOMBA BOSTER EN LINEA 4HP 3F 220V.', 13568, 20520.1, 16, '2013-09-04', 3),
(1677, 'HBA-QDLF860', 'BOMBA BOSTER EN LINEA 5.5HP 3F 22OV.', 19111.3, 28903.9, 16, '2013-09-04', 3),
(1678, 'HBA-QDX1517T', 'BOMBA SUMER.AG.LIM.QDX1.5-17 1/2HP 127V', 1566.66, 2473.62, 16, '2016-05-13', 3),
(1679, 'HBA-QDX1537T', 'BOMBA SUMER.QDX1.5-17-0.37T 370W 1/2HP', 1644.46, 2596.45, 16, '2013-02-15', 3),
(1680, 'HBA-QDX1575T', 'BOMBA SUMER.QDX1.5-32-0.75T 127V 750W 1H', 2106.86, 3326.54, 16, '2013-02-15', 3),
(1681, 'HBA-QDX32475', 'BOMBA SUMER.AG.LIM.QDX3-24-0.75 1HP', 2146.64, 3389.35, 16, '2013-04-10', 3),
(1682, 'HBA-QDX375T', 'BOMBA SUMER.QDX3-24-0.75T 127V 750W 1HP', 2146.64, 3389.35, 16, '2013-02-15', 3),
(1683, 'HBA-QDX39037', 'BOMBA SUMERG.AG.LIM.QDX3-9-0.37 1/2HP', 2436.64, 3847.23, 16, '2013-07-23', 3),
(1684, 'HBA-QX-1.5B', 'BOMBA SUMER.A.I. QX-1.5B 2HP 3F 220V.', 5752.99, 9083.44, 16, '2013-08-08', 3),
(1685, 'HBA-QX-2.2B', 'BOMBA SUMER.A.O. QX-2.2B 3HP 3F 220V.', 5829.03, 9203.49, 16, '2013-08-08', 3),
(1686, 'HBA-QX101055', 'BOMBA SUMER.AG.LIM. QX10-10-0.55 3/4HP', 1715.25, 2708.22, 16, '2013-08-08', 3),
(1687, 'HBA-QX103422', 'BOMBA SUMERG.AGUA LIMPIA 3HP 3F 220V.', 4805.2, 7586.97, 16, '2013-08-08', 3),
(1688, 'HBA-QX106424', 'BOMBA SUMERG.AG.LIM.QX10-64/2-4 5-1/2HP', 13358.2, 21091.4, 16, '2013-09-04', 3),
(1689, 'HBA-QX109637', 'BOMBA SUMERG.AG.LIM.QX10-96/3-75 5-1/2HP', 17815.1, 28128.3, 16, '2013-09-04', 3),
(1690, 'HBA-QX151411', 'BOMBA SUMER.AG.LIM.QX15-14-1.1 1-1/2HP', 3329.61, 5257.14, 16, '2013-08-08', 3),
(1691, 'HBA-QX254555', 'BOMBA SUMER.AG.LIM. QX25-4.5-055 3/4HP', 1808.15, 2854.9, 16, '2013-08-08', 3),
(1692, 'HBA-QX3301.1', 'BOMBA SUMERGIBLE PARA AGUA 1-1/2HP 220V.', 2149.04, 3393.13, 16, '2010-07-22', 3),
(1693, 'HBA-QX6251.1', 'BOMBA SUMERG.AGUA LIMPIA 1-1/2HP 3F 220V', 3194.34, 5043.56, 16, '2013-08-08', 3),
(1694, 'HBA-SGJS1100', 'BOMBA JET CABEZAL A.I. 1 1/2HP 127V.', 2216.49, 3499.64, 16, '2016-05-13', 3),
(1695, 'HBA-SGJS1500', 'BOMBA JET CABEZAL A.I. 2HP 127V', 2651.48, 4186.44, 16, '2016-05-13', 3),
(1696, 'HBA-SGJS370N', 'BOMBA JET ACERO INOX. 1/2 HP 127V SGJS37', 1375.69, 2172.08, 16, '2016-08-18', 3),
(1697, 'HBA-SGJS400', 'BOMBA JET A.I. 1/2HP 127V', 1512.72, 2388.45, 16, '2016-05-13', 3),
(1698, 'HBA-SGJS550N', 'BOMBA JET CABEZAL ACE.INOX. 3/4HP 127V', 1533.95, 2421.96, 16, '2016-08-18', 3),
(1699, 'HBA-SGJS750N', 'BOMBA JET CABEZAL A.I. 1HP 127V', 2046.74, 3231.61, 16, '2016-05-13', 3),
(1700, 'HBA-SGJW110', 'BOMBA JET PARA AGUA DE 1-1/2HP 127V.', 2083.68, 2945.85, 16, '2010-08-09', 3),
(1701, 'HBA-SGJW37', 'BOMBA JET PARA AGUA DE 1/2HP 127V.', 1294.87, 1851.06, 16, '2009-12-10', 3),
(1702, 'HBA-SGJW55', 'BOMBA JET PARA AGUA DE 3/4HP 127V.', 1981.69, 2801.65, 16, '2009-12-10', 3),
(1703, 'HBA-SGJW75', 'BOMBA JET PARA AGUA DE 1HP 127V.', 2010.95, 2759.93, 16, '2009-12-10', 3),
(1704, 'HBA-SH250', 'BOMBA CENTRIFUGA L.DOMESTICA 1/2HP 127V', 1147.53, 1945.16, 16, '2016-04-15', 3);
INSERT INTO `productos` (`reg`, `folio`, `descripcion`, `costo`, `precio_venta`, `iva`, `f_reg`, `categoria`) VALUES
(1705, 'HBA-SH450', 'BOMBA CENTRIFUGA L.DOMESTICA 3/4HP 127V', 1392.15, 2359.81, 16, '2016-04-15', 3),
(1706, 'HBA-SH450A', 'BOMBA PARA AGUA DOMESTICA DE 3/4 127V', 1182.6, 2004.61, 16, '2016-06-13', 3),
(1707, 'HBA-SH500', 'BOMBA CENTRIFUGA L.DOMESTICA 1HP 127V', 1672.73, 2835.42, 16, '2016-04-15', 3),
(1708, 'HBA-SH500A', 'BOMBA PARA AGUA DOMESTICA DE 1HP 127V', 1545.03, 2618.95, 16, '2012-01-23', 3),
(1709, 'HBA-WQ15711', 'BOMBA SUMER.AG.TURBIA WQ15-7-1.1 1-1/2HP', 4120.01, 6505.11, 16, '2013-08-08', 3),
(1710, 'HBA-WQ35722', 'BOMBA SUMER.AGUA SUCIA WQ35-7-2.2 3HP', 8006.63, 12641.7, 16, '2013-08-08', 3),
(1711, 'HBA-WQD1011', 'BOMBA SUMER.TRITUR.WQD10-10-1.1QG 1-1/2H', 4456.87, 7036.98, 16, '2013-08-08', 3),
(1712, 'HBA-WQD6055', 'BOMBA SUMERG.AG.TURBIA 3/4HP WQD612-0.55', 2408.35, 3802.57, 16, '2013-02-15', 3),
(1713, 'HBA-WQD6075', 'BOMBA SUMERG.AG.TURBIA 1HP WQD616-0.75', 2623.19, 4141.77, 16, '2013-02-15', 3),
(1714, 'HBA-WQD711', 'BOMBA SUMERG.AG.TURBIA 1.5HP WQD715-1.1', 3494.93, 5518.17, 16, '2013-02-15', 3),
(1715, 'HBA-WQDS1.5', 'BOMBA SUMER.AG.SUC.2HP WQDS15-10-1.5', 4608.05, 7275.68, 16, '2013-08-08', 3),
(1716, 'HBA-WQDS1010', 'BOMBA SUMER.AG.SUC.1-1/2HP WQDS10-10-1.1', 3521.45, 5560.05, 16, '2016-11-19', 3),
(1717, 'HBA-WQK15151', 'BOMBA SUMERGIBLE AGUA SUCIA WQK15-15-1.5', 4878.59, 7702.83, 16, '2016-11-25', 3),
(1718, 'HBA-WQK18202', 'BOMBA SUMER.AG.SUC/LIM 3HP 220V NPT 3', 5194.22, 8201.19, 16, '2017-10-23', 3),
(1719, 'HBA-WQK9.6', 'BOMBA SUMER.AG.SUC.1HP WQK9.6-120.75', 3593.95, 5674.52, 16, '2014-11-15', 3),
(1720, 'HBA-WQS25715', 'BOMBA SUMERGIBLE AGUA SUCIA 2HP 3F 220V.', 3447.19, 5442.79, 16, '2013-08-08', 3),
(1721, 'HBA-Z510110L', 'PIOLA DE ARRANQUE', 138.8, 219.15, 16, '2018-03-15', 3),
(1722, 'HBA-ZP159160', 'BOMBA PRESURIZADORA 120W 1F 127V', 941.59, 1029.8, 16, '2013-06-20', 3),
(1723, 'TAM-BES200', 'BOMBA EXTRACTORA DE SOLVENTES P/TAMBO', 347.38, 521.37, 16, '2010-03-14', 3),
(1724, 'TAM-BET12175', 'BOMBA EXTRACTORA PARA TAMBO BET-1 MIKELS', 353.56, 530.64, 16, '2010-03-14', 3),
(1725, 'TAM-BLC-1', 'BOMBA TOTATIVA PARA LIQUIDOS CORROSIVOS', 1389.53, 2085.5, 16, '2016-05-16', 3),
(1726, 'TAM-MA3', 'MOTOBOMBA PARA AGUA 3 DE 6.5HP 4000RPM', 3388.89, 4745.04, 16, '2010-10-05', 3),
(1727, 'TOO-RO9710', 'BOMBA DE AGUA PERIFERICA DE 1/2HP', 398.02, 742.08, 16, '2012-08-16', 3),
(1728, 'TOO-TC1061', 'BOMBA EXTRACTORA DE LIQUIDOS TIPO RELOJ', 302.61, 413.65, 16, '2008-06-14', 3),
(1729, 'TOO-TC1080', 'BOMBA EXTRACTORA DE LIQUIDOS DE PALANCA', 254.36, 372.7, 16, '2008-09-27', 3),
(1730, 'TOO-TC2660', 'BOMBA DE AGUA CENTRIFUGA DE 1HP', 1438, 1965.68, 16, '2008-09-27', 3),
(1731, 'TOO-TC2661', 'BOMBA DE AGUA CENTRIFUGA DE 1-1/2HP', 2391.71, 3774.05, 16, '2008-09-27', 3),
(1732, 'TOO-TC2662', 'BOMBA DE AGUA CENTRIFUGA DE 1/2HP', 1080.59, 1477.12, 16, '2008-09-27', 3),
(1733, 'TOO-TC2663', 'BOMBA DE AGUA CENTRIFUGA DE 1/2HP', 969.79, 1420.99, 16, '2008-09-27', 3),
(1734, 'TOO-TC2664', 'BOMBA DE AGUA CENTRIFUGA DE 3/4HP', 1415.37, 2073.88, 16, '2008-09-27', 3),
(1735, 'TOO-TC2665', 'BOMBA DE AGUA PERIFERICA DE 1HP', 1173.33, 1719.23, 16, '2008-09-27', 3),
(1736, 'TOO-TC2666', 'BOMBA DE AGUA PERIFERICA DE 1/2HP', 666.81, 911.5, 16, '2008-09-27', 3),
(1737, 'TOO-TC2667', 'BOMBA DE AGUA PERIFERICA DE 3/4HP', 1001.26, 1579.96, 16, '2008-09-27', 3),
(1738, 'TOO-TC3361', '"MOTOBOMBA 2"""" 5.5HP"""""', 2927.1, 4001.2, 16, '2010-10-27', 3),
(1739, 'TOO-TC3362', '"MOTOBOMBA 3"""" 6.5HP"""""', 3214.56, 4394.15, 16, '2010-10-27', 3),
(1740, 'TOO-TC3503', 'BOMBA SUMERGIBLE P/AGUA LIMPIA 1/2HP', 728.53, 1067.48, 16, '2012-04-24', 3),
(1741, 'TOO-TC3504', 'BOMBA SUMERGIBLE P/AGUA LIMPIA 1HP', 944.77, 1490.82, 16, '2012-04-24', 3),
(1742, 'TOO-TC3505', 'BOMBA SUMERGIBLE P/AGUA SUCIA 1HP', 932.86, 1472.02, 16, '2012-04-24', 3),
(1743, 'TOO-TC3543', 'BOMBA HIDRONEUMATICA 1/2HP 24L', 1825.81, 2675.28, 16, '2013-09-26', 3),
(1744, 'TOO-TC3544', 'BOMBA HIDRONUEMATICA 1HP 24L', 2460.89, 6308.63, 16, '2013-10-31', 3),
(1745, 'TOO-TC3545', 'BOMBA CON PRESURIZADOR DE 1/2 HP', 2025.3, 5191.98, 16, '2012-10-30', 3),
(1746, 'TOO-TC3916', '"MOTOBOMBA 4"""" 8HP"""""', 6013.84, 8220.62, 16, '2013-10-08', 3),
(1747, 'TOO-TC4460', 'BOMBA SUMERGIBLE AGUA SUCIA 1 1/2HP', 1081.78, 1707.02, 16, '2016-08-08', 3),
(1748, 'V-AC3AMG100T', 'BOMBA AUTOCEBANTE 10 HP 3X3 GAS', 8968.24, 18088.7, 16, '2012-09-07', 3),
(1749, 'ANB-CDB1', 'COPLE DRESSER BRONCE 1', 115.68, 242.88, 16, '2010-07-16', 4),
(1750, 'ANB-CDB1/2', 'COPLE DRESSER BRONCE 1/2', 47.4, 83.25, 16, '2011-02-06', 4),
(1751, 'ANB-CDB3/4', 'COPLE DRESSER BRONCE 3/4', 71.11, 132.03, 16, '2011-02-09', 4),
(1752, 'ANB-CDEB12', 'COPLE BRONCE DOBLE CON ESPIGA 1/2 ANBEC', 14.8, 26, 16, '2017-10-14', 4),
(1753, 'ANB-CDP1/2', 'COPLE DRESSER PVC 1/2', 40.69, 76.43, 16, '2011-02-06', 4),
(1754, 'ANB-CDPE1', 'COPLE DRESSER PVC C/EMPAQUES 1', 29.59, 65.41, 16, '2015-07-20', 4),
(1755, 'ANB-CDPE12', 'COPLE DRESSER PVC C/EMPAQUES 1/2', 14.8, 27.49, 16, '2015-07-20', 4),
(1756, 'ANB-CDPE34', 'COPLE DRESSER PVC C/EMPAQUES 3/4', 22.06, 46.32, 16, '2015-07-20', 4),
(1757, 'ANB-CONPRE12', 'CONECTOR P/POLIDUCTO ROSCA EXT.1/2BRONCE', 10.66, 19.79, 16, '2012-09-26', 4),
(1758, 'ANB-CONPRE34', 'CONECTOR P/POLIDUCTO ROSCA EXT.3/4BRONCE', 12.37, 25.97, 16, '2015-11-07', 4),
(1759, 'ANB-CONPRI12', 'CONECTOR P/POLIDUCTO ROSCA INT.1/2BRONCE', 15.41, 28.61, 16, '2017-03-23', 4),
(1760, 'ANB-CONRE12', 'CONECTOR DE COBRE ROSCA EXT 1/2 ANBEC', 6.46, 12.13, 16, '2016-12-10', 4),
(1761, 'ANB-CONRE34', 'CONECOR DE COBRE ROSCA EXT 3/4 ANBEC', 8.07, 15.16, 16, '2016-12-10', 4),
(1762, 'ANB-GAR1450', 'BARRIL DE BRONCE 1/4 (GARBANZO)', 1.65, 3.1, 16, '2012-02-10', 4),
(1763, 'ANB-GAR3850', 'BARRIL DE BRONCE 3/8 (GARBANZO)', 2.02, 4.47, 16, '2012-02-10', 4),
(1764, 'ANB-GAR51650', 'BARRIL DE BRONCE 5/16 (GARBANZO)', 2.02, 4.47, 16, '2012-02-10', 4),
(1765, 'ANB-NIPC3812', 'NIPLE CAMPANA 3/8X1/2 BRONCE ANBEC', 9.42, 17.69, 16, '2016-12-08', 4),
(1766, 'ANB-NIPU3838', 'NIPLE UNION 3/8 X 3/8 BRONCE ANBEC', 9.41, 17.69, 16, '2016-12-08', 4),
(1767, 'ANB-TUEC38', 'TUERCA CONICA 3/8 BRONCE ANBEC', 6.52, 7.5, 16, '2016-12-08', 4),
(1768, 'ANB-TUEI', 'TUERCA IZQUIERDA BRONCE', 8.61, 11, 16, '2016-12-27', 4),
(1769, 'CO3-0009CH', 'CABEZAL PARA COMPRESORA 2CIL. 5HP DC1105', 4553.03, 6425.39, 16, '2005-01-05', 5),
(1770, 'CO3-002CH', 'CABEZAL PARA COMPRESORA 1CIL. 0.55HP', 511.92, 722.44, 16, '2005-01-05', 5),
(1771, 'CO3-003CH', 'CABEZAL PARA COMPRESORA 2CIL. 1.1HP', 1551.77, 2189.9, 16, '2005-01-05', 5),
(1772, 'CO3-008CH', 'CABEZAL PARA COMPRESORA 2CIL. 2.2HP DC20', 1418.86, 2002.34, 16, '2006-01-06', 5),
(1773, 'GIM-A002CH', 'CABEZAL COMPRESORA 1CIL. 0.55HP 51MM DC', 525.37, 939.91, 16, '2017-09-23', 5),
(1774, 'GIM-A003CH', 'CABEZAL COMPRESORA 2CIL. 1.1HP 51MM DC20', 1069.26, 1912.98, 16, '2017-09-23', 5),
(1775, 'HB1-SG1051', 'CABEZAL P/COMPRESOR 1HP 1CIL. GO POWER', 552.18, 1170.62, 16, '2017-03-07', 5),
(1776, 'HB1-SG2051', 'CABEZAL P/COMPRESOR 2HP 2CIL. GO POWER', 832.49, 1453.52, 16, '2017-02-14', 5),
(1777, 'HB1-SG2065', 'CABEZAL P/COMPRESOR 3HP 2CIL. GO POWER', 968.41, 1690.82, 16, '2017-02-14', 5),
(1778, 'HBA-SG1051', 'CABEZAL P/COMPRESOR 3/4HP SG1051HD 1CIL.', 581.04, 915.62, 16, '2011-02-09', 5),
(1779, 'HBA-SG1065', 'CABEZAL P/COMPRESOR 1HP SG1065HD 1CIL.', 669.72, 1055.36, 16, '2011-02-09', 5),
(1780, 'HBA-SG2051', 'CABEZAL P/COMPRESOR 1.5HP SG2051HD 2CIL.', 1134.72, 1788.12, 16, '2011-02-09', 5),
(1781, 'HBA-SG2051AH', 'CABEZAL P/COMPRESOR 2HP SG2051AHD', 2154.22, 3394.7, 16, '2013-07-23', 5),
(1782, 'HBA-SG2065', 'CABEZAL P/COMPRESOR 3HP DV2065', 1268.98, 1999.71, 16, '2014-11-25', 5),
(1783, 'HBA-SG2090DH', 'CABEZAL P/COMPRESOR 7.5HP DHD2090', 4628.38, 7293.56, 16, '2015-02-26', 5),
(1784, 'HBA-SG2090HD', 'CABEZAL P/COMPRESOR DE 1 ETAPA 5.5HP', 2690.49, 4239.77, 16, '2014-07-16', 5),
(1785, 'HBA-SG2105', 'CABEZAL PARA COMPRESOR 10HP', 6713.82, 10579.9, 16, '2016-06-18', 5),
(1786, 'HBA-SG3065', 'CABEZAL P/COMPRESOR 5HP SG3065HD 3CIL.', 1903.08, 2998.93, 16, '2011-02-09', 5),
(1787, 'HBA-SG3080', 'CABEZAL P/COMPRESOR 7.5HP SG3080 3 CIL.', 1588.93, 2503.89, 16, '2011-02-09', 5),
(1788, 'HBA-YAV2090T', 'CABEZAL P/COMPRESOR 7.5HP YAV2090T 1CIL.', 2690.49, 4239.77, 16, '2018-09-18', 5),
(1789, 'SLI-PS100T', 'CABEZAL PARA COMPRESOR 10 HP 2X55MM.', 7110.43, 9744.64, 16, '2011-12-14', 5),
(1790, 'SLI-PS15', 'CABEZAL PARA COMPRESOR 1-1/2 HP 65MM', 1181.93, 1726.86, 16, '2014-04-23', 5),
(1791, 'SLI-PS30A', 'CABEZAL PARA COMPRESOR 3 HP EN ALUMINIO', 1564.86, 2286.34, 16, '2014-04-23', 5),
(1792, 'SLI-PS50T', 'CABEZAL PARA COMPRESOR  5 HP 1X105MM.', 5298.99, 7262.11, 16, '2011-12-14', 5),
(1793, 'ANB-CCU1196', 'CONECTOR CESPOL UNIVERSAL ANBEC', 12.15, 25.51, 16, '2016-02-26', 6),
(1794, 'ANB-CONC112', 'CONECTOR CESPOL FREGADERO 2 X 1-1/2', 3.12, 3.9, 16, '2011-08-09', 6),
(1795, 'ANB-CONC114', 'CONECTOR CESPOL LAVABO 2 X 1-1/4', 3.12, 3.9, 16, '2011-08-09', 6),
(1796, 'ANB-CONLCZ', 'CONTRAREJILLA LAVABO CROM DE PUSH', 123.75, 259.83, 16, '2017-04-25', 6),
(1797, 'ANB-CONLSB', 'CONTRAREJILLA LAVABO PVC SUPERFICIE BLCA', 10.76, 22.59, 16, '2016-08-11', 6),
(1798, 'ANB-DD1030', 'DESAGUE DOBLE P/FREGADOR CON TRAMPA FLEX', 43.25, 75.97, 16, '2014-12-20', 6),
(1799, 'ANB-DD1050', 'DESAGUE DOBLE P/FREGADOR CON TUBO CEJA', 27.97, 52.55, 16, '2015-07-08', 6),
(1800, 'ANB-DESDFM', 'DESAGUE DOBLE P/FREGADERO C/TUBO CEJA 10', 253.63, 470.88, 16, '2017-09-21', 6),
(1801, 'ANB-DESTPVC', 'DESAGUE PARA TINA BANO PVC', 168.88, 313.54, 16, '2012-02-09', 6),
(1802, 'ANB-TL1024', 'TRAMPA P/LAV.FLEX.ACORDEON SUP.BCA.', 26.66, 30.9, 16, '2015-07-09', 6),
(1803, 'ANB-TL1085', 'TRAMPA P/LAV.C/CONTRAREJILLA RIGIDA PVC', 27.97, 58.73, 16, '2014-01-30', 6),
(1804, 'ANB-TRAFM', 'TRAMPA PARA FREGADOR METALICA', 106.67, 198.03, 16, '2017-09-21', 6),
(1805, 'ANB-TRAL466', 'TRAMPA PARA LAVABO FLEXIBLE BOTE CHICO', 34.97, 65.7, 16, '2014-01-30', 6),
(1806, 'HE1-002PLAST', 'CESPOL C/CUBIERTA DE ACERO P/FREGADERO', 87.28, 146.91, 16, '2017-06-14', 6),
(1807, 'HE1-004JFREG', 'CESPOL PARA FREGADERO JUMBO', 19.74, 33.23, 16, '2017-05-27', 6),
(1808, 'HE1-004JLAV', 'CESPOL PARA LAVABO JUMBITO', 24.86, 41.84, 16, '2017-06-15', 6),
(1809, 'HE1-012LAV', 'CESPOL PARA LAVABO JUMBITO FLEXIBLE', 24.73, 30, 16, '2019-03-07', 6),
(1810, 'HE1-016BLAV', 'CESPOL PARA LAVABO BOTE FLEXIBLE', 26.32, 44.3, 16, '2017-06-15', 6),
(1811, 'HE1-105', 'CESPOL P/LAVABO MOV.C/CUB. BLANCA', 19.64, 23.8, 16, '2017-06-15', 6),
(1812, 'HE1-106', 'CESPOL P/LAVABO MOV.C/CUB. DE ACERO', 20.41, 34.35, 16, '2017-05-27', 6),
(1813, 'HE1-107', 'CESPOL MOVILE PARA FREGADERO', 22.44, 37.77, 16, '2017-06-14', 6),
(1814, 'HE1-107B', 'CESPOL MOVILE PARA FREGADERO CROMADO', 26.59, 44.77, 16, '2017-06-14', 6),
(1815, 'HE1-112A', 'CESPOL DOBLE TARJA CON ACORDEON Y CANT.', 70.58, 118.8, 16, '2017-05-27', 6),
(1816, 'HE1-112B', 'SALIDA DOBLE TARJA CON ACORD. SIN CONTRA', 40.02, 67.36, 16, '2017-05-04', 6),
(1817, 'HE1-112C', 'SALIDA DOBLE TARJA SENCILLO', 23.33, 39.28, 16, '2017-05-04', 6),
(1818, 'HE1-89104P', 'CONTRACANASTA PARA FREGADERO MOD. 89104P', 31.08, 50.91, 16, '2012-12-21', 6),
(1819, 'HE1-9632', 'CESPOL U Y L LAVABO CROMADO MOD. 9632', 50.05, 82, 16, '2009-12-29', 6),
(1820, 'HE1-9730', 'CESPOL U Y L PARA LAVABO CROM. MOD. 9730', 22.24, 36.44, 16, '2006-03-06', 6),
(1821, 'HE1-9731', 'CESPOL U Y L P/FREG.PLA.M.BCO.9731/70/71', 25.95, 42.52, 16, '2006-03-06', 6),
(1822, 'HE1-9732', 'CESPOL U Y L P/LAV.REJ.CROM.M.9732/72/75', 31.52, 51.64, 16, '2011-11-08', 6),
(1823, 'HE1-9733', 'MULTIPLE U Y L P/LAV.FREG.MOD.9733/74/76', 27.36, 44.82, 16, '2006-03-06', 6),
(1824, 'HE1-9770', 'CESPOL FLEXIBLE P/LAV.BCA.MOD.9770/71/31', 27.81, 45.57, 16, '2006-03-06', 6),
(1825, 'HE1-9771', 'CESPOL FLEXIBLE P/FREG.BCO.MD.9771/70/31', 25.74, 42.17, 16, '2006-03-06', 6),
(1826, 'HE1-9772', 'CESPOL FLEXIBLE P/LAV.CROM.MD.9772/75/32', 22.24, 36.44, 16, '2010-10-21', 6),
(1827, 'HE1-9774', 'MEDIO CESPOL PARA LAV.MOD.9774/33/76', 12.97, 21.25, 16, '2006-03-06', 6),
(1828, 'HE1-9775', 'CESPOL FLEXIBLE P/FREG.CRO.MD.9775/72/32', 22.24, 36.44, 16, '2010-04-14', 6),
(1829, 'HE1-9776', 'MEDIO CESPOL P/FREG.MOD.9776', 15.27, 25.02, 16, '2006-03-06', 6),
(1830, 'HE1-9780', 'CESPOL ECONOMICO PARA LAVABO MOD. 9780', 14.83, 24.29, 16, '2010-04-14', 6),
(1831, 'HE1-ACCF3345', 'EXTENSION TRAMPA FLEX.LAVA/FREG. F-3345', 44.16, 72.34, 16, '2016-05-11', 6),
(1832, 'HE1-ACFF2233', 'CESPOL P/FREG. FLEX. S/C. F-2233', 24.8, 28.9, 16, '2013-07-13', 6),
(1833, 'HE1-ACFF2237', 'EXTENSION RIGIDA P/FREG. 11/2X15 F-2237', 9.96, 16.31, 16, '2015-08-15', 6),
(1834, 'HE1-ACFF2287', 'CESPOL P/FREG. CHICO FLEX. S/C. F-2287', 34.4, 56.36, 16, '2013-07-13', 6),
(1835, 'HE1-ACFF2291', 'CESPOL P/FREG. GDE. FLEX. S/CUB. F-2291', 36.14, 59.21, 16, '2013-07-13', 6),
(1836, 'HE1-ACFF2297', 'TRAMPA P/FREG. EXT. FLEX. NORMAL F-2297', 29.36, 48.1, 16, '2013-07-13', 6),
(1837, 'HE1-ACFF2337', 'DESAGUE FLEX.DOBLE TRAMPA F-2337', 166.06, 272.07, 16, '2015-02-17', 6),
(1838, 'HE1-ACFF2347', 'DESAGUE TIPO AMERICANO S/C. Y T.C.F-2347', 68.04, 111.47, 16, '2013-08-13', 6),
(1839, 'HE1-ACFF2370', 'MEDIO CESPOL TIPO J P/LAV. O FREG.F-2370', 18.48, 30.27, 16, '2013-07-26', 6),
(1840, 'HE1-ACLF2200', 'CESPOL P/LAVABO RIGIDO S/CUBIERTA F-2200', 31.09, 50.93, 16, '2013-07-26', 6),
(1841, 'HE1-ACLF2215', 'EXTENSION FLEXIBLE P/LAV. Y FREG. F-2215', 16.11, 26.4, 16, '2013-07-13', 6),
(1842, 'HE1-ACLF2218', 'CESPOL P/LAV. CHICO FLEX. S/C. F-2218', 27.73, 45.43, 16, '2013-07-13', 6),
(1843, 'HE1-ACLF2224', 'EXTENSION RIGIDA P/LAV 11/4X15 F-2224', 8.8, 14.43, 16, '2016-05-04', 6),
(1844, 'HE1-ACLF2226', 'CEPSOL LAV. GDE. FLEX. S/CUB. F-2226', 34.76, 56.95, 16, '2013-07-13', 6),
(1845, 'HE1-ACLF2227', 'CESPOL P/LAVABO FLEX. C/C S/C F-2227', 42.69, 69.95, 16, '2013-07-26', 6),
(1846, 'HE1-ACLF2235', 'CESPOL P/LAVABO TIPO P FLEX. S/C F-2235', 28.14, 32.8, 16, '2013-07-12', 6),
(1847, 'HE1-ACLF2244', 'EXTENSION FLEX. PVC P/LAV.Y FREG.F-2244', 14.47, 16.8, 16, '2013-07-12', 6),
(1848, 'HE1-ACLF2271', 'CESPOL COMPACTO ECONOMICO CROM. F-2271', 36.36, 59.56, 16, '2013-08-13', 6),
(1849, 'HE1-ACLF2918', 'CESPOL P/LAV.FLEX.BOTE CH.EXT.XL F2918', 33.64, 55.12, 16, '2013-07-13', 6),
(1850, 'HE1-ACLF2926', 'CESPOL P/LAVABO FLEX. EXT.GDE.S/C.F-2926', 42.67, 69.91, 16, '2013-07-26', 6),
(1851, 'HE1-ACLF2927', 'CESPOL P/LAVABO FLEX. EXT.GDE.C/C.F-2927', 50.16, 82.17, 16, '2013-07-26', 6),
(1852, 'HE1-ACLF2935', 'CESPOL JUMBO P/LAV.FLEX.S/CUBIERTA F2935', 33.51, 54.91, 16, '2013-07-13', 6),
(1853, 'HE1-ACLF2936', 'CESPOL JUMBO P/LAV.FLEX.C/CUB.A.I.F-2936', 41.1, 67.33, 16, '2013-07-13', 6),
(1854, 'HE1-ACLF3336', 'CESPOL JUMBO FLEX.TIPO O P/LAV CR.F-3336', 52.78, 86.48, 16, '2016-07-06', 6),
(1855, 'HE1-ACLF3337', 'CESPOL FLEX.P/LAVABO ACA.CRO.CUB. F-3337', 48.98, 80.25, 16, '2015-04-14', 6),
(1856, 'HE1-ADFF2933', 'CESPOL JUMBO P/FREG. FLEX. S/C. F-2933', 32.76, 53.67, 16, '2013-07-13', 6),
(1857, 'HE1-ADGF2325', 'DESAGUE FLEX.C/CESPOL TARJA DOBLE F-2325', 81.92, 134.21, 16, '2013-07-13', 6),
(1858, 'HE1-ADGM2348', 'DESAGUE TIPO AMERICANO RIGIDO ECO F-2348', 37.38, 61.24, 16, '2016-05-04', 6),
(1859, 'HE1-T4200', 'CESPOL PARA LAVABO MOD. T4200', 13.36, 21.9, 16, '2012-12-21', 6),
(1860, 'HE1-T4201', 'MEDIO CESPOL PARA FREGADERO MOD. T4201', 14.16, 23.19, 16, '2012-12-21', 6),
(1861, 'HE1-T4202', 'CESPOL COMPLETO P/FREGADERO MOD. T4202', 15.33, 25.12, 16, '2012-12-21', 6),
(1862, 'HE1-T4219', 'CESPOL PARA DOBLE TARJA MOD. T4219', 20.64, 33.81, 16, '2012-12-21', 6),
(1863, 'HE1-T4230', 'CESPOL FLEXIBLE P/FREGADERO MOD. T4230', 21.63, 35.44, 16, '2012-12-21', 6),
(1864, 'HE1-TPFFAM', 'TRAMPA P/FREGADERO FLE.CESPOPRACTIK FAMA', 47.37, 77.61, 16, '2015-10-21', 6),
(1865, 'HE1-TPLFAM', 'TRAMPA P/LALABO FLE. CESPOPRACTIK FAMA', 39.31, 64.4, 16, '2015-10-21', 6),
(1866, 'HEP-CF-01', 'TRAMPA FLEX. TUBO FLEX. DE 19', 18.61, 28.15, 16, '2016-03-19', 6),
(1867, 'HEP-CF-24', 'CESPOL FREG.DOB.TARJA BOT.GDES.CONTRAMET', 159.69, 241.47, 16, '2015-11-16', 6),
(1868, 'HEP-CF-25', 'CESPOL DUPLEX FREG.TUBO DUPLEX DE 21', 15.35, 23.22, 16, '2015-11-16', 6),
(1869, 'HEP-CF-29', 'CESPOL C/REGISTRO TUBO FLEX.12 C/TU.CEJA', 23.31, 35.25, 16, '2015-12-17', 6),
(1870, 'HEP-CF01', 'CESPOL FREG.BOTE GDE.T.FLEX.19', 20.85, 31.53, 16, '2016-08-10', 6),
(1871, 'HEP-CF05', 'CESPOL FREG.S/CUB.MET.TUBO FLEX.9-1/2', 22.61, 34.19, 16, '2005-11-05', 6),
(1872, 'HEP-CF07', 'CESPOL FREGADERO S/CUB.METAL TUBO RIGIDO', 21.11, 31.93, 16, '2007-07-16', 6),
(1873, 'HEP-CF11', 'CESPOL FREG.EXTRALARGO S/CUB.MET.TUBO RI', 25.24, 38.16, 16, '2007-07-16', 6),
(1874, 'HEP-CF13', 'CESPOL FREG.CON CONTRACANASTA METALICA', 89.24, 134.95, 16, '2007-07-16', 6),
(1875, 'HEP-CF15.', 'CESPOL FREGADERO EXTRALAR.CONTRACAN.META', 77.82, 117.68, 16, '2007-07-16', 6),
(1876, 'HEP-CF17', 'CESPOL FREGADERO TIPO P S/CUB.MET.', 17.57, 26.58, 16, '2005-01-05', 6),
(1877, 'HEP-CF18', 'CESPOL FREGADERO TIPO P C/CUB.MET.', 26.68, 40.34, 16, '2005-01-05', 6),
(1878, 'HEP-CF19', 'CESPOL PARA FREGADERO', 23.77, 35.95, 16, '2011-10-28', 6),
(1879, 'HEP-CF29', 'CESPOL CON REGISTRO TUBO FLEXIBLE', 26.44, 39.99, 16, '2015-11-14', 6),
(1880, 'HEP-CL-01', 'CESPOL LAVABO BOTE CHICO TUBO FLEX. DE 9', 18.21, 27.54, 16, '2015-11-16', 6),
(1881, 'HEP-CL-16', 'CESPOL C/REG.TUBO FLEX.12 C/CONTRA DE5.5', 18.21, 27.54, 16, '2016-03-19', 6),
(1882, 'HEP-CL05', 'CESPOL LAVABO BOTE GRANDE TUBO FLEX. 9', 20.07, 30.36, 16, '2007-07-16', 6),
(1883, 'LUX-BLL-1168', 'CONTRA PARA LAVABO BLL-1168', 68.28, 107.82, 16, '2018-09-24', 6),
(1884, 'LUX-BLL3026', 'CESPOL PARA LAVABO BLL-3026', 70.27, 110.95, 16, '2016-06-02', 6),
(1885, 'LUX-CONTRA01', 'CONTRA PARA LAVABO CONTRA-01', 71.25, 112.5, 16, '2013-09-19', 6),
(1886, 'STK-BF5861', 'EXTENSION TARJ 1/2 X 5 (6)', 52.69, 106.28, 16, '2005-01-05', 6),
(1887, 'TOO-TC2291', 'CESPOL PARA FREGADERO', 112.58, 192.44, 16, '2008-09-27', 6),
(1888, 'TOO-TC2292', 'CESPOL PARA LAVABO', 132.84, 227.07, 16, '2008-09-27', 6),
(1889, 'TOO-TC3165', 'CESPOL PARA FREGADERO FLEXIBLE PVC 1-1/2', 20.24, 34.61, 16, '2008-09-27', 6),
(1890, 'TOO-TC3166', 'CESPOL PARA LAVABO FLEXIBLE PVC 1-1/4', 18.7, 31.96, 16, '2008-09-27', 6),
(1891, 'TOO-TC3167', 'CESPOL FREGADERO DOBLE PVC 1-1/2', 24.48, 41.85, 16, '2008-09-27', 6),
(1892, 'TOO-TC3169', 'TUBO EXTENSION FREG. PVC DE 1-1/2 15CMS.', 7.79, 14.54, 16, '2008-09-27', 6),
(1893, 'TOO-TC3170', 'TUBO EXTENSION FREG. PVC DE 1-1/2 20CMS.', 9.88, 18.43, 16, '2008-09-27', 6),
(1894, 'TOO-TC3171', 'TUBO EXTENSION LAVABO PVC DE 1-1/2 15CMS', 6.14, 11.46, 16, '2008-09-27', 6),
(1895, 'TOO-TC3172', 'TUBO EXTENSION LAVABO PVC DE 1-1/2 20CMS', 6.91, 12.89, 16, '2008-09-27', 6),
(1896, 'PIP-005COP13', 'COPLE GALVANIZADO DE  13MM. (1/2)', 4.63, 9.87, 16, '2005-01-05', 7),
(1897, 'PIP-010COP19', 'COPLE GALVANIZADO DE  19MM. (3/4)', 5.59, 11.92, 16, '2005-01-05', 7),
(1898, 'PIP-015COP25', 'COPLE GALVANIZADO DE  25MM. (1)', 9.72, 15.39, 16, '2005-01-05', 7),
(1899, 'PIP-025COP32', 'COPLE GALVANIZADO DE  32MM. (1-1/4)', 14.04, 22.24, 16, '2005-01-05', 7),
(1900, 'PIP-030COP38', 'COPLE GALVANIZADO DE  38MM. (1-1/2)', 17.29, 27.39, 16, '2005-01-05', 7),
(1901, 'PIP-035COP51', 'COPLE GALVANIZADO DE  51MM. (2)', 25.92, 41.06, 16, '2005-01-05', 7),
(1902, 'PIP-040COP64', 'COPLE GALVANIZADO DE  64MM. (2-1/2)', 57.96, 91.81, 16, '2005-01-05', 7),
(1903, 'PIP-043COP76', 'COPLE GALVANIZADO DE  76MM. (3)', 82.08, 130.02, 16, '2006-06-06', 7),
(1904, 'PIP-045CO102', 'COPLE GALVANIZADO DE 102MM. (4)', 129.62, 205.33, 16, '2006-04-06', 7),
(1905, 'PIP-050ADA13', 'ADAPTADOR GALVANIZADO DE  13MM. (1/2)', 5.88, 9.63, 16, '2005-01-05', 7),
(1906, 'PIP-055ADA19', 'ADAPTADOR GALVANIZADO DE  19MM. (3/4)', 7.69, 12.6, 16, '2005-01-05', 7),
(1907, 'PIP-060ADA25', 'ADAPTADOR GALVANIZADO DE  25MM. (1)', 11.83, 24.02, 16, '2005-01-05', 7),
(1908, 'PIP-065ADA32', 'ADAPTADOR GALVANIZADO DE  32MM. (1-1/4)', 15.36, 31.17, 16, '2005-01-05', 7),
(1909, 'PIP-070ADA38', 'ADAPTADOR GALVANIZADO DE  38MM. (1-1/2)', 18.92, 38.39, 16, '2005-01-05', 7),
(1910, 'PIP-075ADA51', 'ADAPTADOR GALVANIZADO DE  51MM. (2)', 28.83, 61.77, 16, '2005-01-05', 7),
(1911, 'PIP-077ADA64', 'ADAPTADOR GALVANIZADO DE  64MM. (2-1/2)', 64.47, 138.13, 16, '2005-01-05', 7),
(1912, 'PIP-080ADA76', 'ADAPTADOR GALVANIZADO DE  76MM. (3)', 91.3, 195.61, 16, '2005-01-05', 7),
(1913, 'PIP-084AD102', 'ADAPTADOR GALVANIZADO DE 102MM. (4)', 144.34, 309.24, 16, '2005-01-05', 7),
(1914, 'PIP-001-ADIN', 'ADAPTADOR INSERCION PVC 1/2', 2.71, 2.9, 16, '2005-01-05', 8),
(1915, 'PIP-002-ADIN', 'ADAPTADOR INSERCION PVC 3/4', 2.52, 4.75, 16, '2005-01-05', 8),
(1916, 'PIP-003-ADIN', 'ADAPTADOR INSERCION PVC 1', 2.13, 4.95, 16, '2005-01-05', 8),
(1917, 'PIP-004-ADIN', 'ADAPTADOR INSERCION PVC 1-1/4', 3.46, 8.04, 16, '2005-01-05', 8),
(1918, 'PIP-005-ADIN', 'ADAPTADOR INSERCION PVC 1-1/2', 4.3, 9.99, 16, '2005-01-05', 8),
(1919, 'PIP-006-ADIN', 'ADAPTADOR INSERCION PVC 2', 6.62, 15.36, 16, '2005-01-05', 8),
(1920, 'PIP-007-ADIN', 'ADAPTADOR INSERCION PVC 3', 42.48, 98.51, 16, '2005-01-05', 8),
(1921, 'PIP-008-COIN', 'COPLE INSERCION MANGUERA PVC 3/8', 1.8, 2.1, 16, '2006-06-06', 8),
(1922, 'PIP-009-COIN', 'COPLE INSERCION MANGUERA PVC 1/2', 2.71, 5.11, 16, '2005-01-05', 8),
(1923, 'PIP-010-COIN', 'COPLE INSERCION MANGUERA PVC 3/4', 4.02, 7.58, 16, '2005-01-05', 8),
(1924, 'PIP-011-COIN', 'COPLE INSERCION MANGUERA PVC 1', 6.62, 15.36, 16, '2005-01-05', 8),
(1925, 'PIP-012-COIN', 'COPLE INSERCION MANGUERA PVC 1-1/4', 5.6, 12.99, 16, '2005-01-05', 8),
(1926, 'PIP-013-COIN', 'COPLE INSERCION MANGUERA PVC 1-1/2', 8.36, 19.39, 16, '2005-01-05', 8),
(1927, 'PIP-014-COIN', 'COPLE INSERCION MANGUERA PVC 2', 17.28, 40.07, 16, '2005-01-05', 8),
(1928, 'PIP-015-COIN', 'COPLE INSERCION MANGUERA PVC 3', 54, 125.23, 16, '2005-01-05', 8),
(1929, 'PIP-016-COIN', 'CODO INSERCION MANGUERA PVC 1/2', 2.4, 4.52, 16, '2005-01-05', 8),
(1930, 'PIP-017-COIN', 'CODO INSERCION MANGUERA PVC 3/4', 3.16, 5.97, 16, '2005-01-05', 8),
(1931, 'PIP-018-COIN', 'CODO INSERCION MANGUERA PVC 1', 5.44, 12.63, 16, '2005-01-05', 8),
(1932, 'PIP-019-COIN', 'CODO INSERCION MANGUERA PVC 1-1/4', 10.33, 23.96, 16, '2005-01-05', 8),
(1933, 'PIP-020-COIN', 'CODO INSERCION MANGUERA PVC 1-1/2', 11.49, 26.66, 16, '2005-01-05', 8),
(1934, 'PIP-021-COIN', 'CODO INSERCION MANGUERA PVC 2', 14.79, 34.31, 16, '2005-01-05', 8),
(1935, 'PIP-022-ADIN', 'ADAPTADOR INSERCION HEMBRA PVC 1/2', 1.88, 3.3, 16, '2015-10-01', 8),
(1936, 'PIP-022-COIN', 'CODO INSERCION MANGUERA PVC 3', 18, 41.74, 16, '2016-06-18', 8),
(1937, 'PIP-023-TEIN', 'TEE INSERCION MANGUERA HEMBRA PVC 1/2', 4.33, 7.9, 16, '2015-10-01', 8),
(1938, 'PIP-024-TEIN', 'TEE INSERCION MANGUERA PVC 1/2', 3.6, 8.34, 16, '2005-01-05', 8),
(1939, 'PIP-025-TEIN', 'TEE INSERCION MANGUERA PVC 3/4', 3.8, 8.82, 16, '2005-01-05', 8),
(1940, 'PIP-026-TEIN', 'TEE INSERCION MANGUERA PVC 1', 7.06, 16.39, 16, '2005-01-05', 8),
(1941, 'PIP-027-TEIN', 'TEE INSERCION MANGUERA PVC 1-1/4', 11.06, 25.65, 16, '2005-01-05', 8),
(1942, 'PIP-028-TEIN', 'TEE INSERCION MANGUERA PVC 1-1/2', 12.98, 30.11, 16, '2005-01-05', 8),
(1943, 'PIP-029-TEIN', 'TEE INSERCION MANGUERA PVC 2', 24.48, 56.77, 16, '2005-01-05', 8),
(1944, 'PIP-029-TIN', 'CONEXION MANGUERA COMPLETA HEMBRA-MACHO', 12.83, 25.87, 16, '2007-04-07', 8),
(1945, 'PIP-030-TEIN', 'TEE INSERCION MANGUERA PVC 3', 138.12, 320.32, 16, '2005-01-05', 8),
(1946, 'PIP-031-YEIN', 'YEE INSERCION MAGUERA PVC 1/2', 4.05, 7.09, 16, '2015-10-01', 8),
(1947, 'PIP-032-COME', 'CONECTOR PARA MEDIDOR 3/4 X 1/2', 11.78, 20.63, 16, '2015-10-01', 8),
(1948, 'PIP-033-COME', 'CONECTOR PARA MEDIDOR 1 X 1/2', 12.98, 22.73, 16, '2015-10-01', 8),
(1949, 'PIP-034-LLNA', 'LLAVE MANGUERA CON ROSCA PLASTICA DE 1/2', 6.34, 14.72, 16, '2005-01-05', 8),
(1950, 'PIP-037-ABTO', 'ABRAZADERA P.V.C. DE TORN.DE 1-1/2 X 1/2', 28.41, 43.36, 16, '2005-01-05', 8),
(1951, 'PIP-038-ABTO', 'ABRAZADERA P.V.C. DE TORN.DE 2 X 1/2', 35.24, 53.78, 16, '2005-01-05', 8),
(1952, 'PIP-039-ABTO', 'ABRAZADERA P.V.C. DE TORN.DE 2-1/2 X 1/2', 48.29, 73.7, 16, '2005-01-05', 8),
(1953, 'PIP-040-ABTO', 'ABRAZADERA P.V.C. DE TORN.DE 3 X 1/2', 51.03, 77.87, 16, '2005-01-05', 8),
(1954, 'PIP-041-ABTO', 'ABRAZADERA P.V.C. DE TORN.DE 4 X 1/2', 60.85, 92.86, 16, '2005-01-05', 8),
(1955, 'PIP-043-ABTO', 'ABRAZADERA P.V.C. DE TORN.DE 6 X 3/4', 97.89, 149.38, 16, '2006-06-06', 8),
(1956, 'PIP-044-ABTO', 'ABRAZADERA P.V.C. DE TORN.DE 8 X 1/2', 127.31, 194.28, 16, '2005-01-05', 8),
(1957, 'PIP-045-ABTO', 'ABRAZADERA P.V.C. DE TORN.DE 8 X 3/4', 127.31, 194.28, 16, '2006-06-06', 8),
(1958, 'PIP-047-ABTO', 'ABRAZADERA P.V.C. DE TORN.DE 4 X 3/4', 48, 76.23, 16, '2016-02-18', 8),
(1959, 'PIP-048-ABTO', 'ABRAZADERA P.V.C. DE TORN.DE 3 X 3/4', 40.24, 63.91, 16, '2016-02-18', 8),
(1960, 'PIP-049-ABTO', 'ABRAZADERA P.V.C. DE TORN. 2 X 3/4', 33.54, 53.26, 16, '2016-05-06', 8),
(1961, 'PIP-050-ABTO', 'ABRAZADERA P.V.C. DE TORN.DE 2 X 1', 35.46, 56.31, 16, '2016-05-06', 8),
(1962, 'ANB-CENC711', 'CAJA DE EMPAQUES DE NEOPRENO CONICO 200P', 135.59, 284.68, 16, '2015-07-08', 9),
(1963, 'ANB-CENP710', 'CAJA DE EMPAQUES DE NEOPRENO PLANO 200PZ', 169.48, 318.38, 16, '2015-07-08', 9),
(1964, 'ANB-EMPO1116', 'EMPAQUE O-RING 1-1/16', 0.37, 0.82, 16, '2010-03-20', 9),
(1965, 'ANB-EMPO12', 'EMPAQUE O-RING 1/2', 0.37, 0.82, 16, '2010-03-20', 9),
(1966, 'ANB-EMPO38', 'EMPAQUE O-RING 3/8', 0.37, 0.82, 16, '2010-03-20', 9),
(1967, 'ANB-EMPO58', 'EMPAQUE O-RING 5/8', 0.37, 0.82, 16, '2010-03-20', 9),
(1968, 'ANB-ENC0', 'ENPAQUE DE NEOPRENO CONICO 0 BOLSA C/100', 0.38, 0.84, 16, '2017-04-05', 9),
(1969, 'ANB-ENC00', 'EMPAQUE DE NEOPRENO CONICO 00 BOLSAC/100', 0.41, 0.78, 16, '2017-04-05', 9),
(1970, 'ANB-ENC12', 'EMPAQUE DE NEOPRENO CONICO 1/2', 0.53, 1.18, 16, '2010-03-20', 9),
(1971, 'ANB-ENC12L', 'EMPAQUE DE NEOPRENO CONICO 1/2L C/100', 0.53, 1.18, 16, '2017-04-05', 9),
(1972, 'ANB-ENC14', 'EMPAQUE DE NEOPRENO CONICO 1/4', 0.41, 0.91, 16, '2010-03-20', 9),
(1973, 'ANB-ENC14L', 'EMPAQUE DE NEOPRENO CONICO 1/4 L', 0.41, 0.91, 16, '2010-03-20', 9),
(1974, 'ANB-ENC38', 'EMPAQUE DE NEOPRENO CONICO 3/8', 0.41, 0.91, 16, '2010-03-20', 9),
(1975, 'ANB-ENC38L', 'EMPAQUE DE NEOPRENO CONICO 3/8 L', 0.41, 0.91, 16, '2010-03-20', 9),
(1976, 'ANB-ENP0', 'EMPAQUE DE NEOPRENO PLANO 0 C/100 PZS', 0.41, 0.91, 16, '2017-04-05', 9),
(1977, 'ANB-ENP00', 'EMPAQUE DE NEOPRENOPLANO 00 C/100PZS', 0.41, 0.91, 16, '2017-04-05', 9),
(1978, 'ANB-ENP12', 'EMPAQUE DE NEOPRENO PLANO 1/2', 0.53, 1.18, 16, '2010-03-20', 9),
(1979, 'ANB-ENP14', 'EMPAQUE DE NEOPRENO PLANO 1/4', 0.41, 0.91, 16, '2010-03-20', 9),
(1980, 'ANB-ENP14L', 'EMPAQUE DE NEOPRENO PLANO 1/4 L', 0.41, 0.91, 16, '2010-03-20', 9),
(1981, 'ANB-ENP38', 'EMPAQUE DE NEOPRENO PLANO 3/8', 0.41, 0.91, 16, '2010-03-20', 9),
(1982, 'ANB-ENP38L', 'EMPAQUE DE NEOPRENO PLANO 3/8 L', 0.41, 0.91, 16, '2010-03-20', 9),
(1983, 'ANB-ENP38M', 'EMPAQUE DE NEOPERNO PLANO 3/8 M', 0.41, 0.91, 16, '2010-03-20', 9),
(1984, 'ANB-ENP716', 'EMPAQUE DE NEOPRENO PLANO 7/16 P/MANGUER', 0.95, 2, 16, '2014-12-20', 9),
(1985, 'ANB-TPORING2', 'EMPAQUE O-RING 225PZS. CAJA TPORING225', 80.71, 169.45, 16, '2012-02-27', 9),
(1986, 'ANB-TPORING4', 'EMPAQUE O-RING 407PZS. CAJA TPORING407', 156.03, 293.12, 16, '2012-02-27', 9),
(1987, 'HEP-EMLLCO12', 'EMPAQUE PARA LLAVE CONICO DE 1/2', 1.41, 2.98, 16, '2005-01-05', 9),
(1988, 'HEP-EMMPS10', 'EMPAQUE PARA MANGUERA', 0.5, 1.06, 16, '2005-01-05', 9),
(1989, 'HEP-EMPLCO14', 'EMPAQUE PARA LLAVE CONICO DE 1/4', 1.41, 2.98, 16, '2015-08-13', 9),
(1990, 'HEP-EMPLCO38', 'EMPAQUE PARA LLAVE CONICO DE 3/8', 1.41, 2.98, 16, '2005-01-05', 9),
(1991, 'HEP-EMPLCP12', 'EMPAQUE PARA LLAVE PLANO DE 1/2', 0.23, 0.48, 16, '2005-01-05', 9),
(1992, 'HEP-EMPLCP38', 'EMPAQUE PARA LLAVE PLANO DE 3/8', 0.3, 0.64, 16, '2005-01-05', 9),
(1993, 'HEP-EMPMNE34', 'EMPAQUE PARA MEDIDOR NEOPRENO 3/4', 3.8, 8, 16, '2015-08-13', 9),
(1994, 'HEP-EMTRALAV', 'EMPAQUE PARA TRAMPA DE LAVABO', 1.26, 2.65, 16, '2005-01-05', 9),
(1995, 'AKS-114901', 'PARILLA ELECTRICA SENCILLA REDONDA', 88.69, 173.32, 16, '2015-10-03', 10),
(1996, 'AKS-114902', 'PARRILLA ELECTRICA DOBLE', 275.13, 537.65, 16, '2015-09-12', 10),
(1997, 'AKS-114911', 'PARRILLA ELECTRICA SENCILLA C/TERMOSTATO', 174.07, 340.17, 16, '2016-07-14', 10),
(1998, 'AKS-114912', 'PARRILLA ELECTRICA SENCILLA C/TERMOSTATO', 305.62, 597.23, 16, '2016-07-14', 10),
(1999, 'AKS-116001', 'ESTUFA DE MESA 2 QUEMADORES BLANCO', 202.97, 396.64, 16, '2015-09-12', 10),
(2000, 'AKS-116002', 'ESTUFA DE MESA 4 QUEMADORES COLOR NEGRO', 440.89, 861.59, 16, '2016-03-10', 10),
(2001, 'AKS-116003', 'ESTUFA DE MESA 2 QUEMADORES COLOR NEGRO', 220.44, 430.79, 16, '2018-03-17', 10),
(2002, 'AKS-116006', 'ESTUFA DE MESA 4 QUEMADORES ACERO INOX.', 450.91, 881.17, 16, '2018-04-20', 10),
(2003, 'AKS-116010', 'ESTUFA DE MESA 2 QUEMADORES ACE.INOX.', 255.52, 499.33, 16, '2015-07-23', 10),
(2004, 'AKS-309201', 'PARRILLA ELECTRICA SENCILLA REDONDA MX', 90.18, 176.23, 16, '2016-07-14', 10),
(2005, 'AKS-309202', 'PARRILLA ELECTRICA DOBLE C/TERMOSTATO MX', 250.51, 489.54, 16, '2016-09-20', 10),
(2006, 'ANB-QCH1055', 'QUEMADOR CHICHARRONERO 2 SIN LLAVE', 136.3, 239.37, 16, '2017-04-07', 10),
(2007, 'ANB-QCH1056', 'QUEMADOR CHICHARRONERO 4 SIN LLAVE', 154.07, 270.59, 16, '2017-09-25', 10),
(2008, 'ANB-QCH1057', 'QUEMADOR CHICHARRONERO 6 SIN LLAVE', 248.89, 288.9, 16, '2017-09-26', 10),
(2009, 'BER-EB-530', 'HORNO CONVENCIONAL DE 6 FUNC. DE 30', 6551.66, 13214.5, 16, '2011-06-22', 10),
(2010, 'BER-LK-490', 'PARRILLA DE 90CM', 2796.76, 5641.01, 16, '2011-06-22', 10),
(2011, 'EPQ-040QAP01', 'QUEMADOR ALTA PRESION NUMERO 1', 110.27, 187.54, 16, '2005-01-05', 10),
(2012, 'EPQ-050QAP02', 'QUEMADOR ALTA PRESION NUMERO 2', 129.99, 221.09, 16, '2005-01-05', 10),
(2013, 'EPQ-060QAP04', 'QUEMADOR ALTA PRESION NUMERO 4', 141.6, 240.84, 16, '2005-01-05', 10),
(2014, 'EPQ-070QAP06', 'QUEMADOR ALTA PRESION NUMERO 6', 172.8, 293.89, 16, '2005-01-05', 10),
(2015, 'EPQ-080QAP08', 'QUEMADOR ALTA PRESION NUMERO 8', 221.19, 376.2, 16, '2010-06-23', 10),
(2016, 'EPQ-090QAP10', 'QUEMADOR ALTA PRESION NUMERO 10', 400.84, 681.74, 16, '2010-06-23', 10),
(2017, 'EPQ-095TPQN6', 'TAPA PARA QUEMADOR DEL No. 6 C/TORNILLO', 45.5, 77.39, 16, '2014-05-15', 10),
(2018, 'EPQ-2QECONOM', 'ESTUFA DE GAS DE 2 QUEM. 303 VAR. COL.', 230.97, 252.6, 16, '2006-09-06', 10),
(2019, 'EPQ-2QSTD', 'ESTUFA 2 QUEMADORES STANDARD KITCH', 308.71, 525.04, 16, '2006-09-06', 10),
(2020, 'EPQ-311940', 'PERILLA CON INSERTO CON INSERTO EMP250', 5.96, 10.14, 16, '2016-06-29', 10),
(2021, 'EPQ-311942', 'PERILLA CONTROL TEMPERATURA U-49', 4.65, 7.92, 16, '2016-06-29', 10),
(2022, 'EPQ-3QULTRAK', 'ESTUFA 3 QUEMADORES ULTRA KITCH', 351.1, 597.15, 16, '2006-09-06', 10),
(2023, 'EPQ-4QSUPERK', 'ESTUFA DE GAS DE 4 QUEMADORES VAR. COL.', 461.95, 785.67, 16, '2006-09-06', 10),
(2024, 'EPQ-BRAZUL', 'BRAZERO AZUL', 296.93, 505.02, 16, '2013-10-22', 10),
(2025, 'EPQ-COPL70CM', 'COMAL PLANO PLACA 70 CMS. No. 2', 1288.58, 2191.6, 16, '2013-10-22', 10),
(2026, 'EPQ-COPL80CM', 'COMAL PLANO PLACA 80 CMS. No. 3', 1523.89, 2591.8, 16, '2013-10-22', 10),
(2027, 'EPQ-CPP', 'CANASTILLA PARA PAPAS', 154.63, 263, 16, '2017-10-18', 10),
(2028, 'EPQ-DDMED', 'DISCO PARA DISCADA MEDIANO', 271.15, 427.72, 16, '2014-03-03', 10),
(2029, 'EPQ-ESRL', 'ESTUFON SEMIREFORZADO LARGO', 219.43, 373.2, 16, '2013-11-22', 10),
(2030, 'EPQ-ESTCOMIX', 'ESTUFON CON COMAL MIXTO', 2925.19, 4975.11, 16, '2013-10-22', 10),
(2031, 'EPQ-ESTCOMIY', 'ESTUFON CON COMAL MIXTO 3 QUEMADORES', 3493.97, 5942.49, 16, '2018-11-21', 10),
(2032, 'EPQ-FREID1Q', 'FREIDORA DE 1 QUEMADOR', 1170.93, 1991.49, 16, '2013-10-22', 10),
(2033, 'EPQ-FREID2Q', 'FREIDORA DE 2 QUEMADORES', 2039.33, 3468.46, 16, '2013-10-22', 10),
(2034, 'EPQ-HAMPAPAS', 'HAMBUR-PAPAS', 3462.38, 5888.76, 16, '2013-10-22', 10),
(2035, 'EPQ-PAQTQDMR', 'PKT DISCADA (TANQUE QUE4 DISGD M1.5 REG)', 972.9, 1534.64, 16, '2017-04-28', 10),
(2036, 'EPQ-QCHI1', 'QUEMADOR CHICHARRONERO', 270.08, 459.34, 16, '2005-01-05', 10),
(2037, 'EPQ-QDCC', 'QUEMADOR DOBLE CON CODO', 110.92, 188.65, 16, '2016-08-10', 10),
(2038, 'EPQ-QDPLBM1', 'PARRILLA PATA LARGA QUEM.DOBL.BANO MARIA', 2713.6, 4615.24, 16, '2010-02-20', 10),
(2039, 'EPQ-QPLD2', 'PARRILLA PATA LARGA QUEMADOR DOBLE #2', 934.4, 1589.21, 16, '2005-01-05', 10),
(2040, 'EPQ-QPLD3', 'PARRILLA PATA LARGA QUEMADOR DOBLE #3', 1241.6, 2111.69, 16, '2005-01-05', 10),
(2041, 'EPQ-QPLD4', 'PARRILLA PATA LARGA QUEMADOR DOBLE #4', 1622.79, 2760.02, 16, '2005-01-05', 10),
(2042, 'EPQ-QPLS1', 'PARRILLA PATA LARGA QUEMADOR SENCILLO #1', 890.8, 1515.06, 16, '2013-10-22', 10),
(2043, 'EPQ-QPLS2', 'PARRILLA PATA LARGA QUEMADOR SENCILLO #2', 1232.56, 2096.32, 16, '2005-01-05', 10),
(2044, 'EPQ-QPLS3', 'PARRILLA PATA LARGA QUEMADOR SENCILLO #3', 1462.27, 2487, 16, '2005-01-05', 10),
(2045, 'EPQ-QPLS4', 'PARRILLA PATA LARGA QUEMADOR SENCILLO #4', 1725.59, 2934.85, 16, '2005-01-05', 10),
(2046, 'EPQ-QPM11', 'PARRILLA MIXTA # 1', 1539.84, 2618.93, 16, '2010-02-20', 10),
(2047, 'EPQ-QPM12', 'PARRILLA MIXTA # 2', 1920, 3265.5, 16, '2005-01-05', 10),
(2048, 'EPQ-QPM13', 'PARRILLA MIXTA # 3', 2426.88, 4127.59, 16, '2005-01-05', 10),
(2049, 'EPQ-QPMA1', 'PARRILLA DE MESA # 1', 414.59, 705.13, 16, '2005-01-05', 10),
(2050, 'EPQ-QPMA2', 'PARRILLA DE MESA # 2', 549.05, 933.82, 16, '2005-01-05', 10),
(2051, 'EPQ-QPMA3', 'PARRILLA DE MESA # 3', 714.89, 1215.87, 16, '2005-01-05', 10),
(2052, 'EPQ-QPSE2', 'PARRILLA SUPER ECONOMICA # 2', 511.69, 870.27, 16, '2005-01-05', 10),
(2053, 'EPQ-QQEA', 'QUEMADOR TIPO ESTRELLA SENC. DE 15CMS.', 76.19, 129.59, 16, '2005-01-05', 10),
(2054, 'EPQ-QQEB', 'QUEMADOR TIPO ESTRELLA SENC. DE 22CMS.', 82.91, 141.02, 16, '2005-01-05', 10),
(2055, 'EPQ-QQEBD', 'QUEMADOR TIPO ESTRELLA DOBLE DE 20CMS.', 110.27, 187.54, 16, '2010-02-20', 10),
(2056, 'EPQ-QQEC', 'QUEMADOR TIPO ESTRELLA SENC. DE 30CMS.', 91.87, 156.26, 16, '2005-01-05', 10),
(2057, 'EPQ-QQED', 'QUEMADOR TIPO ESTRELLA SENC. DE 40CMS.', 99.72, 169.61, 16, '2014-02-25', 10),
(2058, 'EPQ-QQEE', 'QUEMADOR TIPO ESTRELLA SENC. DE 50CMS.', 109.81, 186.76, 16, '2014-02-25', 10),
(2059, 'EPQ-QQEF', 'QUEMADOR TIPO ESTRELLA SENC. DE 60CMS.', 123.25, 209.62, 16, '2015-07-24', 10),
(2060, 'EPQ-QTH30CMS', 'QUEMADOR TIPO H DE 30CMS.', 82.91, 141.02, 16, '2014-02-25', 10),
(2061, 'EPQ-QTH40CMS', 'QUEMADOR TIPO H DE 40CMS.', 94.11, 160.07, 16, '2014-02-25', 10),
(2062, 'EPQ-QTH50CMS', 'QUEMADOR TIPO H DE 50CMS.', 108.68, 184.84, 16, '2014-02-25', 10),
(2063, 'EPQ-QTH60CMS', 'QUEMADOR TIPO H DE 60CMS.', 117.65, 200.1, 16, '2017-02-02', 10),
(2064, 'EPQ-QUE-1', 'QUEMADOR DE ALUMINIO CHICO', 67.22, 114.33, 16, '2014-02-25', 10),
(2065, 'EPQ-QUE-2', 'QUEMADOR DE ALUMINIO MEDIANO', 71.71, 121.97, 16, '2014-02-25', 10),
(2066, 'EPQ-QUE-3', 'QUEMADOR DE ALUMINIO ALTO', 73.95, 125.78, 16, '2005-01-05', 10),
(2067, 'EPQ-QUE-4', 'QUEMADOR DE ALUMINIO EXTRA PLANO', 75.44, 128.31, 16, '2014-02-25', 10),
(2068, 'EPQ-QUE-5', 'QUEMADOR DE ALUMINIO PLANO', 73.95, 125.78, 16, '2014-11-13', 10),
(2069, 'EPQ-QUE-6', 'QUEMADOR DE ALUMINIO TIPO REGADERA', 154.63, 263, 16, '2015-07-24', 10),
(2070, 'EPQ-QUE-7', 'QUEMADOR EXTRA PLANO SOLO', 49.92, 84.9, 16, '2018-11-21', 10),
(2071, 'GFC-ESTU1015', 'ESTUFA CAMPISMO P/CILINDRO Y TANQUE DE G', 273.85, 489.94, 16, '2011-07-07', 10),
(2072, 'ITS-17-0022', 'ESTUFA DE MESA 4 QUEMADORES NEGRA', 365, 525.9, 16, '2016-09-01', 10),
(2073, 'ITS-17-0046', 'ESTUFA DE MESA 4 QUEMADORES AC.INOX.', 470.42, 677.8, 16, '2016-09-01', 10),
(2074, 'ITS-17-0428', 'ESTUFA DE MESA 2 QUEMADORES NEGRA PS2Q', 181.35, 261.3, 16, '2016-09-01', 10),
(2075, 'ITS-17-0602', 'ESTUFA GOLIATH 6 QUEMADORES BLANCO HUESO', 691.08, 995.73, 16, '2016-09-01', 10),
(2076, 'MOC-0001', 'BASE PARA FREGADERO DE 0.79 CMS. IZQ.', 533.75, 990.93, 16, '2005-01-05', 10),
(2077, 'MOC-0004', 'BASE PARA FREGADERO DE 0.79 CMS. DER.', 444.79, 825.78, 16, '2005-01-05', 10),
(2078, 'MOC-0006', 'BASE PARA FREGADERO DE 76X48CMS.DERECHO', 636.52, 1181.74, 16, '2010-09-20', 10),
(2079, 'MOC-0007', 'BASE PARA FREGADERO DE 76X48CMS.IZQUIERD', 636.52, 1181.74, 16, '2010-09-20', 10),
(2080, 'MOC-0010', 'BASE PARA FREGADERO DE 0.85 CMS. IZQ.', 546.61, 1014.82, 16, '2005-01-05', 10),
(2081, 'MOC-0020', 'BASE PARA FREGADERO DE 0.85 CMS. DER.', 546.61, 1014.82, 16, '2005-01-05', 10),
(2082, 'MOC-0030', 'BASE PARA FREGADERO DE 1.05 CMS. IZQ.', 1116.52, 2072.88, 16, '2005-01-05', 10),
(2083, 'MOC-0100', 'PAQUETE MUEBLE P/COCINA (TARJA/BASE)', 1116.52, 2072.88, 16, '2011-09-26', 10),
(2084, 'PYC-01015', 'PARRILLA ELECTRICA CUADRADA SENCILLA YAQ', 136.08, 274.47, 16, '2005-01-05', 10),
(2085, 'PYC-01020', 'PARRILLA ELECTRICA REDONDA CON ASAS MAYA', 108.86, 219.57, 16, '2008-11-11', 10),
(2086, 'PYC-01022', 'PARRILLA ELECTRICA CUADRADA C/APAGA.CORA', 174.96, 352.89, 16, '2005-01-05', 10),
(2087, 'PYC-01039', 'PARRILLA ELECTRICA CUADRADA C/TERM. HUAS', 181.44, 365.96, 16, '2005-01-05', 10),
(2088, 'PYC-01048', 'PARRILLA ELECTRICA CUAD.DOBLE C/APAG.TOL', 265.68, 535.87, 16, '2005-01-05', 10),
(2089, 'PYC-01053', 'PARRILLA ELECTRICA CUAD.DOBLE C/TERM.HUI', 324, 653.5, 16, '2005-01-05', 10),
(2090, 'PYC-190129', 'PARRILLA ELECT.CUAD.C/A.2Q.C/APAG. B721', 261.86, 396.06, 16, '2007-12-26', 10),
(2091, 'PYC-190130', 'PARRILLA ELECTRICA REDONDA C/ASAS B788A', 101.31, 153.24, 16, '2005-01-05', 10),
(2092, 'PYC-190130C', 'PARRILLA ELECTRICA RED.C/A.C/TERM. B788C', 144.24, 218.16, 16, '2012-09-24', 10),
(2093, 'PYC-190131', 'PARRILLA ELECTRICA CUADRADA C/ASAS B789A', 119.34, 180.5, 16, '2007-12-26', 10),
(2094, 'PYC-190132', 'PARRILLA DE GAS 2 QUEMADORES ACERO 304', 222.68, 336.8, 16, '2016-06-13', 10),
(2095, 'PYC-190133', 'PARRILLA ELECT.CUAD.C/A. Y TERM.1Q. B761', 154.53, 233.73, 16, '2007-12-26', 10),
(2096, 'PYC-190134', 'PARRILLA DE GAS 2 QUEMADORES 303', 216.54, 327.51, 16, '2015-09-24', 10),
(2097, 'PYC-190135', 'PARRILLA DE GAS 4 QUEMADORES 311', 450.8, 681.84, 16, '2015-09-24', 10),
(2098, 'PYC-190136', 'PARRILLA DE GAS 2 QUEMADORES CUB.ACE.308', 275.05, 416.01, 16, '2016-08-17', 10),
(2099, 'PYC-191132', 'PARRILLA ELECTRICA CUADRADA C/ASAS 789', 119.34, 180.5, 16, '2016-09-28', 10),
(2100, 'PYC-191133', 'PARRILLA ELEC.CUAD.MAD.SURT. 902', 151.59, 229.28, 16, '2016-09-28', 10),
(2101, 'PYC-191134', 'ENSAMBLE MEZCLADOR CORTO', 22.23, 33.63, 16, '2016-09-28', 10),
(2102, 'PYC-191135', 'ENSAMBLE MEZCLADOR DERECHO', 29.66, 44.86, 16, '2016-09-28', 10),
(2103, 'PYC-191136', 'ENSAMBLE MEZCLADOR IZQUIERDO', 29.66, 44.86, 16, '2016-09-28', 10),
(2104, 'PYC-P0011', 'PARRILLA ELECTRICA SUPER FLAMA 1Q. AZUL', 298.97, 603.02, 16, '2013-05-07', 10),
(2105, 'PYC-P0022', 'PARRILLA ELECTRICA SUPER FLAMA 2Q. NEGRO', 519.24, 1047.29, 16, '2013-05-07', 10),
(2106, 'PYC-P2028', 'PARRILLA ELECTRICA LAMEX 1Q. AC.M.PL118T', 460.18, 928.17, 16, '2013-05-07', 10),
(2107, 'PYC-P2520', 'PARRILLA ELECTRICA LAMEX 2Q.AC.M.PL127DP', 846.57, 1707.51, 16, '2013-05-07', 10),
(2108, 'PYC-PAR20', 'PARRILLA DE BARRO ELECTRICA MOD.801', 20.77, 31.41, 16, '2005-01-05', 10),
(2109, 'PYC-PAR21', 'PARRILLA ELECTRICA ECO.DIR.1R. MOD.802', 77.26, 116.86, 16, '2016-09-28', 10),
(2110, 'PYC-PAR21TER', 'PARRILLA ELECTRICA ECO.DIR.1ER.C/TERMOST', 107.32, 162.33, 16, '2017-07-22', 10),
(2111, 'TOO-FU9531', 'PARRILLA ELECTRICA DE 2 QUEMADORES', 195.98, 335, 16, '2015-11-14', 10),
(2112, 'TOO-RO1680', 'PARRILLA DE GAS CON 2 QUEMADORES 2/6', 176.91, 302.4, 16, '2008-09-27', 10),
(2113, 'TOO-RO9530', 'PARRILLA ELECTRICA DE 1 QUEMADOR', 111.14, 284.92, 16, '2010-08-21', 10),
(2114, 'TOO-RO9531', 'PARRILLA ELECTRICA DE 2 QUEMADORES', 239.38, 613.68, 16, '2010-08-21', 10),
(2115, 'TUG-000736', 'PERILLA P/BOILER DE GAS JONY', 7.68, 12.93, 16, '2016-06-29', 10),
(2116, 'ANB-EE1025', 'EMPAQUE ESPONJOSO P/SANITARIO DE 3', 17.21, 36.14, 16, '2012-09-26', 11),
(2117, 'ANB-EMPE', 'EMPAQUE ESPONJOSO P/SANITARIO DE 2', 5.65, 10.61, 16, '2012-09-26', 11),
(2118, 'ANB-HERT-04', 'JUEGO DE 4 HERRAJES PARA TARJA', 0.01, 0.02, 16, '2018-11-16', 11),
(2119, 'ANB-HERT-06', 'JUEGO DE 6 HERRAJES PARA TARJA', 0.01, 0.02, 16, '2018-11-16', 11),
(2120, 'ANB-HERT-08', 'JUEGO DE 8 HERRAJES PARA TARJA', 0.01, 0.02, 16, '2017-11-22', 11),
(2121, 'ANB-JH1011', 'JUEGO DE HERRAJES PARA WC COMPLETO ANBEC', 41.48, 77.02, 16, '2014-04-21', 11),
(2122, 'ANB-JH1012', 'JUEGO DE HERRAJES PARA WC COMPLETO 3 ANB', 63.48, 119.26, 16, '2015-07-08', 11),
(2123, 'ANB-SAPC', 'SAPITO PARA SANITARIO CON CADENA', 13.04, 15.1, 16, '2015-09-10', 11),
(2124, 'ANB-SEPP12', 'SEPARADOR DE PISO 1/2 (BOLSA C/50PZAS)', 16.67, 36.85, 16, '2015-07-08', 11),
(2125, 'ANB-SEPP18', 'SEPARADOR DE PISO 1/8 (BOLSA C/120PZS)', 16.67, 31.32, 16, '2015-07-09', 11),
(2126, 'ANB-SEPP316', 'SEPARADOR DE PISO 3/16 (BOLSA C/90PZS)', 16.67, 31.32, 16, '2015-07-09', 11),
(2127, 'ANB-SP1028', 'SAPITO PARA WC PLUS 3', 13.72, 28.8, 16, '2015-02-19', 11),
(2128, 'FLM-100AK133', 'JGO.DE REPARACION CLASICO PARA SANITARIO', 69.83, 114.4, 16, '2015-12-23', 11),
(2129, 'FLM-100AM133', 'VALVULA DE LLENADO CLASICA P/SANITARIO', 25.49, 41.76, 16, '2016-01-07', 11),
(2130, 'FLM-101AM133', 'VALV.LLENADO CLASICA P/SANIT.BRAZO FLOT.', 40.17, 65.81, 16, '2015-12-23', 11),
(2131, 'FLM-200AK133', 'JGO. REPARACION COMPL. P/WC C/VALV. Y SA', 164.98, 270.27, 16, '2016-10-18', 11),
(2132, 'FLM-200AM133', 'VALVULA DE LLENADO ADMISION P/WC', 65.7, 107.62, 16, '2015-12-23', 11),
(2133, 'FLM-200CM135', 'COMBO VALV. LLEN. Y FLAPPER', 86.86, 142.29, 16, '2016-10-18', 11),
(2134, 'FLM-500135', 'SAPO/FLAPPER DE DESCARGA P/SANITARIO', 27.01, 44.24, 16, '2017-09-23', 11),
(2135, 'FLM-501135', 'SAPO/FLAPPER DE DESCARGA ULTRA RESISTENT', 32.12, 52.61, 16, '2017-09-23', 11),
(2136, 'FLM-502135', 'SAPO AJUSTABLE ULTRA RESISTENTE', 40.15, 65.77, 16, '2016-10-18', 11),
(2137, 'FLM-503LA', 'FLAPPER 2 FLEXIBLE BLACK', 24.75, 40.55, 16, '2016-10-18', 11),
(2138, 'FLM-507A133', 'VALVULA DE DESCARGA C/SAPO/FLAPPER P/TAN', 51.1, 83.72, 16, '2016-10-18', 11),
(2139, 'FLM-540AKR', 'KIT REPAR.VALV.DESC.P/SANITARIO DE 3', 132.1, 216.4, 16, '2017-09-25', 11),
(2140, 'FLM-680', 'PALANCA ESTANDAR BLANCA', 24.33, 39.86, 16, '2016-10-18', 11),
(2141, 'HE1-001', 'HERRAJE PARA WC AZTECA UNIVERSAL', 42.49, 51.6, 16, '2017-05-16', 11),
(2142, 'HE1-070', 'CUBRE TALADRO NIQUELADO CON PORTA CADENA', 4.75, 8, 16, '2018-01-31', 11),
(2143, 'HE1-2200', 'HERRAJE NEGRO PARA TANQUE WC MOD. 2200', 41.4, 28, 16, '2006-03-06', 11),
(2144, 'HE1-2201', 'DESCARGA CON MANIJA MOD. 2201', 40.39, 66.17, 16, '2011-10-14', 11),
(2145, 'HE1-22300', 'PUSH BOTTON CROMADO MOD. 22300', 18.54, 30.37, 16, '2010-04-14', 11),
(2146, 'HE1-2608C', 'JUEGO DE ACCS.P/BANO CAJA MOD. 2608C', 37.08, 60.74, 16, '2011-05-18', 11),
(2147, 'HE1-5022', 'REGADERA ESPEJO #4 NEGRA MOD.5022', 28.69, 47, 16, '2013-09-25', 11),
(2148, 'HE1-5120', 'MANIJA COLA DE PATO CROMADA MOD. 5120', 34.42, 56.4, 16, '2013-09-18', 11),
(2149, 'HE1-5140', 'PUSH BOTON CROMADO MOD. 5140', 19.11, 31.31, 16, '2013-09-25', 11),
(2150, 'HE1-5220', 'VALVULA SANIPLAST MOD. 5220', 83.42, 136.67, 16, '2012-04-03', 11),
(2151, 'HE1-5240', 'JUEGO DE HERRAJE SANIPLAST No.2 MOD.5240', 129.78, 212.62, 16, '2012-04-03', 11),
(2152, 'HE1-5245', 'JUEGO DE HERRAJE SANIPLAST No.3 MOD.5245', 65.74, 107.71, 16, '2013-09-18', 11),
(2153, 'HE1-5620', 'MEDIO CESPOL UNIVERSAL MOD. 5620', 14.83, 24.29, 16, '2013-01-29', 11),
(2154, 'HE1-9302', 'VALVULA DE ENTRADA MOD. 9302', 14.83, 24.29, 16, '2013-01-29', 11),
(2155, 'HE1-9316', 'VALVULA DE SALIDA 2 C/MAN.CROM.MOD.9316', 22.24, 36.44, 16, '2013-01-29', 11),
(2156, 'HE1-9566', 'PALANCA BLANCA PARA WC MOD. 9566', 9.54, 15.62, 16, '2009-11-03', 11),
(2157, 'HE1-95670', 'PALANCA CROMADA PARA WC MOD. 95670', 14.31, 23.45, 16, '2010-04-14', 11),
(2158, 'HE1-9568', 'PALANCA PARA WC CROMADA MOD. 9568', 14.31, 23.45, 16, '2012-04-03', 11),
(2159, 'HE1-9600', 'HERRAJE NEGRO P/TANQUE WC BOLSA MOD.9600', 58.57, 95.96, 16, '2009-12-29', 11),
(2160, 'HE1-9600C', 'HERRAJE NEGRO P/TANQUE WC CAJA MOD.9600C', 46.34, 75.92, 16, '2011-05-18', 11),
(2161, 'HE1-9602', 'VALVULA SECURI MART MOD. 9602', 22.8, 37.35, 16, '2006-03-06', 11),
(2162, 'HE1-9660', 'JUEGO DE HERRAJE MANIJA CROMADA MOD.9660', 46.34, 75.92, 16, '2010-04-14', 11),
(2163, 'HE1-9661', 'JUEGO DE HERRAJE PLASTICO PARA CISTERNA', 148.72, 234.24, 16, '2018-03-27', 11),
(2164, 'HE1-97370', 'SAPO PLUS MOD. 97370', 10.64, 17.43, 16, '2006-03-06', 11),
(2165, 'HE1-9750', 'EMPAQUE ESPONJOSO MOD. 9750', 5.55, 9.1, 16, '2006-03-06', 11),
(2166, 'HE1-9990', 'HERRAJE PARA TANQUE SANIPLAST EN CAJA', 129.78, 212.62, 16, '2010-10-21', 11),
(2167, 'HE1-9999', 'VALVULA DE LLENADO P/WC GIRA JACK F-2716', 18.8, 30.8, 16, '2010-06-09', 11),
(2168, 'HE1-ACFF2335', 'CESPOL P/FREGADERO GDE FLEX LARGO F2335', 119.65, 196.02, 16, '2013-08-27', 11),
(2169, 'HE1-AFLF2449', 'FLOTADOR PLASTICO REFORZADO F2449', 17.72, 29.03, 16, '2013-08-27', 11),
(2170, 'HE1-AHWF2404', 'MANIJA P/WC DE PVC CROMADA F-2404', 13.21, 21.64, 16, '2016-06-20', 11),
(2171, 'HE1-AHWF2406', 'FLEXI SAPO F-2406', 12.81, 20.99, 16, '2013-07-12', 11),
(2172, 'HE1-AHWF2415', 'SAPO FLAP AZUL 2 CON PROTECTOR', 9.35, 10.9, 16, '2018-12-27', 11),
(2173, 'HE1-AHWF2468', 'SAPO AHORRADOR ZERO FUGAS C/TIRA. F-2468', 18.13, 29.7, 16, '2016-07-08', 11),
(2174, 'HE1-AHWF2563', 'EMPAQUE CONICO PARA WC F-2563', 5.02, 8.23, 16, '2013-08-13', 11),
(2175, 'HE1-AHWF2575', 'CUELLO DE ZERA FLEXIBLE P/WC F-2575', 18.54, 30.37, 16, '2018-11-22', 11),
(2176, 'HE1-AHWF2702', 'HERRAJES MAXTOR (BLANCO) F2702', 42.49, 49.5, 16, '2015-02-27', 11),
(2177, 'HE1-AHWF2723', 'JGO.DE HERRAJES ZERO FUGAS CAJA F2723/24', 81.26, 133.13, 16, '2013-07-13', 11),
(2178, 'HE1-AHWF4410', 'MANIJA P/WC METALICA C/VARILLA M-9200', 21.62, 35.42, 16, '2016-07-08', 11),
(2179, 'HE1-AHWF4411', 'MANIJA P/WC C/MAN. DE ZA AC Y TUER. PLAS', 18.74, 30.7, 16, '2018-12-13', 11),
(2180, 'HE1-VALLE271', 'VALVULA DE ENTRADA P/WC GIRA JACK F-2716', 36.27, 59.43, 16, '2013-07-16', 11),
(2181, 'HE1-VAREF271', 'VALVULA DE SALIDA F-2715', 28.35, 46.45, 16, '2013-07-12', 11),
(2182, 'HEP-FM200AK', 'JUEGO DE VALVULA Y HERRAJES', 446.15, 674.65, 16, '2005-01-05', 11),
(2183, 'HEP-FM200C', 'JUEGO DE REPARCION FLUIDMASTER', 267.07, 403.86, 16, '2005-01-05', 11),
(2184, 'HEP-HA-01', 'HERRAJE AQUAMASTER COLOR BLANCO CON SAPO', 31.4, 47.48, 16, '2015-11-27', 11),
(2185, 'HEP-HN-04', 'HERRAJE NACIONAL ELPRO C/VALV. DE DESCAR', 69.99, 105.84, 16, '2015-11-16', 11),
(2186, 'HEP-SA-01', 'VALVULA PERA', 5.04, 10.8, 16, '2016-03-19', 11),
(2187, 'HEP-SA-03', 'SAPO CONICO BLANCO', 6.78, 14.53, 16, '2015-11-16', 11),
(2188, 'HEP-SA-04', 'SAPO CONICO NEGRO', 5.72, 12.26, 16, '2015-11-27', 11),
(2189, 'HEP-SA-05', 'SAPO HERMETICO', 8.51, 18.23, 16, '2015-11-16', 11),
(2190, 'HEP-SA-09', 'SAPO HERMETICO DE 3', 12.18, 26.11, 16, '2015-11-16', 11),
(2191, 'MVA-ZMP11634', 'VALVULA CHECK TIPO YORK BRONCE 3/4', 39.2, 64.03, 16, '2011-08-09', 11),
(2192, 'SAN-HERRAJES', 'HERRAJES PARA WC F2724/F2702', 61.32, 71.5, 16, '2010-03-13', 11),
(2193, 'TOO-TC3162', 'HERRAJE PARA SANITARIO DE PVC', 67.7, 173.57, 16, '2008-09-27', 11),
(2194, 'ANB-TPME1188', 'MEMBRANA PARA EQUIPO HIDRONEUMATICO 24LT', 72.64, 160.54, 16, '2016-08-17', 12),
(2195, 'CO1-0-100', 'MANOMETRO DE AIRE PARA COMPRESOR', 50.13, 79.16, 16, '2007-01-07', 12),
(2196, 'CO1-0-160', 'MANOMETRO DE AIRE PARA COMPRESOR', 50.13, 79.16, 16, '2007-01-07', 12),
(2197, 'CO1-0-200', 'MANOMETRO DE AIRE PARA COMPRESOR', 30.32, 47.87, 16, '2007-01-07', 12),
(2198, 'CO1-A1', 'VALVULA DE AGUJA 1/4 NPT', 23.04, 36.37, 16, '2005-01-05', 12),
(2199, 'CO1-SKV', 'AUTOMATICO PARA COMPRESOR 50-80 PSI', 92.16, 145.51, 16, '2005-01-05', 12),
(2200, 'CO3-001CH', 'MANOMETRO 2100LBS. CUERDA 1/4 100-2', 50.47, 79.68, 16, '2005-01-05', 12),
(2201, 'CO3-002D1', 'MANOMETRO 2160LBS. CUERDA 1/4 160-2', 50.47, 79.68, 16, '2005-01-05', 12),
(2202, 'CO3-004CW', 'MANOMETRO 2200LBS. CUERDA 1/4 200-2', 50.47, 79.68, 16, '2005-01-05', 12),
(2203, 'CO3-046CH', 'MANOMETRO 100LBS CONEX.TRASERA 1/4NPT', 54.63, 86.25, 16, '2008-06-12', 12),
(2204, 'CO3-047CH', 'MANOMETRO 160LBS CONEX.TRASERA 1/4NPT', 54.77, 86.47, 16, '2008-06-12', 12),
(2205, 'CO4-SH2059', 'MANGUERA RESORTE 1/4X25 P/COMPRESOR', 31.07, 49.06, 16, '2005-01-05', 12),
(2206, 'CO4-SH2060', 'MANGUERA RESORTE 1/4X50 P/COMPRESOR', 51.62, 81.5, 16, '2005-01-05', 12),
(2207, 'CO4-SP2040', 'JUEGO CONEXION LATON 1/4 NPT CON 5PZS.', 89.88, 141.91, 16, '2005-01-05', 12),
(2208, 'HB1-HIDHS60T', 'HIDRONEUM.HORIZ.C/BOMBA JET60S 1/2HP110V', 1685.03, 2660.5, 16, '2014-04-11', 12),
(2209, 'HB1-I2PPB', 'INTERRUPTOR 2 POSICIONES PARA BOMBA', 16.55, 26.13, 16, '2015-06-03', 12),
(2210, 'HB1-I3PPM', 'INTERRUPTOR 2 POSICIONES PARA MOTOR', 20.67, 32.63, 16, '2015-06-03', 12),
(2211, 'HB1-LHT016', 'MANOMETRO PARA HIDRONEUMATICO 150PSI', 25.53, 40.31, 16, '2016-05-04', 12),
(2212, 'HB1-LHT017', 'MANOMETRO PARA HIDRONUEMATICO 180PSI', 25.53, 40.31, 16, '2015-10-03', 12),
(2213, 'HB1-SK-VI', 'AUTOMATICO PARA HIDRO 20-40 PSI', 55.23, 111.4, 16, '2005-01-05', 12),
(2214, 'HBA-9999', 'HIDRONEUMATICO 100LTS.BOM.PER.QB60 1/2HP', 4712.47, 9504.94, 16, '2010-07-30', 12),
(2215, 'HBA-B7001-1', 'FILTRO TIPO Y DE 1', 87.97, 138.9, 16, '2012-01-23', 12),
(2216, 'HBA-B7001-12', 'FILTRO TIPO Y DE 1/2', 38.8, 61.27, 16, '2012-01-23', 12),
(2217, 'HBA-B7001-34', 'FILTRO TIPO Y DE 3/4 B7001-1', 58.44, 92.27, 16, '2012-01-23', 12),
(2218, 'HBA-BRIDA-02', 'BRIDA PARA TANQUE FIERRO CROMADO', 32.12, 37.2, 16, '2010-06-10', 12),
(2219, 'HBA-CM560B1', 'SELLO ESTANDAR 1 MOD. CM560B-1', 35.8, 56.52, 16, '2011-07-14', 12),
(2220, 'HBA-CM560B1-', 'SELLO ESTANDAR 1-1/2 MOD. CM560B-1-1/2', 95.48, 150.76, 16, '2011-07-14', 12),
(2221, 'HBA-CM560B14', 'SELLO ESTANDAR 1-1/4 MOD. CM560B-1-1/4', 46.86, 73.98, 16, '2011-07-14', 12),
(2222, 'HBA-CM560B18', 'SELLO ESTANDAR 1-1/8 MOD. CM560B-1-1/8', 44.03, 69.52, 16, '2011-07-14', 12),
(2223, 'HBA-CM560B34', 'SELLO ESTANDAR 3/4 MOD. CM560B-3/4', 27.05, 42.72, 16, '2011-07-14', 12),
(2224, 'HBA-CME-1', 'SELLO ESTANDAR 1 MOD. CME-1', 31.56, 49.83, 16, '2011-07-14', 12),
(2225, 'HBA-CME-1/2', 'SELLO ESTANDAR 1/2 MOD. CME-1/2', 10.88, 17.17, 16, '2016-03-18', 12),
(2226, 'HBA-CME-3/4', 'SELLO ESTANDAR 3/4 MOD. CME-3/4', 18.73, 29.58, 16, '2011-07-14', 12),
(2227, 'HBA-CME-5/8', 'SELLO ESTANDAR 5/8 MOD. CME-5/8', 16.7, 26.37, 16, '2011-07-14', 12),
(2228, 'HBA-DSK-1', 'AUTOMATICO PARA BOMBA DE AGUA 1F 124V', 468.7, 546.3, 16, '2018-12-11', 12),
(2229, 'HBA-HM100', 'MANGUERA FLEX. P/HIDRONEUMATICO 1 100CM', 159.4, 252.66, 16, '2013-09-20', 12),
(2230, 'HBA-HM50', 'MANGUERA FLEX. P/HIDRONEUMATICO 50CM', 92.35, 165.22, 16, '2017-09-30', 12),
(2231, 'HBA-HM60', 'MANGUERA FLEX. P/HIDRONEUMATICO 3/4 60CM', 100.19, 178.9, 16, '2008-06-17', 12),
(2232, 'HBA-HM90', 'MANGUERA FLEX. P/HIDRONEUMATICO 3/4 90CM', 134.38, 221, 16, '2009-09-26', 12),
(2233, 'HBA-JK-1.5', 'CONEXION RAPIDA P/MANFUERA PLANA 1.5', 8.41, 16.96, 16, '2015-10-21', 12),
(2234, 'HBA-JK-2', 'CONEXION RAPIDO P/MANGUERA PLANA 2', 14.13, 28.51, 16, '2011-11-11', 12);
INSERT INTO `productos` (`reg`, `folio`, `descripcion`, `costo`, `precio_venta`, `iva`, `f_reg`, `categoria`) VALUES
(2235, 'HBA-JK-3', 'CONEXION RAPIDA P/MANGUERA PLANA 3', 22.73, 45.84, 16, '2016-05-16', 12),
(2236, 'HBA-JK-4', 'CONEXION RAPIDA PARA MANGUERA PLANA 4', 41.62, 83.96, 16, '2015-10-21', 12),
(2237, 'HBA-KIT100LT', 'TANQUE DE 100 LTS. KIT COMPLETO', 1491.06, 3467.05, 16, '2009-12-10', 12),
(2238, 'HBA-KIT24LTS', 'TANQUE DE  24 LTS. KIT COMPLETO', 533.91, 1131.88, 16, '2007-02-07', 12),
(2239, 'HBA-KIT36LTS', 'TANQUE DE  36 LTS. KIT COMPLETO', 732.59, 1341.23, 16, '2007-02-07', 12),
(2240, 'HBA-KIT50LTS', 'TANQUE DE  50 LTS. KIT COMPLETO', 814.47, 1110.3, 16, '2007-02-07', 12),
(2241, 'HBA-KIT60LTS', 'TANQUE DE  60 LTS. KIT COMPLETO', 1082.67, 2295.26, 16, '2007-02-07', 12),
(2242, 'HBA-KIT80LTS', 'TANQUE DE 80 LTS. KIT COMPLETO', 1354.4, 3182.61, 16, '2007-02-07', 12),
(2243, 'HBA-LM10312A', 'SELLO MECANICO LM103-12ABPC', 5.83, 9.21, 16, '2018-02-03', 12),
(2244, 'HBA-LM56034', 'SELLO MECANICO P/BOMBAS NACIONALES 3/4', 27.05, 42.72, 16, '2015-10-21', 12),
(2245, 'HBA-LME1/2AB', 'SELLO MEC. P/BOM. NAC. LME-1/2ABPC', 10.88, 17.17, 16, '2018-09-25', 12),
(2246, 'HBA-LME3/4AB', 'SELLO MEC. P/BOM. NAC. LME-3/4ABPC', 18.73, 29.58, 16, '2018-09-25', 12),
(2247, 'HBA-LME5/8AB', 'SELLO MEC. P/BOM. NAC. LME-5/8ABPC', 16.7, 26.37, 16, '2018-07-05', 12),
(2248, 'HBA-MEM200', 'CAMARA PARA HIDRONUEMATICO DE 200LTS.', 1067.49, 1809.49, 16, '2011-04-04', 12),
(2249, 'HBA-MEM24', 'CAMARA PARA HIDRONEUMATICO DE 24 Y 36LTS', 43.27, 50.5, 16, '2008-03-07', 12),
(2250, 'HBA-MEM50', 'CAMARA PARA HIDRONEUMATICO DE 50LTS.', 96.81, 123.7, 16, '2018-01-19', 12),
(2251, 'HBA-MEM60', 'CAMARA PARA HIDRONEUMATICO DE 50 Y 60LTS', 119.61, 202.75, 16, '2008-04-03', 12),
(2252, 'HBA-MEM80', 'CAMARA PARA HIDRONEUMATICO DE 80 Y 100LT', 220.34, 236.9, 16, '2008-04-03', 12),
(2253, 'HBA-PC-2', 'AUTOMATICO HIDRO Y COMPRESOR HEMBRA 1/4', 68.6, 79.9, 16, '2010-06-10', 12),
(2254, 'HBA-PC-5', 'AUTOMATICO HIDRO Y COMPRESOR HEMBRA 1/4', 73.75, 127.67, 16, '2010-06-10', 12),
(2255, 'HBA-PC-5H', 'AUTOMATICO P/COMPRESOR NPT 1/4', 73.75, 127.67, 16, '2018-07-05', 12),
(2256, 'HBA-PC-8F', 'FLOTADOR DOS FUNCIONES (TINACO-CISTERNA)', 71.58, 121.34, 16, '2011-06-10', 12),
(2257, 'HBA-RAC-5L', 'CONEXION T 5 VIAS LARGO RACOR SHIMGE', 80.48, 136.43, 16, '2008-11-07', 12),
(2258, 'HBA-SH60T', 'TANQUE HIDRONEUMATICO PRE-ARMADO SH60T', 1380.45, 2339.99, 16, '2011-01-19', 12),
(2259, 'HBA-SH70T', 'TANQUE HIDRONEUMATICO PRE-ARMADO SH70T', 2155.66, 3654.04, 16, '2011-01-19', 12),
(2260, 'HBA-TH-24L', 'TANQUE HIDRONEUMATICO VERT. KIT 24LTS.', 585.45, 992.39, 16, '2010-07-22', 12),
(2261, 'HBA-THBJ-24L', 'HIDRONEUMATICO VERT.BOMBA JET 24LTS 1/2', 1008.16, 1712.3, 16, '2011-03-02', 12),
(2262, 'HBA-THBP-24L', 'HIDRONUEMATICO VERT.BOMBA PER.24LTS 1/2', 1038.01, 1765.48, 16, '2011-03-02', 12),
(2263, 'HBA-TO-100L', 'HIDRONEUMATICO HOR.BOM.PER.100LT.1HP', 3464.02, 4851.15, 16, '2010-03-18', 12),
(2264, 'HBA-TO-100L1', 'HIDRONEUMATICO HOR.BOM.PER.100LT.3/4', 2993.97, 4192.97, 16, '2013-07-03', 12),
(2265, 'HBA-TO-24L', 'HIDRONEUMATICO HORIZ.BOMBA PER.24LTS 1/2', 967.47, 1355.21, 16, '2007-03-07', 12),
(2266, 'HBA-TO-24L2', 'HIDRONEUM.HOR.BOMBA ECO GRIS PER.24LTS.', 1116.29, 1563.09, 16, '2018-03-15', 12),
(2267, 'HBA-TO-24L3', 'HIDRONEUM.HOR.BOMBA HIGH AZUL PER.24LTS.', 1339.6, 1876.21, 16, '2018-03-15', 12),
(2268, 'HBA-TO-36L', 'HIDRONEUMATICO HORIZ.BOMBA PER.36LTS 1/2', 1786.69, 2501.93, 16, '2006-08-06', 12),
(2269, 'HBA-TO-36L1', 'HIDRONEUMATICO HORIZ.BOM.PER.36L.1/2 ECO', 1637.73, 2293.53, 16, '2019-03-01', 12),
(2270, 'HBA-TO-50L', 'HIDRONEUMATICO HORIZ.BOMBA PER.50LTS 3/4', 2606.44, 3649.28, 16, '2006-08-06', 12),
(2271, 'HBA-TO-50L1/', 'HIDRONEUMATICO HORIZ.BOMBA PER.50LT 1/2', 1712.4, 2397.79, 16, '2017-04-16', 12),
(2272, 'HBA-TO-50LP', 'HIDRONEUMATICO HORIZ.BOMBA PER.50LTS 1/2', 121.6, 333, 16, '2016-09-05', 12),
(2273, 'HBA-TO-60L', 'HIDRONEUMATICO HORIZ.BOMBA PER.60LTS 1HP', 2956.36, 4140.16, 16, '2006-08-06', 12),
(2274, 'HBA-TO-60L1', 'HIDRONEUMATICO HORIZ.BOMBA PER.60LTS 3/4', 2754.95, 3858.95, 16, '2010-03-18', 12),
(2275, 'HBA-TO-80L', 'HIDRONEUMATICO HORIZ.BOMBA PER.80LTS 1HP', 3277.17, 4588.75, 16, '2006-08-06', 12),
(2276, 'HBA-TO-80L1', 'HIDRONEUMATICO HORIZ.BOMBA PER.80LTS.3/4', 2978.75, 4170.92, 16, '2013-07-03', 12),
(2277, 'HBA-TOBJ-100', 'HIDRONEUMATICO HOR.BOM.JET100LT.1HP', 3870.93, 5421.91, 16, '2010-01-30', 12),
(2278, 'HBA-TOBJ-101', 'HIDRONEUMATICO HOR.BOM.JET100LT.3/4', 3649.03, 5108.65, 16, '2013-07-03', 12),
(2279, 'HBA-TOBJ-102', 'HIDRONEUMATICO HOR.BOM.JET100LT.PC 1/2', 5263.86, 7371.7, 16, '2014-11-18', 12),
(2280, 'HBA-TOBJ-24L', 'HIDRONEUMATICO HORIZ.BOMBA JET 24LTS 1/2', 1938.76, 2606.69, 16, '2008-04-12', 12),
(2281, 'HBA-TOBJ-300', 'HIDRONEUMATICO VERT.BOMBA JET300LTS.1HP', 7314.64, 11517.8, 16, '2010-08-18', 12),
(2282, 'HBA-TOBJ-36L', 'HIDRONEUMATICO HORIZ.BOMBA JET 36LTS 1/2', 2093.61, 2814.78, 16, '2008-04-12', 12),
(2283, 'HBA-TOBJ-50', 'HIDRONEUMATICO HORIZ.BOMBA JET 50LTS 1/2', 121.7, 291.2, 16, '2016-09-05', 12),
(2284, 'HBA-TOBJ-501', 'HIDRONEMUAT.HORIZ.BOMBA JET 50LTS 1-1/2H', 2326.6, 3127.68, 16, '2014-10-13', 12),
(2285, 'HBA-TOBJ-50L', 'HIDRONEUMATICO HORIZ.BOMBA JET 50LTS 3/4', 3127.03, 4380.37, 16, '2008-04-12', 12),
(2286, 'HBA-TOBJ-600', 'HIDRONEUMATICO HORIZ.BOMBA JET 60L.PC1/2', 2636.04, 3545.76, 16, '2014-11-18', 12),
(2287, 'HBA-TOBJ-601', 'HIDRONEUMATICO HORIZ.BOMBA JET 60LTS.3/4', 3025.95, 4066.47, 16, '2011-02-09', 12),
(2288, 'HBA-TOBJ-60L', 'HIDRONEUMATICO HORIZ.BOMBA JET 60LTS 1HP', 3351.5, 4693.2, 16, '2008-04-12', 12),
(2289, 'HBA-TOBJ-800', 'HIDRONEUMATICO HORIZ.BOMBA JET 80L.PC1/2', 3024.52, 4066.99, 16, '2014-11-18', 12),
(2290, 'HBA-TOBJ-801', 'HIDRONUEMATICO HORIZ.BOMBA JET 80LTS3/4H', 3490.35, 4692.45, 16, '2011-06-01', 12),
(2291, 'HBA-TOBJ-80L', 'HIDRONEUMATICO HORIZ.BOMBA JET 80LTS 1HP', 3573.62, 5006.15, 16, '2008-04-12', 12),
(2292, 'HBA-TP-60L', 'TANQUE HIDRONEUMATICO VERT. KIT 60LTS.', 871.44, 1477.16, 16, '2010-07-22', 12),
(2293, 'HBA-TV-19L', 'TANQUE HIDRONEUMATICO VERT. KIT 19LTS.', 440.66, 746.95, 16, '2010-07-22', 12),
(2294, 'HBA-TVBP-19L', 'HIDRONEUMATICO VERT.BOMBA PER 19LTS. 1/2', 877.88, 1488.09, 16, '2011-03-02', 12),
(2295, 'HBA-VT150L', 'TANQUE HIDRONEUMATICO NPT1 VERT.150LT.', 3079.23, 4852.36, 16, '2018-09-20', 12),
(2296, 'HBA-VT200L', 'TANQUE HIDRONEUMATICO NPT1.5 VERT.200LT.', 5077.63, 8001.5, 16, '2018-09-20', 12),
(2297, 'HBA-VT300L', 'TANQUE HIDRONEUMATICO NPT1.5 VERT.300LT.', 5999.32, 9453.94, 16, '2010-08-09', 12),
(2298, 'HBA-Y40', 'MANOMETRO PARA HIDRONEUMATICO 100PSI', 25.21, 47, 16, '2008-06-17', 12),
(2299, 'HBA-Y50', 'MANOMETRO PARA HIDRONEUMATICO 150PSI', 27.49, 43.41, 16, '2016-03-29', 12),
(2300, 'TOO-TC2030', 'MANOMETRO 0-100 PSI', 34.55, 59.05, 16, '2008-09-27', 12),
(2301, 'TOO-TC2031', 'MANOMETRO 0-200 PSI', 38.71, 66.17, 16, '2008-09-27', 12),
(2302, 'AKS-107603', 'LLAVE FUNDIDA EN LATON CROMADA DE 1/2', 52.6, 86.18, 16, '2016-03-10', 13),
(2303, 'AKS-108510', 'LIMA TRIANGULO DOBLE 7', 21.54, 39.36, 16, '2016-03-10', 13),
(2304, 'AKS-306101', 'LLAVE PARA JARDIN 1/2', 21.04, 23.2, 16, '2015-07-24', 13),
(2305, 'AKS-306102', 'LLAVE PARA JARDIN 1/2', 27.55, 53.84, 16, '2015-07-24', 13),
(2306, 'ANB-BKA423', 'LLAVE JARDIN 1/2 ZINC MANGO ROJO BITKA', 20.74, 36.42, 16, '2017-04-07', 13),
(2307, 'MVA-000521', 'MARIPOSA P/LLAVE MANGUERA CUADRO', 14.61, 29.48, 16, '2016-06-29', 13),
(2308, 'MVA-01219', 'LLAVE PARA BEBEDERO C/RESORTE Y PIVOTE L', 1349.71, 2722.35, 16, '2005-01-05', 13),
(2309, 'MVA-01411', 'LLAVE INDIVIDUAL PARA FREGADERO', 184.13, 371.39, 16, '2005-01-05', 13),
(2310, 'MVA-01412', 'LLAVE INDIVIDUAL PARA FREGADERO MANERAL', 173.56, 350.06, 16, '2005-01-05', 13),
(2311, 'MVA-01610', 'LLAVE INDIVIDUAL PARA LAVABO LATON METAL', 152.3, 307.19, 16, '2005-01-05', 13),
(2312, 'MVA-01661', 'LLAVE INDIVIDUAL PARA LAVABO DE LATON', 135.45, 273.21, 16, '2010-03-18', 13),
(2313, 'MVA-04001', 'LLAVE ECONOMIZADORA', 691.77, 1395.3, 16, '2010-03-13', 13),
(2314, 'MVA-10343', 'LLAVE PARA BEBEDERO COMPACTA DE BRONCE', 711.45, 1434.98, 16, '2005-01-05', 13),
(2315, 'MVA-191', 'LLAVE MANGUERA BRONCE 45§', 201.76, 406.94, 16, '2007-12-27', 13),
(2316, 'MVA-2-D', 'LLAVE NARIZ DE 1/2 MANERAL DESMONTABLE', 89.08, 145.96, 16, '2017-09-20', 13),
(2317, 'MVA-F1254', 'LLAVE DE NARIZ F1254', 52.19, 82.41, 16, '2012-10-24', 13),
(2318, 'MVA-LLARE', 'LLAVE CONTROL RECTA AFER 1/2', 59.37, 93.54, 16, '2013-06-25', 13),
(2319, 'TOO-TC0864', 'LLAVE PARA JARDIN DE ROSCA DE 1/2', 34.11, 63.6, 16, '2008-09-27', 13),
(2320, 'TOO-TC0865', 'LLAVE PARA JARDIN DE ROSCA DE 3/4', 36.93, 75.74, 16, '2008-09-27', 13),
(2321, 'TOO-TC0866', 'LLAVE PARA JARDIN DE LATON NIQUELADO 1/2', 18.34, 34.21, 16, '2008-09-27', 13),
(2322, 'TOO-TC0867', 'LLAVE PARA JARDIN DE LATON NIQUELADO 3/4', 44.45, 113.95, 16, '2008-09-27', 13),
(2323, 'TOO-TC1466', 'LLAVE PARA JARDIN DE ROSCA DE 1/2', 44.08, 75.35, 16, '2008-09-27', 13),
(2324, 'TOO-TC1467', 'LLAVE PARA JARDIN DE ROSCA DE 1/2 CROMAD', 29.78, 50.9, 16, '2008-09-27', 13),
(2325, 'TOO-TC2283', 'LLAVE PARA JARDIN AFER 13 ZINC 13MM', 45.27, 77.39, 16, '2008-09-27', 13),
(2326, 'TOO-TC2294', 'LLAVE INDIVIDUAL DE 1/2 X 1/2 SIN ROSCA', 20.43, 38.1, 16, '2008-09-27', 13),
(2327, 'TOO-TC2295', 'LLAVE INDIVIDUAL PARA FREGADERO', 70.29, 131.05, 16, '2008-09-27', 13),
(2328, 'AKS-107602', 'LLAVE FUNDIDA EN LATON DE 1/2', 37.57, 61.56, 16, '2016-03-10', 14),
(2329, 'AKS-113201', 'LLAVE DE ESFERA ROSCABLE 1/2', 37.58, 61.56, 16, '2015-09-12', 14),
(2330, 'AKS-113202', 'LLAVE DE ESFERA ROSCABLE 3/4', 55.11, 107.69, 16, '2015-09-12', 14),
(2331, 'AKS-113203', 'LLAVE DE ESFERA SOLDABLE 1/2', 35.07, 57.45, 16, '2016-01-28', 14),
(2332, 'AKS-113204', 'LLAVE DE ESFERA SOLDABLE 3/4', 52.6, 102.8, 16, '2016-11-01', 14),
(2333, 'AKS-113205', 'LLAVE DE COMPUERTA ROSCABLE 1/2', 52.6, 86.18, 16, '2015-09-12', 14),
(2334, 'AKS-113206', 'LLAVE DE COMPUERTA ROSCABLE 3/4', 70.14, 137.07, 16, '2015-09-12', 14),
(2335, 'AKS-113207', 'LLAVE DE COMPUERTA SOLSABLE 1/2', 46.09, 75.51, 16, '2016-01-28', 14),
(2336, 'ANB-MP1016', 'MANIVELA SANIT.LAT.DE BOTN PUSH CROM.PLA', 15.41, 27.06, 16, '2017-10-14', 14),
(2337, 'ANB-R2034L4', 'RESUMIDERO CUADRADO LATON CROMADO ANBEC', 154.42, 290.09, 16, '2017-01-06', 14),
(2338, 'ANB-R2034L6', 'RESUMIDERO CUADRADO LATON CROMADO 6 ANBE', 306.69, 576.14, 16, '2016-12-26', 14),
(2339, 'ANB-SAPAC', 'SAPITO PARA SANITARIO CON CADENA ANBEC', 12.97, 26.56, 16, '2017-11-21', 14),
(2340, 'ANB-SP1018', 'SAPITO PARA SANITARIOS PLUS ANBEC 2', 7.81, 9.9, 16, '2016-12-26', 14),
(2341, 'LUX-6110A11', 'LLAVE PARA BANO 6110-A11 SALIDA MOVIBLE', 405.27, 710.98, 16, '2012-02-07', 14),
(2342, 'LUX-6110A11N', 'LLAVE PARA BANO 6110-A11N SATINADO S.MOV', 441.4, 696.94, 16, '2012-02-07', 14),
(2343, 'LUX-6110B11', 'LLAVE PARA BANO 6110-B11 SALIDA MOVIBLE', 381.06, 601.67, 16, '2012-02-07', 14),
(2344, 'LUX-6110C11', 'LLAVE PARA BANO 6110-C11 SALIDA MOVIBLE', 445.36, 703.18, 16, '2012-02-07', 14),
(2345, 'LUX-6110C11N', 'LLAVE PARA BANO 6110-C11N SATINADO FINO', 334.51, 528.16, 16, '2016-06-03', 14),
(2346, 'LUX-6111A11', 'LLAVE PARA BANO 6111-A11', 319.66, 504.72, 16, '2010-11-27', 14),
(2347, 'LUX-6111A11N', 'LLAVE PARA BANO 6111-A11N SATINADO FINO', 337.48, 532.85, 16, '2012-02-07', 14),
(2348, 'LUX-6111B11', 'LLAVE PARA BANO 6111-B11', 344.34, 543.68, 16, '2012-02-07', 14),
(2349, 'LUX-6111B11N', 'LLAVE PARA BANO 6111-B11N SATINADO FIJO', 248.4, 392.21, 16, '2012-02-07', 14),
(2350, 'LUX-6111C11N', 'LLAVE PARA BANO SATINADO 6111-C11N', 435.46, 687.56, 16, '2010-11-01', 14),
(2351, 'LUX-702052', 'LLAVE PARA BANO 70205-2', 781.67, 1234.18, 16, '2012-02-07', 14),
(2352, 'LUX-70309', 'LLAVE PARA BANO 70309', 561.15, 886, 16, '2018-09-24', 14),
(2353, 'LUX-70508', 'LLAVE PARA BANO 70508', 1279.66, 2020.47, 16, '2012-02-07', 14),
(2354, 'LUX-70509', 'LLAVE PARA BANO 70509', 551.25, 870.38, 16, '2012-04-20', 14),
(2355, 'LUX-707054', 'LLAVE PARA BANO 70705-4', 713.94, 1127.25, 16, '2012-02-07', 14),
(2356, 'LUX-71105', 'LLAVE PARA BANO 71105', 395.87, 625.05, 16, '2012-02-07', 14),
(2357, 'LUX-71108N', 'LLAVE PARA BANO 71108N SATINADO', 1031.25, 1628.25, 16, '2012-02-07', 14),
(2358, 'LUX-72801', 'LLAVE PARA BANO 72801', 529.48, 836, 16, '2012-04-20', 14),
(2359, 'LUX-80201', 'LLAVE PARA BANO 80201', 669.03, 1056.33, 16, '2012-02-07', 14),
(2360, 'LUX-80501', 'LLAVE PARA BANO 80501', 844.21, 1332.93, 16, '2012-02-07', 14),
(2361, 'LUX-80901', 'LLAVE PARA BANO 80901', 611.22, 965.06, 16, '2012-02-07', 14),
(2362, 'LUX-812051', 'LLAVE PARA BANO 81205-1', 330.56, 521.92, 16, '2010-11-27', 14),
(2363, 'LUX-81505', 'LLAVE PARA BANO 81505', 522.25, 824.58, 16, '2012-04-20', 14),
(2364, 'LUX-81709', 'LLAVE PARA BANO 81709', 600.74, 948.51, 16, '2012-04-20', 14),
(2365, 'LUX-90707', 'LLAVE PARA BANO 90707', 179.13, 282.83, 16, '2010-11-27', 14),
(2366, 'LUX-908051', 'LLAVE PARA BANO 90805-1', 254.19, 401.35, 16, '2010-11-27', 14),
(2367, 'LUX-D1A11', 'LLAVES PARA BANO D1-A11', 242.47, 382.83, 16, '2015-07-03', 14),
(2368, 'LUX-D1B11', 'LLAVES PARA BANO D1-B11', 268.21, 423.48, 16, '2015-07-03', 14),
(2369, 'LUX-D1C11', 'LLAVES PARA BANO D1-C11', 290.96, 459.41, 16, '2015-07-03', 14),
(2370, 'LUX-INA11', 'LLAVE PARA BANO IN-A11', 321.6, 507.77, 16, '2012-02-07', 14),
(2371, 'LUX-INB11', 'LLAVE PARA BANO IN-B11', 302.97, 478.37, 16, '2012-02-07', 14),
(2372, 'LUX-INC11', 'LLAVE PARA BANO IN-C11', 388.03, 612.66, 16, '2012-02-07', 14),
(2373, 'LUX-KN2207H', 'LLAVE PARA BANO CROMO KN-2207H', 1483.54, 2342.37, 16, '2018-09-24', 14),
(2374, 'LUX-KN2208H', 'LLAVE PARA BANO KN2208H', 1594.39, 2517.39, 16, '2017-05-02', 14),
(2375, 'LUX-LX1706', 'LLAVE PARA BANO LX-1706', 814.51, 1286.04, 16, '2012-04-20', 14),
(2376, 'LUX-LX1706H', 'LLAVE PARA BANO LX-1706H', 1377.65, 2175.18, 16, '2012-02-07', 14),
(2377, 'LUX-LX1706N', 'LLAVE PARA BANO LX-1706N SATINADO', 937.24, 1479.81, 16, '2012-02-07', 14),
(2378, 'LUX-LX2203N', 'LLAVE PARA BANO LX-2203N', 1379.63, 2178.31, 16, '2010-11-11', 14),
(2379, 'LUX-LX2207H', 'LLAVE PARA BANO LX-2207H', 1483.54, 2342.37, 16, '2012-02-07', 14),
(2380, 'LUX-LX2218', 'LLAVE PARA BANO LX-2218', 962.96, 1520.43, 16, '2010-11-01', 14),
(2381, 'LUX-ROS3336', 'LLAVE PARA BANO ROS3336', 501.77, 792.25, 16, '2012-04-20', 14),
(2382, 'LUX-ROS3336H', 'LLAVE PARA BANO ROS3336H', 756.12, 1193.84, 16, '2012-04-20', 14),
(2383, 'LUX-ROS6666', 'LLAVE PARA BANO ROS6666', 554.22, 875.07, 16, '2012-04-20', 14),
(2384, 'LUX-ZG18052', 'LLAVE PARA BANO ZG-1805-2', 1413.27, 2231.42, 16, '2018-09-24', 14),
(2385, 'MVA-01187', 'LLAVE PARA MINGITORIO', 1052.94, 2123.77, 16, '2007-05-07', 14),
(2386, 'MVA-LLAV13', 'LLAVE DE RESORTE CROMADA DE 1/2', 973.73, 1534.14, 16, '2005-01-05', 14),
(2387, 'MVA-LLAV19', 'LLAVE DE RESORTE CROMADA DE 3/4', 1115.89, 1758.11, 16, '2005-01-05', 14),
(2388, 'MVA-LLAV25', 'LLAVE DE RESORTE CROMADA DE 1', 1420.25, 2237.64, 16, '2005-01-05', 14),
(2389, 'MVA-RU6042', 'LLAVE DE PASO DE BRONCE DE 1/2', 53.16, 86.82, 16, '2005-01-05', 14),
(2390, 'MVA-RU6043', 'LLAVE ESTOPERO DE BRONCE DE 1/2', 50.28, 82.12, 16, '2005-01-05', 14),
(2391, 'MVA-RU6045', 'JUEGO DE CONEXION DE BRONCE DE 1/2', 25.63, 41.86, 16, '2016-06-29', 14),
(2392, 'MVA-RU6063', 'LLAVE ESTOPERO ESFERA 1/2 X 7/8 S/T', 52.58, 85.88, 16, '2009-12-21', 14),
(2393, 'MVA-VEROS-P', 'LLAVE EMPOTRAR ROSCABLE REG. MAN. PLAST.', 244.46, 399.29, 16, '2009-03-04', 14),
(2394, 'MVA-VESOL-P', 'LLAVE EMPOTRAR REGADERA SOL. MAN. PLAST.', 221.52, 361.81, 16, '2009-03-04', 14),
(2395, 'TOO-RO9659', 'LLAVE ANGULAR 1/2 X 1/2 CON ROSCA', 26.1, 44.61, 16, '2011-07-01', 14),
(2396, 'TOO-RO9660', 'LLAVE ANGULAR 1/2 X 1/2 CON BARRIL', 23.52, 40.21, 16, '2011-07-01', 14),
(2397, 'TOO-TC0066', 'LLAVE AJUSTABLE CROMADA PERICA DE 15', 311.18, 797.75, 16, '2008-06-05', 14),
(2398, 'TOO-TC2271', 'LLAVE ANGULAR DE 1/2 X 1/2 SIN ROSCA', 29.19, 54.42, 16, '2008-09-27', 14),
(2399, 'TOO-TC3177', 'LLAVE ANGULAR MEDIA C/BARRIL DE 1/2X1/2', 27.69, 47.33, 16, '2008-09-27', 14),
(2400, 'AKS-112602', 'LLAVE PARA TANQUE DE GAS', 34.06, 37.6, 16, '2016-05-14', 15),
(2401, 'ANB-ALIM55MA', 'ALIMENT. LAV/FREG.TRENZ.ALU.1/2X1/2X55CM', 14.8, 17.1, 16, '2015-07-08', 15),
(2402, 'ANB-TPBW11', 'LLAVE PARA PLOMERO DE 11 27.9MM TRUEPOWE', 80.71, 178.37, 16, '2014-11-22', 15),
(2403, 'ANB-TPBW16', 'LLAVE PARA PLOMERO DE 16 40.6MM TRUEPOWE', 87.16, 192.63, 16, '2014-11-22', 15),
(2404, 'ANB-TPLG1045', 'LLAVE PARA GAS 7/8', 29.05, 37.1, 16, '2014-11-22', 15),
(2405, 'ANB-VTA704', 'VALVULA PARA TANQUE ALTO BRONCE 3/4', 50.37, 88.46, 16, '2017-03-23', 15),
(2406, 'FOY-B3574-T', 'LLAVE DE GAS TROQUELADA 7/8', 18.68, 37.69, 16, '2005-01-05', 15),
(2407, 'STK-B3574', 'LLAVE DE GAS CROMADA 6 (24)', 34.91, 70.42, 16, '2005-01-05', 15),
(2408, 'TOO-RO9661', 'LLAVE PARA TANQUE DE GAS 7/8', 16.07, 27.47, 16, '2011-12-03', 15),
(2409, 'TOO-TC0997', 'LLAVE PARA TANQUE DE GAS DE 7/8', 29.13, 49.79, 16, '2008-09-27', 15),
(2410, 'LUX-6111C11', 'LLAVE PARA LAVABO 6111-C11', 377.07, 595.36, 16, '2010-11-01', 16),
(2411, 'LUX-G001', 'LLAVE PARA LAVABO G001', 526.51, 831.31, 16, '2012-02-07', 16),
(2412, 'LUX-G003', 'LLAVE PARA LAVABO G003', 647.25, 1021.95, 16, '2010-11-01', 16),
(2413, 'LUX-JT3301N', 'LLAVE DE FREGADERO JT3301N', 284.04, 448.48, 16, '2016-08-10', 16),
(2414, 'ANB-JM016BC', 'JGO. MAN.Y CHAP.MET.BCO/CRO P/REGADERA', 132.9, 279.02, 16, '2014-01-14', 17),
(2415, 'ANB-JM016C', 'JGO. MAN.Y CHAP.MET.BCO./CRO.P/REG.CRUZ', 125.61, 235.97, 16, '2014-01-14', 17),
(2416, 'ANB-JM016CD', 'JGO. MAN.Y CHAP.MET.CROM/ORO P/REG.CRUZ', 153.34, 288.06, 16, '2014-01-14', 17),
(2417, 'ANB-JM019', 'JGO.MAN.Y CHAP.MET.CROMADO JM019', 193.7, 363.88, 16, '2015-11-16', 17),
(2418, 'ANB-JM019C', 'JGO.MAN.Y CHAP.MET.CROMADO JM019C', 178.1, 334.57, 16, '2015-07-09', 17),
(2419, 'ANB-JM019S', 'JGO.MAN.Y CHAP.MET.SATIN JM019S', 214.14, 402.28, 16, '2017-11-07', 17),
(2420, 'ANB-JM0606', 'JGO. MAN. PARA LAVABO METALICO (ESP/EST)', 37.13, 69.75, 16, '2014-03-25', 17),
(2421, 'ANB-JM1356C', 'JGO. MANERAL P/REGADERA C/CHAPETON METAL', 81.18, 142.58, 16, '2017-12-27', 17),
(2422, 'ANB-JM192C', 'JGO. MANERAL Y CHAPETON MET.CROM.P/REGAD', 102.22, 192.04, 16, '2014-01-14', 17),
(2423, 'ANB-JM213H', 'JGO. MANERAL P/REGADERA ACR.HUMO C/CH.M.', 126.43, 237.52, 16, '2014-01-14', 17),
(2424, 'ANB-JM214A', 'JGO. MAN.PARA REGADERA ACRILICO CRISTAL', 139.25, 258.53, 16, '2015-07-09', 17),
(2425, 'ANB-JM2708', 'JGO. MANERAL P/REGADERA EMPOTRAR METALIC', 45.63, 80.14, 16, '2014-03-08', 17),
(2426, 'ANB-JM3808C', 'JGO. MANERAL P/REGADERA EMPOTRAR C/CH.M.', 80.01, 92.8, 16, '2014-04-24', 17),
(2427, 'ANB-JM500C', 'JGO. MAN.Y CHAP.MET.CRO.P/REGADERA', 158.73, 333.26, 16, '2014-01-14', 17),
(2428, 'ANB-JM505BC', 'JGO. MAN.Y CHAP.MET.CRO./BCO.P/REGADERA', 139.89, 293.72, 16, '2014-01-14', 17),
(2429, 'ANB-JM6027', 'JGO. MAN. Y CHAP. MET. CROM.P/REG. CRUZ', 139.89, 262.8, 16, '2016-01-20', 17),
(2430, 'ANB-JM6059C', 'JGO. MAN. Y CHAP. MET. CROMADO JM6059C', 156.03, 293.12, 16, '2015-07-09', 17),
(2431, 'ANB-JM616C', 'MANERAL REGADERA CROMADO METALICO CON CH', 78.01, 146.56, 16, '2015-11-30', 17),
(2432, 'ANB-JMANLA', 'JUEGO MANERAL PARA LAVABO ACRILICO', 34.43, 76.1, 16, '2015-11-16', 17),
(2433, 'ANB-JMRT803A', 'JGO. MAN.PARA REGADERA/TINA ACRILICO', 56.29, 104.51, 16, '2018-02-14', 17),
(2434, 'ANB-MTG1051', 'MANERAL CON TORNILLO P/VALVULA DE TANQUE', 12.91, 28.53, 16, '2015-07-29', 17),
(2435, 'ANB-PUST', 'PUSH PARA TINA METALICO', 61.87, 116.24, 16, '2013-08-14', 17),
(2436, 'ANB-PUSTPVC', 'PUSH PARA TINA PVC', 46.27, 97.15, 16, '2012-02-27', 17),
(2437, 'MVA-01501', 'JGO. DE MANERALES FAENZA CRUZ LATON CROM', 878.96, 1772.84, 16, '2010-03-13', 17),
(2438, 'MVA-01502', 'JGO. DE MANERALES FAENZA CRUZ SATIN PULI', 985.53, 1987.79, 16, '2010-03-14', 17),
(2439, 'MVA-01511', 'JGO. DE MANERALES FIOSOLE CROMO', 1341.2, 2705.17, 16, '2010-03-13', 17),
(2440, 'MVA-14041', 'JUEGO DE MANERALES DE ZAMAC CARINI', 294.5, 594, 16, '2010-03-13', 17),
(2441, 'MVA-14071', 'JUEGO DE MANERALES DE ZAMAC RHO', 294.5, 594, 16, '2010-03-13', 17),
(2442, 'MVA-14301', 'JUEGO DE MANERAL GRANDE S/CHAPETON (JGO)', 79.8, 160.97, 16, '2005-01-05', 17),
(2443, 'MVA-14305', 'JUEGO DE MANERAL Y CHAPETON ESTRELLA', 128.35, 258.89, 16, '2005-01-05', 17),
(2444, 'MVA-14308', 'JUEGO DE MANERALES FRIXO GRANDE C/CHAPET', 128.35, 258.89, 16, '2010-03-18', 17),
(2445, 'MVA-14315', 'JUEGO DE MANERAL LEDA CON CHAPETON', 128.35, 258.89, 16, '2005-01-05', 17),
(2446, 'MVA-14366', 'JUEGO DE MANERALES SHANI', 128.35, 258.89, 16, '2010-03-18', 17),
(2447, 'MVA-14395', 'JUEGO DE MANERAL ARES CON CHAPETON', 128.35, 258.89, 16, '2005-01-05', 17),
(2448, 'MVA-14414', 'JUEGO DE MANERALES INDRA', 140.95, 284.29, 16, '2010-03-13', 17),
(2449, 'MVA-14665', 'MANERAL ACRILICO CON CHAPETON CRISTAL', 263.06, 530.58, 16, '2009-04-04', 17),
(2450, 'MVA-AMAF2414', 'MANERAL KING DE CRUZ GDE. ANTIGUO F-2414', 29.32, 59.15, 16, '2013-08-13', 17),
(2451, 'MVA-AMAF2477', 'JGO. DE MANERALES QUEEN GRANDE F-2477', 97.99, 197.64, 16, '2013-09-21', 17),
(2452, 'MVA-MDG', 'MANERALES GRANDES CON CHAPETON CROMO', 227.64, 371.81, 16, '2007-11-27', 17),
(2453, 'MVA-P6111', 'JGO. LLAVES DE EMP.ROSC.MAN.Y CHAP.P6111', 139.84, 228.41, 16, '2012-10-24', 17),
(2454, 'MVA-QG', 'MANERALES URREA QUEEN SIN CHAPETON', 78, 127.4, 16, '2007-11-27', 17),
(2455, 'TOO-TC2801', 'MANERAL PROFESIONAL CON JAULA', 17.86, 30.53, 16, '2008-09-27', 17),
(2456, 'TOO-TC3159', 'MANERAL DE PUNTOS CON CHAPETON', 106.62, 182.25, 16, '2008-09-27', 17),
(2457, 'TOO-TC3160', 'MANERAL DE CRUCETA CON CHAPETON', 136.41, 233.18, 16, '2008-09-27', 17),
(2458, 'TOO-TC3161', 'MANERAL DE ACRILICO CON CHAPETON', 173.34, 296.29, 16, '2008-09-27', 17),
(2459, 'TOO-WF0153', 'JGO. DE COPLES P/MANGUERA CROMADO 1/4 5P', 42.89, 73.31, 16, '2015-06-22', 17),
(2460, 'AKS-102912', 'MANGUERA PARA AIRE BAJA PRESION 1/4X10MT', 105.21, 152.48, 16, '2016-02-23', 18),
(2461, 'AKS-102913', 'MANGUERA PARA AIRE BAJA PRESION 1/4X5MTS', 135.27, 196.04, 16, '2016-02-23', 18),
(2462, 'AKS-103307', 'MANGUERA FLEXIBLE P/FREG. 55CM. 1/2X1/2', 16.53, 32.3, 16, '2016-07-13', 18),
(2463, 'AKS-103308', 'MANGUERA FLEXIBLE P/WC 35CM. 1/2X7/8', 16.03, 31.33, 16, '2016-07-13', 18),
(2464, 'AKS-103310', 'MANGUERA FLEXIBLE P/LAVABO 40CM 1/2X1/2', 15.03, 29.37, 16, '2016-07-13', 18),
(2465, 'AKS-103311', 'MANGUERA FLEXIBLE P/BOILER 60CM 1/2X3/4', 26.55, 51.89, 16, '2016-07-13', 18),
(2466, 'AKS-103312', 'MANGUERA FLEXIBLE P/BOILER 60CM 3/4X3/4', 29.05, 56.78, 16, '2016-07-13', 18),
(2467, 'AKS-103321', 'MANGUERA P/GAS ALTA PRESION 60CM CONE3/8', 55.11, 60.8, 16, '2016-09-09', 18),
(2468, 'AKS-103322', 'MANGUERA P/GAS ALTA PRESION 1MTO. CON3/8', 60.12, 109.86, 16, '2016-09-09', 18),
(2469, 'AKS-103323', 'MANGUERA P/GAS ALTA PRESION 1.5MT.CON3/8', 67.63, 123.59, 16, '2016-09-09', 18),
(2470, 'AKS-307601', 'MANGUERA FLEXIBLE P/FREG. 55CM. 1/2X1/2', 13.52, 14.9, 16, '2016-02-23', 18),
(2471, 'AKS-307602', 'MANGUERA FLEXIBLE P/WC 35CM. 1/2X7/8', 13.52, 26.43, 16, '2016-02-23', 18),
(2472, 'AKS-307604', 'MANGUERA FLEXIBLE P/LAV. 40CM. 1/2X1/2', 13.02, 25.45, 16, '2016-02-23', 18),
(2473, 'AKS-307605', 'MANGUERA FLEXIBLE P/BOILER 60CM 1/2X3/4', 21.04, 41.12, 16, '2016-02-23', 18),
(2474, 'AKS-307606', 'MANGUERA FLEXIBLE P/BOILER 60CM 3/4X3/4', 23.54, 46.01, 16, '2016-05-14', 18),
(2475, 'ANB-AGAL1', 'ALIMENTADOR GAS TRENZ.ALU.3/8X3/8X1MTO.', 30.67, 57.61, 16, '2015-07-09', 18),
(2476, 'ANB-AGAL15', 'ALIMENTADOR GAS TRENZADO ALU.3/8X3/8X1.5', 39.11, 72.61, 16, '2015-07-09', 18),
(2477, 'ANB-AGAL2', 'ALIMENTADOR GAS TRENZ.ALU.3/8X3/8X2MTS.', 43.85, 81.41, 16, '2015-07-08', 18),
(2478, 'ANB-AGAL3', 'ALIMENTADOR GAS TRENZ.ALU.3/8X3/8X3MTS.', 56.88, 105.61, 16, '2015-07-09', 18),
(2479, 'ANB-AGAL4', 'ALIMENTADOR GAS TRENZ.ALU.3/8X3/8X4MTS.', 69.33, 128.72, 16, '2017-07-14', 18),
(2480, 'ANB-AGAL5', 'ALIMENTADOR GAS TRENZ.ALU.3/8X3/8X5MTS.', 79.4, 147.41, 16, '2017-07-14', 18),
(2481, 'ANB-AGAL60', 'ALIMEN. GAS TRENADO ALUM. 3/8X3/8 60CMS', 28.51, 53.56, 16, '2017-09-25', 18),
(2482, 'ANB-AGTN1399', 'ALIMENTADOR GAS TRENZ.NYLON 3/8X3/8X60CM', 25.83, 48.52, 16, '2017-07-14', 18),
(2483, 'ANB-AGTN1400', 'ALIMENTADOR GAS TRENZ.NYLON 3/8X3/8X1MTO', 34.43, 64.69, 16, '2017-07-14', 18),
(2484, 'ANB-AGTN1401', 'ALIMENTADOR GAS TRENZ.NYLON 3/8X3/8X1.5M', 41.97, 78.84, 16, '2017-07-20', 18),
(2485, 'ANB-AGTN1402', 'ALIMENTADOR GAS TRENZ.NYLON 3/8X3/8X2MTS', 53.27, 100.07, 16, '2017-07-20', 18),
(2486, 'ANB-AGTN1403', 'ALIMENTADOR GAS TRENZ.NYLON 3/8X3/8X3MTS', 75.32, 141.5, 16, '2017-07-20', 18),
(2487, 'ANB-AGTN1404', 'ALIMENTADOR GAS TRENZ.NYLON 3/8X3/8X4MTS', 91.46, 171.82, 16, '2017-07-14', 18),
(2488, 'ANB-AGTN1405', 'ALIMENTADOR GAS TRENZ.NYLON 3/8X3/8X5MTS', 110.29, 207.2, 16, '2017-07-14', 18),
(2489, 'ANB-ALILTM', 'ALIMENTADOR P/LAV. T ALUM. 1/2 20X20X40', 53.32, 93.65, 16, '2015-07-09', 18),
(2490, 'ANB-ALILV40', 'ALIMENTADOR LAV/FREG.TRENZ.VINIL.1/2X1/2', 15.18, 32.18, 16, '2019-05-05', 18),
(2491, 'ANB-ALILV55', 'ALIMENTADOR LAV/FREG.TRENZ.VINIL.1/2X1/2', 18.95, 22, 16, '2016-01-20', 18),
(2492, 'ANB-ALIM1MA', 'ALIMENTADOR P/FREG.Y LAV. 1/2X1/2 1MTO.', 24.89, 28.8, 16, '2010-05-17', 18),
(2493, 'ANB-ALIM40MA', 'ALIMENTADOR LAV/FREG.TRENZ.ALUM.1/2X1/2X', 13.63, 25.3, 16, '2015-07-09', 18),
(2494, 'ANB-ALISM40', 'ALIMENTADOR P/WC TRENZADO ALUM.1/2X7/8X', 13.99, 26.28, 16, '2015-07-09', 18),
(2495, 'ANB-ALISM55', 'ALIMENTADOR P/WC TRENZ.ALUM.1/2X7/8X55CM', 17.18, 30.18, 16, '2014-01-10', 18),
(2496, 'ANB-BKA985', 'ALIMENTADOR LAV FREG ALUM 1/2X1/2 40CMS', 8.88, 15.6, 16, '2018-01-18', 18),
(2497, 'ANB-BKA986', 'ALIMENTADOR LAV FREG ALUM 1/2X1/2 55CMS', 10.07, 17.68, 16, '2018-01-18', 18),
(2498, 'ANB-CL34', 'CONECTOR PARA LAVADORA 3/4X3/4X1.20CMS.', 52.73, 92.62, 16, '2010-08-09', 18),
(2499, 'ANB-CYL34', 'CONECTOR Y P/LAVADORA 3/4X3/4X3/4X30CMS.', 58.11, 109.16, 16, '2012-02-10', 18),
(2500, 'ANB-JMM1440', 'JGO MANGUERAS P/MEZ.MONOMANDO 1/4X1/2 40', 45.03, 79.08, 16, '2017-09-30', 18),
(2501, 'ANB-JMM1455', 'JGO. DE MANG. P/MONOMANDO 1/4X1/2X55CMS.', 47.09, 88.47, 16, '2012-02-09', 18),
(2502, 'ANB-MM141S', 'MANGUERA P/MONOMANDO 1/4X1/2X15CMS.', 19.9, 43.99, 16, '2012-02-09', 18),
(2503, 'ANB-MM1720', 'MANGUERA MONOMANDO DE 1/4 X 3/8', 62.41, 137.94, 16, '2017-06-14', 18),
(2504, 'HBA-M02-1.5', 'MANGUERA PLANA 1.5 30MTS', 364.22, 617.38, 16, '2016-05-16', 18),
(2505, 'HBA-M02-2', 'MANGUERA PLANA 2 30MTS.', 568.37, 963.44, 16, '2016-05-16', 18),
(2506, 'HBA-M02-3', 'MANGUERA PLANA 3 30MTS', 903.82, 1532.05, 16, '2016-05-16', 18),
(2507, 'HBA-M02-4', 'MANGUERA PLANA 4 30MTS', 1224.86, 2076.25, 16, '2016-05-16', 18),
(2508, 'HBA-S03-1', 'MANGUERA PLANA 1 50MTS1', 528.7, 834.77, 16, '2015-12-17', 18),
(2509, 'HBA-S03-2', 'MANGUERA PLANA 2 50MTS.', 1032.65, 1630.46, 16, '2015-02-26', 18),
(2510, 'HBA-S03-3', 'MANGUERA PLANA 3. 50 MTS', 1625.02, 2565.76, 16, '2014-07-02', 18),
(2511, 'HBA-S03-4', 'MAGUERA PLANA 4 50MTS.', 2517.09, 3974.25, 16, '2015-08-12', 18),
(2512, 'HEP-015-13', 'MANGUERA DE LLENADO PARA LAVADORA', 34.29, 51.85, 16, '2006-09-06', 18),
(2513, 'HIM-YT6006', 'ALIMENTADOR FLEX.P/FREG. 1/2X1/2', 40.9, 82.49, 16, '2016-06-29', 18),
(2514, 'MGA-CF-814SS', 'MANGUERA PARA WC 1/2X7/8 35CMS. ACE.INOX', 31.36, 63.25, 16, '2009-12-17', 18),
(2515, 'MGA-CF-8SS40', 'MANGUERA PARA LAVABO 1/2X1/2 40CMS.AC.IN', 27.76, 55.99, 16, '2009-12-17', 18),
(2516, 'MGA-CF-8SS55', 'MANGUERA P/FREGADERO 1/2X1/2 55CMS. A.I.', 30.05, 60.61, 16, '2009-12-17', 18),
(2517, 'MGG-370PFTE', 'MANGUERA TRICAPA P/GAS 3/8 AMARILLA(MTO)', 6.02, 10.25, 16, '2005-01-05', 18),
(2518, 'MGG-370PFTER', 'MANGUERA TRICAPA P/GAS 3/8 AMARILLA(100M', 460.4, 702.37, 16, '2012-03-02', 18),
(2519, 'MVA-16E60018', 'MANGUERA ALIM. DE ALUM. 3/8X3/8 DE 60CMS', 33.41, 67.38, 16, '2008-11-20', 18),
(2520, 'MVA-18416-40', 'MANGUERA ALUM. P/AGUA 1/2 X 7/8 DE 40CMS', 17.78, 35.86, 16, '2008-10-07', 18),
(2521, 'MVA-2279364', 'MANGUERA ALIM. P/AGUA 1/2X1/2X40CMS.', 51.71, 104.29, 16, '2014-04-11', 18),
(2522, 'MVA-2279371', 'MANGUERA ALIM. P/AGUA 1/2X1/2X50CMS.', 19.55, 39.44, 16, '2014-04-11', 18),
(2523, 'MVA-2279388', 'MANGUERA ALIM. P/AGUA 1/2X1/2X70CMS.', 75.84, 152.97, 16, '2014-04-11', 18),
(2524, 'MVA-2279395', 'MANGUERA ALIM. P/AGUA 1/2X1/2X100CMS.', 24.62, 49.66, 16, '2014-04-11', 18),
(2525, 'MVA-2279449', 'MANGUERA ALIM. P/AGUA 1/2X7/8X35CMS.', 55.15, 111.25, 16, '2014-04-11', 18),
(2526, 'MVA-2279456', 'MANGUERA ALIM. P/AGUA 1/2X7/8X50CMS.', 65.49, 132.11, 16, '2014-04-11', 18),
(2527, 'MVA-BP121260', 'MANGUERA PARA BOILER DE 1/2 X 1/2 X 60CM', 55.58, 103.59, 16, '2018-01-23', 18),
(2528, 'MVA-BP123460', 'MANGUERA PARA BOILER DE 1/2 X 3/4 X 60CM', 29.9, 63.38, 16, '2018-01-23', 18),
(2529, 'MVA-BP38X100', 'MANGUERA P/GAS 3/8X3/8X100CMS.', 24.57, 23.6, 16, '2018-01-23', 18),
(2530, 'MVA-BP38X150', 'MANGUERA P/GAS 3/8X3/8X150CMS.', 31.91, 31.4, 16, '2017-11-19', 18),
(2531, 'MVA-BP38X200', 'MANGUERA P/GAS 3/8X3/8X200CMS', 37.49, 83.52, 16, '2018-01-23', 18),
(2532, 'MVA-BP38X300', 'MANGUERA P/GAS 3/8X3/8X300CMS', 51.73, 54.7, 16, '2017-11-19', 18),
(2533, 'MVA-BP9787', 'MANGUERA FLEX.ALUM.1/2X1/2X40CMS P/LAVAB', 10.78, 8.8, 16, '2017-06-15', 18),
(2534, 'MVA-BP9788', 'MANGUERA FLEX.ALUM.1/2X1/2X55CMS P/FREGA', 21.39, 18.6, 16, '2017-06-15', 18),
(2535, 'MVA-BP9789', 'MANGUERA FLEX.ALUM.1/2X7/8X40CMS. P/W.C.', 11.23, 11.8, 16, '2017-06-15', 18),
(2536, 'MVA-BP9790', 'MANGUERA FLEX.ALUM.1/2X7/8X55CMS. P/W.C.', 14.62, 13.1, 16, '2017-11-19', 18),
(2537, 'MVA-MAAAF050', 'MANGUERA ALIM. P/FREG. 1/2X50CMS F-4131', 27.53, 18.1, 16, '2016-04-21', 18),
(2538, 'MVA-MAAAL040', 'MANGUERA ALIM. P/LAV. 1/2X40CMS F4136', 14.72, 24.04, 16, '2016-04-21', 18),
(2539, 'MVA-MAAALF10', 'MANGUERA ALIM. LAV/FREG. 1/2 X 1 F-4139', 22.8, 37.24, 16, '2016-05-04', 18),
(2540, 'MVA-MAAF4138', 'MANGUERA ALIM. TIPO Y LAV/FREG. F-4138', 35.61, 58.17, 16, '2016-05-04', 18),
(2541, 'MVA-MAN1.5', 'MANGUERA ALUMINIO P/GAS 1.5MTS', 39.98, 65.3, 16, '2009-06-01', 18),
(2542, 'MVA-MANA35WC', 'MANGUERA FLEX. ALUM. 1/2X7/8X35CMS.P/WC', 14.76, 24.1, 16, '2007-07-30', 18),
(2543, 'MVA-MANAL4', 'MANGUERA DE ALUMINIO P/GAS 4MTS', 77.35, 126.34, 16, '2009-03-23', 18),
(2544, 'MVA-MANAL5', 'MANGUERA DE ALUMINIO P/GAS 5MTS', 85.44, 139.55, 16, '2009-03-23', 18),
(2545, 'MVA-MANB35WC', 'MANGUERA ALUM. 7/8X7/8 DE 35CMS. CONEX.Z', 14.85, 24.26, 16, '2007-09-05', 18),
(2546, 'MVA-MPB3440', 'MANGUERA PARA BOILER 3/4X40CMS.', 148.41, 242.41, 16, '2014-04-11', 18),
(2547, 'MVA-MPB3460', 'MANGUERA PARA BOILER 3/4X60CMS.', 164.37, 268.48, 16, '2014-04-11', 18),
(2548, 'MVA-RU6056', 'ALIMENTADOR FLEX.3/4X3/4 DE 40CMS.P/BOIL', 81.79, 133.59, 16, '2007-11-06', 18),
(2549, 'TAM-MAP-1210', 'MANGUERA PVC 1/2 X 10M. CONEXION 1/2 NPT', 254.74, 382.33, 16, '2014-08-09', 18),
(2550, 'TAM-MAP-1215', 'MANGUERA PVC 1/2 X 10M. CONEXION 1/4 NPT', 339.66, 509.79, 16, '2011-10-05', 18),
(2551, 'TAM-MAP-1220', 'MANGUERA PVC 1/2 X 20M. CONEXION 1/4 NPT', 455.45, 683.57, 16, '2011-10-05', 18),
(2552, 'TAM-MAP-1415', 'MANGUERA PVC 1/4 X 15M. CONEXION 1/4 NPT', 149.76, 224.77, 16, '2011-10-04', 18),
(2553, 'TAM-MAP-3815', 'MANGUERA PVC 3/8 X 15M. CONEXION 1/4 NPT', 220, 330.2, 16, '2011-10-04', 18),
(2554, 'TOO-RO9787', 'MANGUERA FLEX. ALUM. 1/2X1/2X40CMS.P/LAV', 9.17, 20.89, 16, '2013-08-08', 18),
(2555, 'TOO-RO9788', 'MANGUERA FLEX. ALUM. 1/2X1/2X55CMS.P/FRE', 16.67, 37.99, 16, '2013-08-08', 18),
(2556, 'TOO-RO9789', 'MANGUERA FLEX. ALUM. 1/2X7/8X35CMS.P/WC', 9.77, 22.26, 16, '2013-08-08', 18),
(2557, 'TOO-TC1881', 'MANGUERA PARA JARDIN DE 1/2 X 10MTS.', 86.96, 127.42, 16, '2008-09-27', 18),
(2558, 'TOO-TC1882', 'MANGUERA PARA JARDIN DE 1/2 X 15MTS.', 113.18, 178.6, 16, '2008-09-27', 18),
(2559, 'TOO-TC1883', 'MANGUERA PARA JARDIN DE 1/2 X 20MTS.', 137, 234.19, 16, '2008-09-27', 18),
(2560, 'TOO-TC1884', 'MANGUERA PARA JARDIN DE 1/2 X 25MTS.', 169.77, 290.2, 16, '2008-09-27', 18),
(2561, 'TOO-TC1885', 'MANGUERA PARA JARDIN DE 1/2 X 100MTS.', 399.11, 545.56, 16, '2008-09-27', 18),
(2562, 'TOO-TC1885MT', 'MANGUERA PARA JARDIN DE 1/2 POR METRO', 3.98, 8.17, 16, '2010-05-28', 18),
(2563, 'TOO-TC2024', 'MANGUERA PARA AIRE ALTA PRESION 3/8X10MT', 211.46, 309.85, 16, '2008-09-27', 18),
(2564, 'TOO-TC2025', 'MANGUERA PARA AIRE ALTA PRESION 3/8X15MT', 284.74, 417.22, 16, '2008-09-27', 18),
(2565, 'TOO-TC2026', 'MANGUERA PARA AIRE TIPO RESORTE 1/4X25\'', 48.25, 76.13, 16, '2008-09-27', 18),
(2566, 'TOO-TC2027', 'MANGUERA PARA AIRE TIPO RESORTE 1/4X50\'', 75.64, 119.37, 16, '2008-09-27', 18),
(2567, 'TOO-TC2065', 'MANGUERA FLEX. ALUM. 1/2X1/2X40CMS.P/LAV', 11.67, 26.59, 16, '2008-09-27', 18),
(2568, 'TOO-TC2066', 'MANGUERA FLEX. ALUM. 1/2X1/2X55CMS.P/FRE', 15.75, 35.89, 16, '2008-09-27', 18),
(2569, 'TOO-TC2067', 'MANGUERA FLEX. ALUM. 1/2X7/8X35CMS.P/WC', 14.56, 33.18, 16, '2008-09-27', 18),
(2570, 'TOO-TC2068', 'MANGUERA FLEX. ALUM. 7/8X7/8X35CMS.P/WC', 15.18, 34.6, 16, '2008-09-27', 18),
(2571, 'TOO-TC2069', 'MANGUERA FLEX.P/GAS DE 3/8 X 60CMS.', 26.26, 59.85, 16, '2008-09-27', 18),
(2572, 'TOO-TC2070', 'MANGUERA FLEX.P/GAS DE 3/8 X 100CMS.', 30.97, 70.58, 16, '2008-09-27', 18),
(2573, 'TOO-TC2071', 'MANGUERA FLEX.P/GAS DE 3/8 X 150CMS.', 39.31, 89.59, 16, '2008-09-27', 18),
(2574, 'TOO-TC2072', 'MANGUERA FLEX.P/GAS DE 3/8 X 200CMS.', 44.08, 100.46, 16, '2008-09-27', 18),
(2575, 'TOO-TC2073', 'MANGUERA FLEX.P/GAS DE 3/8 X 300CMS.', 57.18, 130.3, 16, '2008-09-27', 18),
(2576, 'TOO-TC2074', 'MANGUERA FLEX.P/GAS DE 5/16 X  60CMS.', 29.29, 75.11, 16, '2008-09-27', 18),
(2577, 'TOO-TC2075', 'MANGUERA FLEX.P/GAS DE 5/16 X 100CMS.', 37.38, 95.83, 16, '2008-09-27', 18),
(2578, 'TOO-TC2076', 'MANGUERA FLEX.P/GAS DE 5/16 X 150CMS.', 44.45, 113.95, 16, '2008-09-27', 18),
(2579, 'TOO-TC2077', 'MANGUERA FLEX.P/GAS DE 5/16 X 200CMS.', 51.53, 132.1, 16, '2008-09-27', 18),
(2580, 'TOO-TC2078', 'MANGUERA FLEX.P/GAS DE 5/16 X 300CMS.', 67.7, 173.57, 16, '2008-09-27', 18),
(2581, 'TOO-TC3044', 'MANGUERA P/AIRE BAJA PRESION DE 1/4X5MT.', 64.33, 94.26, 16, '2008-09-27', 18),
(2582, 'TOO-TC3045', 'MANGUERA P/AIRE BAJA PRESION DE 1/4X10MT', 92.92, 136.15, 16, '2008-09-27', 18),
(2583, 'TOO-TC3309', 'MANGUERA FLEX.P/GAS DE 3/8 X 400CMS.', 81.01, 138.48, 16, '2010-06-04', 18),
(2584, 'TOO-TC3310', 'MANGUERA FLEX.P/GAS DE 3/8 X 500CMS.', 93.52, 159.86, 16, '2010-06-04', 18),
(2585, 'TOO-TC3346', 'MANGUERA REFORZADA PARA GAS 3/8 X 50MTS', 276.4, 436.15, 16, '2010-09-20', 18),
(2586, 'TOO-TC3346MT', 'MANGUERA REFORZADA PARA GAS 3/8 X METRO', 6.14, 15.76, 16, '2010-09-24', 18),
(2587, 'TOO-TC3619', 'MANGUERA FLEX.ALUM.P/BOILER 3/4X1/2 60CM', 49.44, 92.18, 16, '2012-11-15', 18),
(2588, 'TOO-TC3620', 'MANGUERA FLEX.ALUM.P/BOILER 3/4X3/4 60CM', 55.4, 103.29, 16, '2012-11-15', 18),
(2589, 'TUG-MGP82432', 'MANGUERA P/GAS 3/8X3/8X200CMS.', 55.86, 91.23, 16, '2014-04-11', 18),
(2590, 'TUG-MGP82456', 'MANGUERA P/GAS 3/8X3/8X300CMS.', 108.91, 177.88, 16, '2014-04-11', 18),
(2591, 'TUG-MPG82388', 'MANGUERA P/GAS 3/8X3/8X60CMS.', 47.88, 78.2, 16, '2014-04-11', 18),
(2592, 'TUG-MPG82401', 'MANGUERA P/GAS 3/8X3/8X100CMS.', 59.84, 97.74, 16, '2014-04-11', 18),
(2593, 'TUG-MPG82418', 'MANGUERA P/GAS 3/8X3/8X150CMS.', 47.88, 78.2, 16, '2014-04-11', 18),
(2594, 'VYM-336607', 'CONEXION GIRATORIA 1/4 FLARE X 1/4', 6.88, 12.22, 16, '2012-01-17', 18),
(2595, 'ADFAD', 'AZSDFASD', 3397.32, 7017.53, 16, '2016-04-18', 19),
(2596, 'AKS-108507', 'LIMA TRIANGULO REGULAR 7', 17.53, 32.04, 16, '2016-12-13', 19),
(2597, 'AKS-110971', 'DOCO MSP 20W 4PACK 10000HRS FRIO CAJA', 116.23, 212.4, 16, '2016-05-05', 19),
(2598, 'AKS-111682', 'LAMPARA DE MESA RECARGABLE GRIS/NEGRO', 142.79, 260.92, 16, '2015-01-29', 19),
(2599, 'AKS-113113', 'HACHA CAZADORA 1 1/4LB. MANGO DE MADERA', 87.67, 143.64, 16, '2016-02-23', 19),
(2600, 'AKS-115002', 'MEZ.LAV. 4 CUELLO CURVO MAN.TIPO', 225.45, 440.58, 16, '2015-09-12', 19),
(2601, 'AKS-115003', 'MEZCLADORA PARA LAVABO 4 CUELLO CURVO', 225.45, 440.58, 16, '2016-07-13', 19),
(2602, 'AKS-115004', 'MEZCLADORA P/LAVABO 4 CUELLO CURVO ESTRE', 225.45, 440.58, 16, '2016-07-13', 19),
(2603, 'AKS-115107', 'MONOMANDO METALICO P/FREGADERO', 400.81, 783.26, 16, '2016-06-04', 19),
(2604, 'AKS-308301', 'MEZCLADORA P/LAVABO 4 CUELLO CURVO MAN.', 145.29, 283.93, 16, '2016-07-14', 19),
(2605, 'AKS-308302', 'MEZCLADORA P/LAVABO 4 CUELLO CURVO MAN.', 145.29, 283.93, 16, '2016-02-23', 19),
(2606, 'AKS-308304', 'MEZCLADORA PARA LAVABO 4 MAN.TIPO TUBO', 180.36, 352.46, 16, '2016-09-09', 19),
(2607, 'AKS-308401', 'MEZCLADORA DE COCINA 8 CUELLO GANSO', 170.34, 332.88, 16, '2016-06-04', 19),
(2608, 'AKS-308402', 'MEZCLADORA DE COCINA 8 CUELLO GANSO MAN.', 170.34, 332.88, 16, '2016-02-23', 19),
(2609, 'AKSI', 'ABRAZADERA', 146.15, 248.56, 16, '2017-03-21', 19),
(2610, 'ANB-ALISV40', 'ALIMENTADOR P/SANI.TRENZ. VINILO 1/2', 16.59, 29.14, 16, '2015-07-15', 19),
(2611, 'ANB-AREMRI', 'AIREADOR PARA MEZCLADORA ROSCA INT', 11.3, 23.72, 16, '2016-08-11', 19),
(2612, 'ANB-BKA401M', 'MEZCLADORA LAVABO CROMADA CUBIERTA MANER', 141.04, 247.7, 16, '2017-03-23', 19),
(2613, 'ANB-BKA402M', 'MEZCLADORA LAVABO CROMADA CUBIERTA', 136.3, 239.37, 16, '2015-07-08', 19),
(2614, 'ANB-BKA403', 'MEZC.LAV.CROM.CUBIERTA MAN. Y BKA403', 57.44, 107.91, 16, '2015-07-08', 19),
(2615, 'ANB-BKA405M', 'MEZCLADORA LAVABO CROMADA CUBIERTA', 136.3, 239.37, 16, '2015-07-20', 19),
(2616, 'ANB-BKA406M', 'MEZCLADORA LAVABO CROMADA CUBIERTA', 136.3, 239.37, 16, '2015-07-20', 19),
(2617, 'ANB-BKA408M', 'MEZCLADORA FREGADOR CROMADA CUBIERTA', 160, 280.99, 16, '2015-07-20', 19),
(2618, 'ANB-BKA409M', 'MEZCLADORA FREGADOR CROMADA CUBIERTA', 171.85, 199.5, 16, '2015-07-20', 19),
(2619, 'ANB-BKA410M', 'MEZCL FREG.CROM.CUBIERTA BKA410M', 171.85, 301.81, 16, '2015-07-08', 19),
(2620, 'ANB-BKA411M', 'MEZC. FREG. CROMADA CUBIERTA BKA411M', 171.85, 301.81, 16, '2016-10-24', 19),
(2621, 'ANB-BKA412M', 'MEZC.FREG.CROMADA CUBIERTA BKA412M', 142.22, 249.77, 16, '2015-07-08', 19),
(2622, 'ANB-BKA698M', 'MEZCL. FREG. CROMADA CUB. Y MAN. DE ABS', 210.37, 369.46, 16, '2014-04-10', 19),
(2623, 'ANB-BKA699M', 'MEZCL. LAVABO CROMADA CUB. Y MAN. DE ABS', 160, 280.99, 16, '2014-04-10', 19),
(2624, 'ANB-BKA798C', 'MEZ. FREG. CROMADA CUBIERTA BKA798C', 213.34, 374.67, 16, '2016-10-24', 19),
(2625, 'ANB-CFA8', 'CUBIERTA FREGADOR 8 METALICA MEZCLADORA', 67.25, 141.2, 16, '2016-08-11', 19),
(2626, 'ANB-CFAB', 'CUBIERTA PARA MEZCLADORA FREGADOR', 63.57, 119.42, 16, '2015-02-19', 19),
(2627, 'ANB-ELF1021', 'EXTENSION P/LAVABO FLEX.PVC 23 A 75CMS', 24.89, 43.71, 16, '2015-11-07', 19),
(2628, 'ANB-ELF1022', 'EXTENSION P/LAVABO FLEX.PVC 15 A 50CMS', 17.21, 22, 16, '2015-07-15', 19),
(2629, 'ANB-J1243N', 'JALADERA  NIQUEL 632 MM', 75.32, 166.47, 16, '2015-12-23', 19),
(2630, 'ANB-J40801', 'JABONERA CROMADA PLASTICO', 80.71, 151.62, 16, '2015-12-29', 19),
(2631, 'ANB-JE001', 'JGO. LLAVE P/EMPOTRAR ROSCABLE MET.VUELT', 231.11, 405.89, 16, '2015-10-27', 19),
(2632, 'ANB-JE003', 'JUEGO LLAVE P/EMPOTRAR SOLDABLE MAN Y CH', 231.11, 429.08, 16, '2015-11-07', 19),
(2633, 'ANB-JE004', 'JGO.LLAVE P/EMPOTRAR SOLDABLE V.COMPLC.B', 154.07, 270.59, 16, '2017-06-15', 19),
(2634, 'ANB-JERA', 'JGO. LLAVE P/EMPOTRAR ROSCABLE MANERAL', 222.22, 390.28, 16, '2015-07-20', 19),
(2635, 'ANB-JERM', 'JGO. LLAVE P/EMPOTRAR ROSCABLE MAN. Y CH', 237.03, 416.29, 16, '2017-03-23', 19),
(2636, 'ANB-JESM', 'JGO. LLAVE P/EMPOTRAR SOLDABLE MAN. Y CH', 237.03, 416.29, 16, '2017-11-02', 19),
(2637, 'ANB-MEZL140C', 'MEZCLADORA MONOMANDO P/LAV. CROM. 300MM.', 426.67, 749.32, 16, '2013-03-21', 19),
(2638, 'ANB-MEZL1806', 'MEZCLADORA LAVABO CROMADA CUERPO LATON', 237.03, 416.29, 16, '2019-01-08', 19),
(2639, 'ANB-MEZL4001', 'MEZCLADORA LAVABO CROM. CUB. Y M. ABS', 171.26, 300.77, 16, '2013-03-21', 19),
(2640, 'ANB-MEZL4009', 'MEZCLADORA LAVABO CROM. CUB. Y M. ABS', 142.22, 249.77, 16, '2013-03-21', 19),
(2641, 'ANB-MEZL4010', 'MEZCLADORA LAVABO CROM. CUB. Y M. ABS', 142.22, 249.77, 16, '2013-03-21', 19),
(2642, 'ANB-MEZL4033', 'MEZCLADORA LAVABO CROM. CUB. Y M. ABS', 177.77, 312.21, 16, '2013-03-21', 19),
(2643, 'ANB-MEZL4036', 'MEZCLADORA LAVABO CROMO BCO. CUB. Y MAN.', 295.93, 555.92, 16, '2013-03-21', 19),
(2644, 'ANB-MEZL4060', 'MEZCLADORA LAV.CROM.CUB.Y M.M. MEZL4060C', 368.56, 692.36, 16, '2013-03-21', 19),
(2645, 'ANB-MEZL4077', 'MEZCLADORA LAVABO CROM. CUB. Y M. ABS', 142.22, 249.77, 16, '2013-03-21', 19),
(2646, 'ANB-MEZL4084', 'MEZCLADORA LAVABO CROM. CUB. Y M.M.', 222.22, 390.28, 16, '2013-03-21', 19),
(2647, 'ANB-MEZL4202', 'MEZCLADORA LAVABO CROM. CUB. Y M.M.', 263.65, 495.28, 16, '2013-03-21', 19),
(2648, 'ANB-MEZL4203', 'MEZCLADORA LAVABO CROM. CUB. Y M.M.', 312.07, 586.24, 16, '2013-03-21', 19),
(2649, 'ANB-MEZL4206', 'MEZCLADORA LAV.CROM.CUB.Y M.M. MEZF4206C', 360.49, 677.2, 16, '2013-03-21', 19),
(2650, 'ANB-MEZL4207', 'MEZCLADORA LAV.CROM.CUB.Y M.M. MEZL4207C', 360.49, 677.2, 16, '2013-03-21', 19),
(2651, 'ANB-MEZL4209', 'MEZCLADORA LAVABO CROM. CUB. Y M.M.', 263.65, 553.55, 16, '2013-03-21', 19),
(2652, 'ANB-MEZL696', 'MEZCL LAVABO CROMADA CUBIERTA Y MANERAL', 201.48, 353.85, 16, '2017-09-27', 19),
(2653, 'ANB-MEZL697', 'MEZCL LAVABO MONOMANDO METALICA CROMADA', 266.67, 468.33, 16, '2017-09-27', 19),
(2654, 'ANB-MEZL791C', 'MEZCL.LAV.CRO.CUB.MAN.AC.INOX.MEZL791C', 293.33, 515.16, 16, '2017-12-12', 19),
(2655, 'ANB-MEZL792C', 'MEZCL. LAV. CROM. CUB. Y MAN. DE ABS', 234.07, 434.56, 16, '2014-04-10', 19),
(2656, 'ANB-MEZL794C', 'MEZCLADORA LAVABO CROMADA CUBIERTA ZINC', 248.89, 437.11, 16, '2017-04-07', 19),
(2657, 'ANB-MEZL795C', 'MEZCL. LAV. MONOMANDO MET. CROMADA', 489.38, 919.33, 16, '2014-04-10', 19),
(2658, 'ANB-MEZL8019', 'MEZCLADORA LAVABO CROM. CUB. Y M. ABS', 155.5, 292.11, 16, '2013-03-21', 19),
(2659, 'ANB-MEZL8028', 'MEZCLADORA LAV.CROM.CUB.Y M.M. MEZF8028C', 312.07, 586.24, 16, '2013-03-21', 19),
(2660, 'ANB-MEZL8032', 'MEZCLADORA LAA.CROM/ORO C/CUB. MEZL8032', 322.83, 606.46, 16, '2015-07-09', 19),
(2661, 'ANB-MEZL804', 'MEZCLADORA LAVABO CUB.MAN. MEZL8041BN', 411.62, 773.24, 16, '2015-09-10', 19),
(2662, 'ANB-MEZL8040', 'MEZCLADORA LAVABO CRO/ORO CUB. Y M.M.', 511.15, 1073.19, 16, '2013-03-21', 19),
(2663, 'ANB-MEZL8041', 'MEZCLADORA LAVABO DORADA CUB. Y M.M.', 417.01, 875.55, 16, '2013-03-21', 19),
(2664, 'ANB-MEZL8045', 'MEZCLADORA LAVABO CROM. CUB. Y M.M.', 322.83, 606.46, 16, '2013-03-21', 19),
(2665, 'ANB-MEZLS104', 'MEZCLAD.P/LAV.CROM.DE SENSOR MEZLS1045', 1608.79, 3022.18, 16, '2012-02-10', 19),
(2666, 'ANB-MEZR2005', 'MONOMANDO P/REGADERA CROMADA MEZR2005', 511.15, 960.22, 16, '2012-02-09', 19),
(2667, 'ANB-MEZR8236', 'MEZCL.REG.2 MAN.MET.CROM. MEZR8236C', 484.25, 1070.22, 16, '2015-10-29', 19),
(2668, 'ANB-MEZRT18', 'MONOMANDO P/REGADERA TINA CROM.MEZRT182', 585.94, 1230.21, 16, '2012-02-09', 19),
(2669, 'ANB-MEZRT181', 'MEZCL.REG.CROM.TRES M.ACR.Y CH.MEZRT1812', 833.99, 1751.01, 16, '2012-02-27', 19),
(2670, 'ANB-MEZRT182', 'MONOMANDO P/REG.TIN.C/MAN.ACR.MEZRT18201', 564.96, 1248.59, 16, '2012-02-09', 19),
(2671, 'ANB-MEZRT183', 'MEZCL.REG.TINA CROM.C.C.CH.YM. MEZRT1811', 897.96, 1885.31, 16, '2015-10-12', 19),
(2672, 'ANB-MEZRT200', 'MONOMANDO P/REGADERA TINA CROM.MEZRT2008', 352.96, 663.05, 16, '2012-02-09', 19),
(2673, 'ANB-MEZRT502', 'MEZCL. MONOMANDO PARA REGADERA TINA DORA', 1426.38, 2920.51, 16, '2017-11-21', 19),
(2674, 'ANB-MEZTS080', 'MEZCL.TAL.SEP.CRO/ORO DES.AUT.MEZTS0804', 1182.4, 2613.16, 16, '2012-02-10', 19),
(2675, 'ANB-MEZTS456', 'MEZCL. TALADRO SEPARADO MET. CROM.', 1374.84, 2414.52, 16, '2017-09-27', 19),
(2676, 'ANB-MEZTS601', 'MEZCL.TAL.SEP.ASTR.CRO.DES.AU.MEZTS6018C', 1215.48, 2686.27, 16, '2012-02-10', 19),
(2677, 'ANB-MEZTS602', 'MEZCLADORA TAL.SEP.CROM.DE.AUT.MEZTS6012', 1102.48, 2436.55, 16, '2013-03-22', 19),
(2678, 'ANB-MEZTS603', 'MEZCL.TAL.SEP.CROM.DES.AUT.MEZTS6063C', 610.55, 1349.34, 16, '2013-03-21', 19),
(2679, 'ANB-MEZTS605', 'MEZCL.TAL.SEP.CROM.DES.AUT.MEZTS6059C', 1076.12, 2378.27, 16, '2012-02-10', 19),
(2680, 'ANB-MEZTS606', 'MEZCL.TAL.SEP.CRO/ORO DES.AUT.MEZTS6016', 993.63, 2195.98, 16, '2013-03-21', 19),
(2681, 'ANB-MEZTY846', 'MEZCLADORA LAVABO BCO/NIQ. CUB. Y M.M.', 462.73, 1022.66, 16, '2013-03-21', 19),
(2682, 'ANB-MEZTY847', 'MEZCL.LAV.CRO/ORO CUB. Y M.M.MEZTY847CK', 322.83, 713.48, 16, '2013-03-22', 19),
(2683, 'ANB-MEZTY848', 'MEZCL.LAV.CRO/ORO CUB. Y M.M.MEZTY848CK', 355.11, 745.58, 16, '2013-03-21', 19),
(2684, 'ANB-MKA401M', 'MEZCLAOR LAVABO CROM. CUBIERTA  BKA401M', 133.31, 234.12, 16, '2017-03-22', 19),
(2685, 'ANB-MLLI', 'MANERAL P/LLAVE DE JARDIN C/TORN. MLLJ', 6.46, 14.27, 16, '2010-08-09', 19),
(2686, 'ANB-NART9040', 'NARIZ PARA TINA DE BANO SIN BOTON', 99.54, 220, 16, '2012-02-10', 19),
(2687, 'ANB-NART9050', 'NARIZ PARA TINA DE BANO CON BOTON', 107.61, 202.16, 16, '2012-02-10', 19),
(2688, 'ANB-TPM9P', 'MANERAL COM JAULA P/FELPA PROFESIONAL 9', 15.06, 31.63, 16, '2015-07-15', 19),
(2689, 'BNS-CMDFC100', 'CUBIERTA DE MARM.DGO.FALD.CURVO 1.00X1.5', 3110.4, 6273.6, 16, '2016-11-28', 19),
(2690, 'BNS-CMPAR110', 'CUBIERTA DE MARMOL PARQUET DE 1.10 X 1.1', 1254.04, 2529.38, 16, '2014-11-16', 19),
(2691, 'HE1-BP3021', 'MANERAL BP3021', 12.02, 19.69, 16, '2015-10-01', 19),
(2692, 'MVA-02602', 'MEZCLADORA PARA LAVABO VASTAGO COMPRESIO', 368.01, 742.27, 16, '2005-01-05', 19),
(2693, 'MVA-02603', 'MEZCLADORA PARA LAVABO MAN.ACRIL.ECON.', 368.01, 742.27, 16, '2005-01-05', 19),
(2694, 'MVA-02604', 'MEZCLADORA PARA LAVABO TALADRO SEPARADO', 1403.04, 2829.91, 16, '2010-05-25', 19),
(2695, 'MVA-02605', 'MEZCLADORA PARA LAVABO CARTUCHO COMPRESI', 210.49, 424.56, 16, '2005-01-05', 19),
(2696, 'MVA-02608', 'MEZCLADORA PARA LAVABO ECONOMICA VAST.CO', 295.12, 595.26, 16, '2005-01-05', 19),
(2697, 'MVA-02612', 'MEZCLADORA PARA LAVABO MANERAL LEDA', 368.01, 742.27, 16, '2007-09-06', 19),
(2698, 'MVA-02614', 'MEZCLADORA PARA LAVABO INDRA CROMO', 280.66, 566.08, 16, '2010-03-13', 19),
(2699, 'MVA-02615', 'MEZCLADORA PARA LAVABO ECON.MANERAL LED', 280.66, 566.08, 16, '2007-05-07', 19),
(2700, 'MVA-02644', 'MEZCLADORA PARA LAVABO INDRA SATIN PULID', 389.55, 785.71, 16, '2010-03-18', 19),
(2701, 'MVA-02658', 'MEZCLADORA P/LAVABO CUB/PVC MAN.FRIXO', 309.87, 625, 16, '2010-03-18', 19),
(2702, 'MVA-02666', 'MEZCLADORA PARA LAVABO SHANI CROMO', 280.66, 566.08, 16, '2010-03-18', 19),
(2703, 'MVA-02675', 'MEZCLADORA PARA LAVABO CARTUCHO CERAMICO', 280.66, 566.08, 16, '2007-05-07', 19),
(2704, 'MVA-02677', 'MEZCLADORA PARA LAVABO CUB.PVC VAST.CERA', 295.12, 595.26, 16, '2007-05-07', 19),
(2705, 'MVA-02678', 'MEZCLADORA PARA LAVABO VASTAGO CERAMICO', 295.12, 595.26, 16, '2011-10-04', 19),
(2706, 'MVA-02685', 'MEZCLADORA PARA LAVABO ECON.MANERAL FRIX', 280.66, 566.08, 16, '2007-05-07', 19),
(2707, 'MVA-02692', 'MEZCLADORA PARA LAVABO MANERAL ARES', 368.01, 742.27, 16, '2010-03-18', 19),
(2708, 'MVA-02695', 'MEZCLADORA PARA LAVABO ECON.MANERAL ARES', 280.66, 566.08, 16, '2007-05-07', 19),
(2709, 'MVA-03401', 'MEZCLADORA PARA FREGADERO UN MANERAL', 520.99, 1050.82, 16, '2011-10-04', 19),
(2710, 'MVA-03402', 'MEZCLADORA PARA FREGADERO CUELLO ALTO', 610.83, 1232.03, 16, '2010-03-13', 19),
(2711, 'MVA-03404', 'MEZCLADORA PARA FREGADERO INDRA CROMO', 383.92, 774.37, 16, '2010-03-13', 19),
(2712, 'MVA-03408', 'MEZCLADORA PARA FREGADERO EKON', 338.1, 681.94, 16, '2007-05-07', 19),
(2713, 'MVA-03409', 'MEZCLADORA PARA FREGADERO EMP.NARIZ 10', 747.55, 1507.8, 16, '2010-05-27', 19),
(2714, 'MVA-03410', 'MEZCLADORA PARA FREGADERO PORC.TIP.COBRA', 544.06, 1097.35, 16, '2005-01-05', 19),
(2715, 'MVA-03414', 'MEZCLADORA PARA FREGADERO INDRA SATIN', 534.05, 1077.17, 16, '2010-03-13', 19),
(2716, 'MVA-03417', 'MEZCLADORA PARA FREGADERO DION', 727.18, 1466.71, 16, '2010-03-13', 19),
(2717, 'MVA-03418', 'MEZCLADORA PARA FREGADERO HERA 1/4 VUELT', 771.66, 1556.42, 16, '2011-02-28', 19),
(2718, 'MVA-03419', 'MEZCLADORA PARA FREGADERO METIS', 727.18, 1466.71, 16, '2010-03-13', 19),
(2719, 'MVA-03421', 'MEZCLADORA PARA FREGADERO PRIEGO', 688.69, 1389.07, 16, '2010-03-13', 19),
(2720, 'MVA-03422', 'MEZCLADORA PARA FREGADERO', 610.9, 1232.18, 16, '2010-03-13', 19),
(2721, 'MVA-03423', 'MEZCLADORA PARA FREG.PLANO MANERAL ACRIL', 392.45, 791.57, 16, '2010-03-13', 19),
(2722, 'MVA-03424', 'MEZCLADORA PARA FREGADERO EUROPA VAST.CE', 895.27, 1805.75, 16, '2011-10-04', 19),
(2723, 'MVA-03428', 'MEZCLADORA PARA FREGADERO HIBRIS', 886.93, 1788.91, 16, '2011-10-04', 19),
(2724, 'MVA-03429', 'MEZCLADORA PARA FREGADERO ENNA', 703.36, 1418.67, 16, '2010-03-13', 19),
(2725, 'MVA-03435', 'MEZCLADORA PARA FREGADERO MANERAL LEDA', 353.21, 712.41, 16, '2005-01-05', 19),
(2726, 'MVA-03445', 'MEZCLADORA PARA FREGADERO TRITON 1/4 VUE', 472.65, 953.32, 16, '2010-03-13', 19),
(2727, 'MVA-03448', 'MEZCLADORA PARA FREG. HIBRIS SATIN PULID', 886.93, 1788.91, 16, '2010-03-13', 19),
(2728, 'MVA-03458', 'MEZCLADORA PARA FREGADERO CUB. PVC MAN F', 338.1, 681.94, 16, '2007-05-07', 19),
(2729, 'MVA-03466', 'MEZCLADORA P/FREGADERO MANERALES SHANI', 353.21, 712.41, 16, '2010-03-18', 19),
(2730, 'MVA-03478', 'MEZCLADORA PARA FREGADERO', 338.1, 681.94, 16, '2007-05-07', 19),
(2731, 'MVA-03495', 'MEZCLADORA PARA FREGADERO MANERAL ARES', 353.21, 712.41, 16, '2007-05-07', 19),
(2732, 'MVA-03921', 'MEZCLADORA PARA LAVABO CADIZ', 1748.58, 3526.86, 16, '2010-03-14', 19),
(2733, 'MVA-03942', 'MEZCLADORA PARA LAVABO OLITE SATIN PULID', 1341.2, 2705.17, 16, '2010-03-13', 19),
(2734, 'MVA-04011', 'MONOMANDO PARA REGADERA OSLO', 649.58, 1310.18, 16, '2010-03-18', 19),
(2735, 'MVA-04261', 'MONOMANDO PARA FREGADERO BOLANCE', 2704.33, 5454.58, 16, '2010-05-27', 19),
(2736, 'MVA-04312', 'MEZCLADORA PARA FREGADERO GAVOI SATIN PU', 1629.48, 3286.63, 16, '2010-03-14', 19),
(2737, 'MVA-04381', 'MONOMANDO BAENA CROMO', 2916.36, 5882.23, 16, '2010-03-14', 19),
(2738, 'MVA-04431', 'MONOMANDO PAVIA PARA LAVABO CROMO', 687.68, 1387.04, 16, '2007-05-07', 19),
(2739, 'MVA-04446', 'MONOMANDO PARA LAVABO VARESE CROMO', 1586.45, 3199.84, 16, '2011-10-04', 19),
(2740, 'MVA-04451', 'MEZCLADORA PARA FREGADERO SITGES', 2348.14, 4736.14, 16, '2010-03-13', 19),
(2741, 'MVA-04480', 'MEZCLADORA DE BAR JONICA LUJO 1/4 VUELTA', 540.22, 1089.61, 16, '2011-04-29', 19),
(2742, 'MVA-04481', 'MONOMANDO PARA FREGADERO RIMINI CROMO', 2959.2, 5968.65, 16, '2010-03-18', 19),
(2743, 'MVA-04481-1', 'MEZCLADORA TIPO BAR MOD. 04481', 608.56, 958.6, 16, '2014-01-11', 19),
(2744, 'MVA-04482', 'MEZCLADORA PARA BAR JONICA', 450.38, 908.41, 16, '2010-03-18', 19),
(2745, 'MVA-04483', 'MEZCLADORA P/LAVABO TIPO BAR 2 TONOS', 538.95, 1087.05, 16, '2011-04-15', 19),
(2746, 'MVA-04484', 'MEZCLADORA PARA BAR MANERAL ESTRELLA', 340.87, 687.53, 16, '2010-03-18', 19),
(2747, 'MVA-04485', 'MEZCLADORA PARA BAR DELFOS CON CERAM.', 1208.18, 2436.87, 16, '2011-10-04', 19),
(2748, 'MVA-04488', 'MEZCLADORA PARA LAVABO ENNA', 586.62, 1183.2, 16, '2010-03-18', 19),
(2749, 'MVA-04489', 'MEZCLADORA P/LAVABO TIPO BAR SATIN PULID', 682.05, 1375.69, 16, '2011-04-29', 19),
(2750, 'MVA-04530', 'MONOMANDO CORTO LESI SATIN PULIDO', 2676.13, 5397.7, 16, '2010-03-26', 19);
INSERT INTO `productos` (`reg`, `folio`, `descripcion`, `costo`, `precio_venta`, `iva`, `f_reg`, `categoria`) VALUES
(2751, 'MVA-04550', 'MONOMANDO COCINA CARASSAI SATIN PULIDO', 3794.84, 7654.1, 16, '2010-03-26', 19),
(2752, 'MVA-04560', 'MONOMANDO CARASSAI SATIN PULIDO', 2905.91, 5861.16, 16, '2010-03-26', 19),
(2753, 'MVA-04580', 'MONOMANDO COCINA ISPICA SATIN PULIDO', 3893.02, 7852.14, 16, '2010-03-26', 19),
(2754, 'MVA-04590', 'MONOMANDO LESI SATIN PULIDO', 3180.64, 6415.27, 16, '2010-03-26', 19),
(2755, 'MVA-04620', 'MEZCLADORA PARA LAVABO ARGOS CROMO/ORO', 725.55, 1463.42, 16, '2005-01-05', 19),
(2756, 'MVA-04621', 'MEZCLADORA PARA LAVABO PERSEO CROMO', 725.55, 1463.42, 16, '2011-10-04', 19),
(2757, 'MVA-04624', 'MEZCLADORA PARA LAVABO TEBAS', 576.9, 813.96, 16, '2011-10-04', 19),
(2758, 'MVA-04626', 'MEZCLADORA PARA LAVABO ANDROS CROMO', 566.84, 1143.31, 16, '2005-01-05', 19),
(2759, 'MVA-04630', 'MEZCLADORA PARA LAVABO ATENAS CROMADA', 721.35, 1454.95, 16, '2010-03-13', 19),
(2760, 'MVA-04643', 'MEZCLADORA PARA LAVABO SATIN PULIDO', 584.36, 1178.65, 16, '2011-10-04', 19),
(2761, 'MVA-04645', 'MEZCLADORA PARA LAVABO BACO CROMO CAR1/4', 476.51, 961.11, 16, '2011-10-04', 19),
(2762, 'MVA-04647', 'MEZCLADORA PARA LAVABO OLIMPO CROMO 1/4V', 661.6, 1334.44, 16, '2011-10-04', 19),
(2763, 'MVA-04652', 'MEZCLADORA PARA LAVABO DOS TONOS', 584.36, 1178.65, 16, '2011-10-04', 19),
(2764, 'MVA-04680', 'MEZCLADORA PARA LAVABO ATENAS', 661.32, 958.42, 16, '2011-12-02', 19),
(2765, 'MVA-04687', 'MEZCLADORA PARA LAVABO ATENAS SATIN CROM', 853.41, 1721.31, 16, '2011-10-04', 19),
(2766, 'MVA-04689', 'MEZCLADORA PARA LAVABO CROMO/ORO VAST.LA', 655.07, 1321.27, 16, '2011-10-04', 19),
(2767, 'MVA-04811', '"MONOMANDO CORVUS MINIMALISTA 8"""" CROMO"""""', 946.2, 1908.48, 16, '2010-03-18', 19),
(2768, 'MVA-04921', '"MONOMANDO DRACO MINIMALISTA 4"""" CROMO"""""', 838.82, 1691.88, 16, '2010-03-13', 19),
(2769, 'MVA-05101', 'MEZCLADORA MONOBLOCK PLUTON CROMADA', 1555.22, 3136.85, 16, '2010-05-27', 19),
(2770, 'MVA-05434', 'MEZCLADORA P/LAVABO T.S. MIDAS', 1918.33, 3869.24, 16, '2010-05-25', 19),
(2771, 'MVA-05436', 'MEZCLADORA PARA LAVABO T.S. PANDORA', 1918.33, 3869.24, 16, '2011-10-04', 19),
(2772, 'MVA-06427', 'MEZCLADORA PARA FREGADERO MODENA', 1125.55, 2270.2, 16, '2011-10-04', 19),
(2773, 'MVA-06430', 'MEZCLADORA COBRA VASTAGO 1/4 VUELTA LATO', 714.45, 1441.04, 16, '2011-10-04', 19),
(2774, 'MVA-08AK001', 'MEZCLADORA PARA COCINA ECONOMICA', 231.15, 466.23, 16, '2008-11-20', 19),
(2775, 'MVA-1343444', 'MONOMANDO CROMO PULIDO CON SPRAY 1343444', 423.2, 853.6, 16, '2013-11-15', 19),
(2776, 'MVA-2020', 'MEZCLADORA PARA LAVABO CROMADA MOD.2020', 88.07, 177.64, 16, '2006-03-06', 19),
(2777, 'MVA-22101', 'MEZCLADORA PARA EMPOTRAR ESTAMBUL', 2235.34, 4508.62, 16, '2010-05-27', 19),
(2778, 'MVA-22131', 'MEZCLADORA PARA LAVABO TALLIN', 2129.84, 4295.84, 16, '2010-05-27', 19),
(2779, 'MVA-3248', 'MEZCLADORA PARA FREGADERO A LA PARED CON', 531.19, 1071.4, 16, '2005-01-05', 19),
(2780, 'MVA-4042', 'MEZCLADORA PARA LAVABO 4 DE CROMO', 577.18, 1164.17, 16, '2007-04-07', 19),
(2781, 'MVA-4048', 'MEZCLADORA PARA LAVABO 4 CON CUB Y MAN.', 327.13, 659.82, 16, '2005-01-05', 19),
(2782, 'MVA-4048-BAR', 'MEZCLADORA PARA LAVABO 4 TIPO BAR', 298.54, 602.16, 16, '2007-01-07', 19),
(2783, 'MVA-4048A', 'MEZCLADORA PARA LAVABO 4 CON CUB. Y MAN.', 345.77, 697.41, 16, '2005-01-05', 19),
(2784, 'MVA-4076', 'MONOMANDO FREGADERO NARIZ GIRATORIO', 640.58, 1292.04, 16, '2007-04-07', 19),
(2785, 'MVA-99999', 'MONOMANDO PARA FREGADERO (REMATE)', 1336.07, 2694.82, 16, '2010-06-26', 19),
(2786, 'MVA-BP1080', 'MEZCLADORA TIPO BAR CROMADA BP1080', 137.02, 280.54, 16, '2014-10-18', 19),
(2787, 'MVA-BP2024', 'MANERAL PERILLA ROSCABLE BP2024', 65.07, 103.9, 16, '2015-11-02', 19),
(2788, 'MVA-BP2025', 'MANERAL PERILLA SOLDABLE BP2025', 91.69, 100.2, 16, '2015-10-01', 19),
(2789, 'MVA-BP4009', 'MEZCLADORA LAVABO CROMADA BP4009', 128.61, 152.7, 16, '2014-10-18', 19),
(2790, 'MVA-BP4096', 'MEZCLADORA TIPO BAR DE 4 BP4096', 200.92, 319.95, 16, '2014-10-18', 19),
(2791, 'MVA-BP8010', 'MEZCLADORA PARA FREGADERO CROMADA BP8010', 98.27, 107.6, 16, '2014-11-08', 19),
(2792, 'MVA-BP8050', 'MEZCLADORA PARA FREGADERO BP8050', 155.62, 172.9, 16, '2014-10-18', 19),
(2793, 'MVA-BP8070', 'MEZCLADORA PARA FREGADERO BP8070', 103.73, 219.9, 16, '2014-10-18', 19),
(2794, 'MVA-BP909915', 'MEZCLADORA MONOMANDO LAVABO BP909915', 289.4, 673.58, 16, '2015-10-01', 19),
(2795, 'MVA-BP909928', 'MEZCLADORA MONOMANDO LAVABO BP909928', 371.25, 866.93, 16, '2015-10-01', 19),
(2796, 'MVA-BP9509', 'MEZCLADORA PARA COCINA DE 8 BP9509', 178.8, 470.13, 16, '2014-10-18', 19),
(2797, 'MVA-BP9510', 'MEZCLADORA PARA LAVABO DE 4 BP9510', 127.25, 125.4, 16, '2014-11-08', 19),
(2798, 'MVA-E03462', 'MEZCLADORA P/FREG. DE 8V GO.LATON', 214.52, 351.46, 16, '2017-04-05', 19),
(2799, 'MVA-E03463', 'MEZCLADORA P/FREG DE 8 V GO LATON', 214.52, 351.46, 16, '2017-04-05', 19),
(2800, 'MVA-E03464', 'MEZCLADORA P/FREG DE 8 V GO. LATON', 214.52, 351.46, 16, '2017-04-05', 19),
(2801, 'MVA-E34LNFC', 'MONOMANDO CROMO PULIDO E34LNFC', 1828.67, 2887.3, 16, '2013-11-15', 19),
(2802, 'MVA-E42LNFC', 'MONOMANDO CROMO PULIDO E42LNFC', 1410.68, 2227.34, 16, '2013-11-15', 19),
(2803, 'MVA-E60413', 'MEZCLADORA P/FREG E-60413', 219.62, 359.81, 16, '2017-04-05', 19),
(2804, 'MVA-E60418', 'MEZCLADORA P/FREG ABS E-60418', 134.56, 220.46, 16, '2017-04-05', 19),
(2805, 'MVA-F529ADRS', 'PULL DOWN ACERO INOXIDABLE F529ADRS', 4597.78, 7259.47, 16, '2013-11-15', 19),
(2806, 'MVA-FWK2740C', 'KITCH HIGH ARC W/SPR CR LW INTL FWK2740C', 485.6, 868.77, 16, '2013-11-15', 19),
(2807, 'MVA-K002BPA1', 'MEZCLADORA PARA FREGADERO MANERAL ACRILI', 279.98, 457.3, 16, '2008-10-07', 19),
(2808, 'MVA-M4D', 'MEZCLADORA PARA LAVABO 4 MOD. M4D', 297.91, 486.58, 16, '2007-06-08', 19),
(2809, 'MVA-ML01P', 'MEZCLADORA P/LAVABO AFER PLAS.MAN.CRUCET', 157.41, 257.11, 16, '2016-06-13', 19),
(2810, 'MVA-ML04P', 'MEZCLADORA P/LAVABO AFER MAN.CILINDRICO', 203.11, 331.74, 16, '2016-06-13', 19),
(2811, 'MVA-ML07', 'MEZCLADORA P/LAVABO AFER MAN.FLOR. BARRA', 243.91, 398.38, 16, '2016-06-13', 19),
(2812, 'TOO-RO9509', 'MEZCLADORA PARA FREGADERO DE 8', 98.29, 183.26, 16, '2008-12-05', 19),
(2813, 'TOO-RO9510', 'MEZCLADORA PARA LAVABO DE 4', 147.73, 275.44, 16, '2008-12-05', 19),
(2814, 'TOO-RO9526', 'MEZCLADORA PARA LAVABO CUELLO ALTO DE 4', 179.9, 335.41, 16, '2010-03-05', 19),
(2815, 'TOO-RO9527', 'MEZCLADORA PARA LAVABO TIPO CUBO DE 4', 159.64, 297.63, 16, '2010-03-05', 19),
(2816, 'TOO-RO9528', 'MEZCLADORA PARA COCINA CUELLO COBRA DE 8', 217.42, 405.37, 16, '2010-03-05', 19),
(2817, 'TOO-RO9529', 'MEZCLADORA PARA COCINA CUELLO GANSO DE 8', 167.39, 312.09, 16, '2010-03-05', 19),
(2818, 'TOO-RO9734', 'MEZCLADORA PARA LAVABO 4 MONOMANDO', 265.08, 494.23, 16, '2012-08-17', 19),
(2819, 'TOO-RO9933', 'MEZCLADORA ABS 4 PARA LAVABO', 85.18, 158.81, 16, '2014-01-23', 19),
(2820, 'TOO-RO9934', 'MEZCLADORA ABS 8 PARA FREGADERO', 106.03, 197.69, 16, '2014-01-23', 19),
(2821, 'TOO-TC2260', 'MEZCLADORA PARA LAVABO DE 4 TIPO BAR', 207.89, 387.59, 16, '2008-09-27', 19),
(2822, 'TOO-TC2263', 'MEZCLADORA PARA LAVABO DE 4 TIPO PIRULI', 177.51, 330.96, 16, '2008-09-27', 19),
(2823, 'TOO-TC2265', 'MEZCLADORA PARA LAVABO DE 4 TIPO CRUCETA', 366.35, 683.03, 16, '2008-09-27', 19),
(2824, 'TOO-TC2266', 'MEZCLADORA PARA LAVABO DE 4 TIPO PIRULI', 275.81, 514.22, 16, '2008-09-27', 19),
(2825, 'TOO-TC2267', 'MEZCLADORA PARA COCINA DE 8 CUELLO DE BR', 201.94, 376.5, 16, '2008-09-27', 19),
(2826, 'TOO-TC2268', 'MEZCLADORA PARA COCINA DE 8 CUELLO DE CO', 270.44, 504.21, 16, '2008-09-27', 19),
(2827, 'TOO-TC2269', 'MEZCLADORA PARA COCINA DE 8 CUELLO DE GA', 212.65, 396.48, 16, '2008-09-27', 19),
(2828, 'TOO-TC2297', 'MEZCLADORA PARA LAVABO 4 MANERALES 3 PUN', 194.19, 362.05, 16, '2008-09-27', 19),
(2829, 'TOO-TC2298', 'MEZCLADORA PARA LAVABO 4 LATON MANERALES', 218.02, 406.49, 16, '2008-09-27', 19),
(2830, 'TOO-TC3143', 'MEZCLADORA PARA LAVABO DE 4 CON MANERALE', 231.72, 432.03, 16, '2008-09-27', 19),
(2831, 'TOO-TC3144', 'MEZCLADORA PARA LAVABO DE 4 CON MANERALE', 291.29, 543.09, 16, '2008-09-27', 19),
(2832, 'TOO-TC3146', 'MEZCLADORA PARA COCINA DE 8 CON MAN. DE', 284.14, 529.76, 16, '2008-09-27', 19),
(2833, 'TOO-TC3147', 'MEZCLADORA PARA COCINA DE 8 CON MAN. DE', 361.58, 674.14, 16, '2008-09-27', 19),
(2834, 'TOO-TC3546', 'MEZCLADORA PARA COCINA 8 MONOMANDO', 341.92, 637.49, 16, '2012-08-17', 19),
(2835, 'TOO-TC3547', 'MEZCLADORA PARA LAVABO 4 MONOMANDO', 300.22, 559.74, 16, '2012-08-17', 19),
(2836, 'ADI-806', 'JGO. DE AUTOGENA PARA SOLDAR Y CORTAR', 2770.66, 4444.61, 16, '2013-05-03', 20),
(2837, 'ADL-WELDON', 'LIMPIADOR WELDON C-65 1/2 LTO.', 116.33, 172.6, 16, '2017-08-02', 20),
(2838, 'AKS-115102', 'MEZCLADORA DE COCINA 8 MANERAL T/PALANCA', 285.58, 558.07, 16, '2017-07-18', 20),
(2839, 'AKS-115103', 'MEZCLADORA DE COCINA 8 MATERIAL T/MARFIL', 285.58, 558.07, 16, '2017-07-18', 20),
(2840, 'AKS-115104', 'MEZCLADORA DE COCINA 8 MATERIAL ESTRELLA', 285.58, 558.07, 16, '2017-07-18', 20),
(2841, 'AKS-118551', 'SIERRA CIRCULAR 7 1/4 48 D EJ5/8 PLASTIC', 135.27, 196.04, 16, '2018-08-22', 20),
(2842, 'AKS-191391', 'FLOTADOR ELECTRICO PARA TINACO', 140.28, 203.31, 16, '2016-03-10', 20),
(2843, 'AKS-308203', 'BRAZO PLASTICO Y CHAPETON METALICO', 20.04, 39.16, 16, '2016-07-14', 20),
(2844, 'AKS-308303', 'MEZCLADORA P/LAVABO 4 PUNTAS', 200.4, 391.63, 16, '2017-07-18', 20),
(2845, 'ANB-AM5152', 'ANODO DE MAGNESIO P/CONTROL DE SARRO DIA', 97.64, 205, 16, '2013-06-17', 20),
(2846, 'ANB-AMG825', 'ANODO DE MAGNESIO PARA CONTROL DE SARRO', 103.3, 282.07, 16, '2016-02-24', 20),
(2847, 'ANB-BC1005CM', 'BRAZO CHAPETON PARA REGADERA CROM. MET.', 19.56, 34.35, 16, '2013-03-21', 20),
(2848, 'ANB-BC1005CP', 'BRAZO CHAPETON PARA REGADERA CROM. MET.', 13.03, 24.2, 16, '2014-10-28', 20),
(2849, 'ANB-BC1181C', 'BRAZO CHAPETON AL TECHO ACERO INOXIDABLE', 145.15, 233.99, 16, '2017-11-21', 20),
(2850, 'ANB-BC1182BN', 'BRAZO CHAPETON AL TECHO ACERO INOXIDABLE', 118.36, 261.6, 16, '2016-08-17', 20),
(2851, 'ANB-BC1280C', 'BRAZO CHAPETON ACERO INOXIDABLE CROMADO', 371.73, 599.26, 16, '2017-11-21', 20),
(2852, 'ANB-BC1281BN', 'BRAZO CHAPETON ACERO INOXIDABLE NIQUEL P', 301.31, 632.61, 16, '2016-08-17', 20),
(2853, 'ANB-BC1282C', 'BRAZO CHAPETON CROMO ACERO INOX 40CMS', 230.28, 432.6, 16, '2016-08-11', 20),
(2854, 'ANB-BC1283BN', 'BRAZO CHAPETON NIQUEL PULIDO AC.INOX.40C', 271.18, 599.33, 16, '2016-08-11', 20),
(2855, 'ANB-BC1284C', 'BRAZO CHAPETON AL TECHO ACERO INOXIDABLE', 203.38, 449.49, 16, '2016-08-17', 20),
(2856, 'ANB-BC1286C', 'BRAZO CHAPETON AL TECHO ACERO INOXIDABLE', 208.88, 336.74, 16, '2017-11-21', 20),
(2857, 'ANB-BC30A', 'BRAZO CHAPETON PARA REGADERA 30CMS. NIQ.', 150.66, 332.96, 16, '2014-07-11', 20),
(2858, 'ANB-BC30CM', 'BRAZO CHAPETON PARA REGADERA 30CMS. CRO.', 40.35, 51.5, 16, '2013-03-22', 20),
(2859, 'ANB-BC37A', 'BRAZO CHAPETON P/REGADERA 37CMS. NIQUEL', 153.34, 338.89, 16, '2013-03-21', 20),
(2860, 'ANB-BC37CM', 'BRAZO CHAPETON P/REGADERA 37CMS. CROMADO', 50.96, 94.62, 16, '2014-07-10', 20),
(2861, 'ANB-BC39A', 'BRAZO CHAPETON P/REGADERA 39CMS. NIQUEL', 215.22, 404.3, 16, '2013-03-21', 20),
(2862, 'ANB-BC39CM', 'BRAZO CHAPETON P/REGADERA 39CMS. CROMADO', 62.82, 110.32, 16, '2013-03-21', 20),
(2863, 'ANB-BC771C', 'BRAZO CHAPETON METALICO 30CM CROMADO', 66.96, 117.61, 16, '2014-10-09', 20),
(2864, 'ANB-BC996C', 'BRAZO CHAPETON AL TECHO ACERO INOXIDABLE', 115.68, 255.67, 16, '2016-08-17', 20),
(2865, 'ANB-BC997BN', 'BRAZO CHAPETON AL TECHO ACERO INOX. N.P.', 169.93, 273.95, 16, '2017-11-13', 20),
(2866, 'ANB-BEX646', 'BRIDA EXCENTRICA', 94.15, 176.88, 16, '2016-01-20', 20),
(2867, 'ANB-BFC1198', 'CUELLO FLEXIBLE CORTO PARA SANITARIO', 55.94, 105.09, 16, '2015-11-07', 20),
(2868, 'ANB-BFL1199', 'CUELLO FLEXIBLE MANGA LARGA P/SANITARIO', 121.04, 227.38, 16, '2016-08-11', 20),
(2869, 'ANB-BFS1353', 'BRIDA FLEXIBLE PARA SANITARIO DE 4', 26.9, 56.48, 16, '2015-12-10', 20),
(2870, 'ANB-BOQTB', 'BOQUILLA PARA TANQUE DE BRONCE', 101.34, 177.97, 16, '2012-02-13', 20),
(2871, 'ANB-BPT', 'BOTON PILOTO PARA TERMOSTATO', 6.26, 13.84, 16, '2010-03-20', 20),
(2872, 'ANB-BRE218', 'BRAZO PARA REGADERA ELECTRICA BRE218', 45.73, 85.92, 16, '2013-03-21', 20),
(2873, 'ANB-BTG110', 'BOQUILLA PARA TANQUE 1/4 BRONCE', 106.67, 123.8, 16, '2017-03-22', 20),
(2874, 'ANB-BTG111', 'BOQUILLA PARA TANQUE 1/4 BRONCE ENC ELEC', 146.37, 257.06, 16, '2017-12-28', 20),
(2875, 'ANB-BTG4515C', 'BASE P/TOALLAS CON GANCHOS 4515', 428.21, 946.36, 16, '2013-03-21', 20),
(2876, 'ANB-CED432', 'CEDAZO P/CONTRACANSTA DE ACERO INOXIDABL', 18.3, 40.46, 16, '2014-01-30', 20),
(2877, 'ANB-CEDCAC', 'CEDAZO PARA CONTRACANSATA ACERO INOXIDAB', 17.21, 32.33, 16, '2014-07-10', 20),
(2878, 'ANB-CEDCO', 'CEDAZO PARA CONTRACANASTA ORIGINAL', 16.59, 30.8, 16, '2015-11-07', 20),
(2879, 'ANB-CEDCU', 'CEDAZO PARA CONTRACANASTA UNIVERSAL', 20.98, 46.36, 16, '2013-03-22', 20),
(2880, 'ANB-COLM', 'COLADERA METALICA CROMADA 2', 20.44, 42.92, 16, '2015-07-09', 20),
(2881, 'ANB-CT34260', 'CINTA TEFLON 3/4X260 (6.60MTS.)', 4.39, 5, 16, '2019-05-05', 20),
(2882, 'ANB-CUBFC', 'CUBRETALADRO FREGADOR CROMADO', 11.85, 22, 16, '2014-01-14', 20),
(2883, 'ANB-CUECCG', 'CUELLO DE CERA CON GUIA INDIVIDUAL', 14.8, 17.1, 16, '2015-12-10', 20),
(2884, 'ANB-CUESG', 'CUELLO DE CERA SIN GUIA INDIVIDUAL', 11.85, 20.81, 16, '2019-01-10', 20),
(2885, 'ANB-ES5284', 'ELIMINADOR DE SALES PARA AIRE ACOND. DIA', 81.78, 180.74, 16, '2013-06-17', 20),
(2886, 'ANB-FLOBP14', 'FLOTADOR PARA AIRE ACONDICIONADO', 32.59, 60.52, 16, '2015-07-29', 20),
(2887, 'ANB-FLOBP38', 'FLOTADOR P/AIRE ACONDIC.ANTIC.3/8 Y 5/16', 25.42, 56.19, 16, '2015-10-29', 20),
(2888, 'ANB-FLOPE', 'FLOTADOR ECONOMICO AIRE ACONDIONADO 3/8', 18.83, 35.38, 16, '2015-07-09', 20),
(2889, 'ANB-GAR12', 'GARZA PARA MEZCLADORA FREGADOR 12 METALI', 37.33, 69.31, 16, '2015-01-15', 20),
(2890, 'ANB-GARCG', 'GARZA PARA MEZC FREGADOR CUELLO DE GANSO', 43.63, 89.33, 16, '2017-11-14', 20),
(2891, 'ANB-GARF', 'GARZA PARA FILTRO DE AGUA METALICA GARF', 118.52, 220.04, 16, '2017-12-21', 20),
(2892, 'ANB-GARTB', 'GARZA PARA MEZCLADORA TIPO BAR METALICA', 30.93, 64.94, 16, '2015-11-07', 20),
(2893, 'ANB-GF02', 'GARZA METALICA PARA FILTRO DE AGUA', 218.17, 446.7, 16, '2017-11-21', 20),
(2894, 'ANB-NMT1060', 'NIPLE MEDIDOR C/TUERCA 3/4X1 NYLON', 22.51, 39.54, 16, '2017-04-07', 20),
(2895, 'ANB-NMT1061', 'NIPLE MEDIDOR C/TUERCA 1/2X3/4 NYLON', 13.33, 23.42, 16, '2017-04-07', 20),
(2896, 'ANB-NMT1659', 'NIPLE MEDIDOR 1A 1/2', 20.15, 35.39, 16, '2017-04-21', 20),
(2897, 'ANB-PD5255', 'PASTILLA DESODORANTE P/AIRE ACOND. DIAL', 41.97, 92.75, 16, '2013-06-17', 20),
(2898, 'ANB-PICH1B', 'PICHANCHA DE BRONCE 1', 53.8, 101.08, 16, '2015-12-10', 20),
(2899, 'ANB-PICHAC1', 'PICHANCHA VERT. CON CANASTA DE ACERO 1', 59.18, 111.18, 16, '2013-06-17', 20),
(2900, 'ANB-PICHAC12', 'PICHANCHA VERT. CON CANASTA DE ACERO 1/2', 35.51, 66.7, 16, '2019-01-02', 20),
(2901, 'ANB-RFA10', 'REPUESTO PARA FILTRO DE AGUA 10000LTS.', 77.48, 171.23, 16, '2012-02-09', 20),
(2902, 'ANB-RFA50', 'REPUESTO PARA FILTRO DE AGUA 50.000LTS', 780.18, 1465.61, 16, '2017-04-20', 20),
(2903, 'ANB-T5001', 'TUERCA PARA CONTRACANASTA METAL C/EMPA', 18.83, 35.38, 16, '2017-04-07', 20),
(2904, 'ANB-TCG767', 'TERMOCOPLE PARA GAS COBRE ANBEC', 24.21, 30.9, 16, '2017-01-06', 20),
(2905, 'ANB-TEEF38', 'TEE FLARE 3/8 LATON', 22.6, 42.45, 16, '2019-01-17', 20),
(2906, 'ANB-TEPB38', 'TEE PARA POLIDUCTO BRONCE 3/8 MYPAT BCE.', 30.81, 54.11, 16, '2017-10-14', 20),
(2907, 'ANB-TL136', 'PEGAMENTO LIQUIDO 1/8 LTO. (190 GRS)', 53.8, 101.08, 16, '2013-06-17', 20),
(2908, 'ANB-TL137', 'PEGAMENTO LIQUIDO 1/4 LTO. (330 GRS)', 96.85, 203.34, 16, '2013-06-17', 20),
(2909, 'ANB-TL138', 'TEFLON LIQUIDO TUBO 60ML.', 13.63, 28.62, 16, '2013-06-17', 20),
(2910, 'ANB-TMG12', 'TUERCA METALICA PARA GARZA DE 12', 9.14, 17.17, 16, '2015-01-15', 20),
(2911, 'ANB-TPB38', 'TUERCA PARA POLIDUCTO 3/8 BRONCE MYPAT', 5.33, 9.36, 16, '2017-10-14', 20),
(2912, 'ANB-TPCOPM', 'COPLE MACHO 1/4 NPT LATON', 37.66, 83.24, 16, '2015-11-25', 20),
(2913, 'ANB-TPFS477', 'FILTRO SEPARADOR DE AGUA Y ACEITE 1 /4', 59.18, 130.8, 16, '2017-09-18', 20),
(2914, 'ANB-TS553', 'TAQUETE DE SUJECION GRIS 3/16', 8.6, 19.02, 16, '2015-07-09', 20),
(2915, 'ANB-TS554', 'TAQUETE DE SUJECION ROJO 1/4', 9.67, 21.39, 16, '2015-07-09', 20),
(2916, 'ANB-TS555', 'TAQUETE DE SUJECION CAFE 5/16', 15.6, 32.76, 16, '2015-07-09', 20),
(2917, 'ANB-TS556', 'TAQUETE DE SUJECION AZUL 3/8', 26.9, 56.48, 16, '2015-07-08', 20),
(2918, 'ANB-VF1014', 'VARILLA PARA FLOTADOR WC 1/4 X 7', 2.41, 5.34, 16, '2010-03-20', 20),
(2919, 'BLT-CANAL2', 'CANAL GALVANIZADO DE 2-1/2', 15.9, 22.26, 16, '2005-01-05', 20),
(2920, 'BLT-CG04', 'CODO GALVANIZADO PARA ESTUFA DE 4', 17.89, 25.05, 16, '2013-10-22', 20),
(2921, 'BLT-CG05', 'CODO GALVANIZADO PARA ESTUFA DE 5', 23.97, 33.57, 16, '2005-01-05', 20),
(2922, 'BLT-CG06', 'CODO GALVANIZADO PARA ESTUFA DE 6', 32.37, 45.32, 16, '2016-10-18', 20),
(2923, 'BLT-CN40', 'CODO NEGRO PARA ESTUFA DE 4', 17.89, 25.05, 16, '2005-01-05', 20),
(2924, 'BLT-GG05', 'GORRO GALV. PARA ESTUFA DE 5', 23.97, 33.57, 16, '2005-01-05', 20),
(2925, 'BLT-GG06', 'GORRO GALV. PARA ESTUFA DE 6', 28.82, 40.35, 16, '2005-01-05', 20),
(2926, 'BLT-GG40', 'GORRO GALV. PARA ESTUFA DE 4', 20.96, 29.35, 16, '2005-01-05', 20),
(2927, 'BLT-GN06', 'GORRO NEGRO PARA ESTUFA DE 6', 17.89, 25.05, 16, '2005-01-05', 20),
(2928, 'BLT-MECHA', 'MECHA PARA CALENTON DE PETROLEO', 133.56, 187, 16, '2005-11-05', 20),
(2929, 'BLT-TG06', 'TUBO GALV.P/ESTUFA DE 6', 41, 57.41, 16, '2005-01-05', 20),
(2930, 'BLT-TG40', 'TUBO GALV.P/ESTUFA DE 4', 29.09, 40.73, 16, '2005-01-05', 20),
(2931, 'BYC-311932', 'TERMOCOPLE DE 24 U57-2C E100 GAS LP', 19.67, 32.96, 16, '2013-11-22', 20),
(2932, 'EPQ-ARANDELA', 'ARANDELA PARRA QUEMADOR (RONDANA)', 1.53, 2.61, 16, '2014-03-03', 20),
(2933, 'EPQ-DDAPP', 'DEPOSITO DE ACERO PARA PAPAS', 268.92, 457.38, 16, '2017-10-18', 20),
(2934, 'EPQ-ESPREA', 'ESPREA CORTA PARA QUEMADOR', 5.86, 9.97, 16, '2014-03-03', 20),
(2935, 'EPQ-NPQ', 'NIPLE PARA QUEMADOR', 14.56, 24.77, 16, '2019-02-21', 20),
(2936, 'EPQ-TOV', 'TOVERAS DE 3/4 EN LAMINA', 10.77, 18.33, 16, '2005-01-05', 20),
(2937, 'ETE-1004', 'EXTRACTOR DE AIRE PARA BANO 4PG ESTEVEZ', 217.07, 342, 16, '2010-12-09', 20),
(2938, 'ETE-1104', 'EXTRACTOR DE AIRE PARA BANO 4PG ESTEVEZ', 251.53, 396.3, 16, '2010-12-09', 20),
(2939, 'ETE-1104M', 'EXTRACTOR DE AIRE CUADRADO 4PG BCO. C/SE', 495.01, 779.9, 16, '2016-10-14', 20),
(2940, 'ETE-1106', 'EXTRACTOR DE AIRE PARA BANO 6PG ESTEVEZ', 434.14, 684, 16, '2010-12-09', 20),
(2941, 'ETE-1204BL', 'EXTRACTOR DE AIRE PARA BANO 4PG SLIM BCO', 282.34, 444.83, 16, '2010-12-09', 20),
(2942, 'ETE-1204MA', 'EXTRACTOR DE AIRE ULTRA DELGADO 4PG MARF', 282.34, 444.83, 16, '2014-03-06', 20),
(2943, 'ETE-1206BL', 'EXTRACTOR DE AIRE PARA BANO 6PG SLIM BCO', 434.14, 684, 16, '2010-12-09', 20),
(2944, 'ETE-1206MA', 'EXTRACTOR DE AIRE ULTRA DELGADO 6PG MARF', 434.14, 684, 16, '2016-10-14', 20),
(2945, 'ETE-1304BL', 'EXTRACTOR DE AIRE TIPO EUROPEO 4PG BLANC', 499.41, 786.83, 16, '2016-10-14', 20),
(2946, 'ETE-1304INOX', 'EXTRACTOR DE AIRE TIPO EUROPEO PARA BANO', 453.94, 715.2, 16, '2010-12-09', 20),
(2947, 'ETE-1305BL', 'EXTRACTOR DE AIRE TIPO EUROPEO 5PG BLANC', 499.41, 786.83, 16, '2016-10-14', 20),
(2948, 'ETE-1306BL', 'EXTRACTOR DE AIRE TIPO EUROPEO 6PG BLANC', 544.88, 858.47, 16, '2016-10-14', 20),
(2949, 'ETE-1306INOX', 'EXTRACTOR DE AIRE TIPO EUROPEO PARA BANO', 629.94, 992.49, 16, '2010-12-09', 20),
(2950, 'ETE-1508', 'EXTRACTOR DE AIRE PARA BANO 8PG CON PULS', 322.67, 508.38, 16, '2010-12-09', 20),
(2951, 'ETE-1710', 'EXTRACTOR DE AIRE PARA BANO 10PG COMERCI', 453.94, 715.2, 16, '2010-12-09', 20),
(2952, 'ETE-1712', 'EXTRACTOR DE AIRE INDUSTRIAL 12PG ESTEVE', 519.21, 818.03, 16, '2016-10-14', 20),
(2953, 'ETE-1910', 'EXTRACTOR DE AIRE METALICO 10PG GRIS ACE', 918.16, 1446.59, 16, '2012-12-10', 20),
(2954, 'ETE-1912', 'EXTRACTOR DE AIRE METALICO 12PG GRIS ACE', 1099.3, 1731.98, 16, '2012-12-10', 20),
(2955, 'ETE-1914', 'EXTRACTOR DE AIRE METALICO 14PG GRIS ACE', 1290.71, 2033.54, 16, '2012-12-10', 20),
(2956, 'ETE-2104RJ', 'EXTRACTOR DE AIRE SUPER DELGADO 4PG ROJO', 430.47, 678.22, 16, '2016-10-14', 20),
(2957, 'ETE-2404-UB', 'EXTRACTOR DE AIRE ULTRA DELG. ECO. 4PG B', 252.26, 397.44, 16, '2016-10-14', 20),
(2958, 'HB1-COMMIL25', 'MOTOCOMPRESOR 2.5HP 1F 110V/60HZ T.H.25L', 2019.78, 3189.05, 16, '2014-04-11', 20),
(2959, 'HB1-NKXII', 'FLOTADOR ELECTRICO ELECTRONIVEL RECTANGU', 146.47, 231.26, 16, '2005-01-05', 20),
(2960, 'HBA-1699', 'ADAPTADOR DE FLOTADOR', 27.74, 51.59, 16, '2018-02-09', 20),
(2961, 'HBA-CV01', 'CATALOGO V.01', 93.72, 147.97, 16, '2013-06-21', 20),
(2962, 'HBA-F0.5M', 'FLOTADOR ELECTRICO ELECTRO NIVEL 0.50CM.', 52.68, 92.23, 16, '2011-06-10', 20),
(2963, 'HBA-F3M', 'FLOTADOR ELECTRICO ELECTRO NIVEL 3MTS.', 101.84, 178.32, 16, '2011-06-10', 20),
(2964, 'HBA-F6M', 'FLOTADOR DE DOS FUNCIONES 6MTS', 151.18, 264.71, 16, '2018-02-09', 20),
(2965, 'HBA-RPH2436', 'REJA PARA HIDRONEUMATICO 24-36 LTS.', 421.12, 664.9, 16, '2014-10-15', 20),
(2966, 'HE1-2310', 'PORTAROLLO BLANCO MOD. 2310', 5.55, 9.1, 16, '2006-03-06', 20),
(2967, 'HE1-2630', 'TOALLERO CROMADA MOD. 2630', 11.12, 18.22, 16, '2010-04-14', 20),
(2968, 'HE1-2632C', 'TOALLERO FLEXIBLE CROMADO EN CAJA 2632C', 25.95, 42.52, 16, '2011-05-18', 20),
(2969, 'HE1-9491', 'TAQUETE ABIERTO 1/4 CAJA C/100PZS.', 16.46, 26.97, 16, '2010-04-14', 20),
(2970, 'HE1-9492', 'TAQUETE ABIERTO 5/16 CAJA C/75PZS.', 16.46, 26.97, 16, '2010-04-14', 20),
(2971, 'HE1-9493', 'TAQUETE ABIERTO 3/8 CAJA C/50PZS.', 16.46, 26.97, 16, '2010-04-14', 20),
(2972, 'HE1-9714', 'FLOTADOR 4 MOD. 9714', 5.55, 9.1, 16, '2006-03-06', 20),
(2973, 'HE1-AABF2472', 'PORTAROLLO DE PLASTICO P/WC BLANCO F2472', 5.02, 8.23, 16, '2013-08-13', 20),
(2974, 'HE1-ACLF2569', 'JUNTA SELLADORA GRANDE C/GUIA F2569', 13.53, 22.17, 16, '2018-11-22', 20),
(2975, 'HE1-BFCC', 'BRIDA FLEXIBLE CORTA COFLEX', 74.96, 122.81, 16, '2012-06-27', 20),
(2976, 'HE1-TORPIJA', 'TORNILLO PIJA', 1.35, 2.22, 16, '2010-04-14', 20),
(2977, 'HEP-001CGUIA', 'CUELLO DE CERA CON GUIA EN BOLSA', 13.09, 15.9, 16, '2005-01-05', 20),
(2978, 'HEP-010SGUIA', 'CUELLO DE CERA SIN GUIA EN BOLSA', 3.74, 8.02, 16, '2005-01-05', 20),
(2979, 'HEP-015CGCIN', 'CUELLO DE CERA CON GUIA CAJA INDIVIDUAL', 10.34, 22.16, 16, '2010-02-08', 20),
(2980, 'HEP-016SGCIN', 'CUELLO DE CERA SIN GUIA CAJA INDIVIDUAL', 10.63, 22.77, 16, '2010-02-08', 20),
(2981, 'HEP-020CCEGB', 'CUELLO DE CERA ECONOMICO CON GUIA BOLSA', 2.72, 5.82, 16, '2013-06-26', 20),
(2982, 'HEP-020CCESB', 'CUELLO DE CERA ECONOMICO SIN GUIA BOLSA', 2.24, 4.81, 16, '2013-07-02', 20),
(2983, 'HEP-020MASTI', 'MASTIQUE AGRANEL POR KILO', 9.49, 20.33, 16, '2005-01-05', 20),
(2984, 'HEP-021CGJEB', 'CUELLO DE CERA CON GUIA JUMBO EN BOLSA', 5.81, 12.46, 16, '2013-08-01', 20),
(2985, 'HEP-022SGJEB', 'CUELLO DE CERA SIN GUIA JUMBO EN BOLSA', 4.48, 9.6, 16, '2013-08-05', 20),
(2986, 'HEP-023CGJEC', 'CUELLO DE CERA CON GUIA JUMBO EN CAJA', 7.14, 15.3, 16, '2013-08-05', 20),
(2987, 'HEP-024CSJEC', 'CUELLO DE CERA SIN GUIA JUMBO EN CAJA', 5.79, 12.41, 16, '2013-08-05', 20),
(2988, 'HEP-045', 'CONO PARA CESPOL DE BOTE  PLOMO', 3.23, 5.44, 16, '2017-06-15', 20),
(2989, 'HEP-046', 'CONO PARA CESPOL DE BOTE  PVC', 3.23, 5.44, 16, '2017-06-15', 20),
(2990, 'HEP-06315X15', 'COLADERA DE ALUMINIO PULIDO ESPEJO 15X15', 33.46, 56.32, 16, '2018-01-31', 20),
(2991, 'HEP-098TAPOL', 'TAPA OLORES DE HULE JGO 2 PZAS BLANCA', 13.3, 22.39, 16, '2017-06-15', 20),
(2992, 'HEP-15-07', 'COLADERA FOFO RIRE 10X10', 21.63, 32.71, 16, '2012-12-07', 20),
(2993, 'HEP-27-11', 'VARILLA 17CMS.FIERRO TROPICALIZADO F2413', 1.87, 4.02, 16, '2005-01-05', 20),
(2994, 'HEP-27-14', 'VARILLA 28CMS.FIERRO TROPICALIZADO', 3.14, 6.73, 16, '2005-01-05', 20),
(2995, 'HEP-CACPD', 'CUBIERTA ANTI-CABELLO PARA DRENAJE', 23.04, 34.84, 16, '2012-04-06', 20),
(2996, 'HEP-CAOPD', 'CUBIERTA ANTI-OLOR PARA DRENAJE', 9, 13.62, 16, '2012-04-06', 20),
(2997, 'HEP-CF10', 'COLADERA F.F.  4X4 10X10', 21.63, 32.71, 16, '2005-01-05', 20),
(2998, 'HEP-CF15', 'COLADERA F.F.  6X6 15X15', 31.34, 47.39, 16, '2005-01-05', 20),
(2999, 'HEP-CF20', 'COLADERA F.F.  8X8 20X20', 38.6, 58.37, 16, '2005-01-05', 20),
(3000, 'HEP-CF25', 'COLADERA F.F.10X10 25X25', 88.7, 134.13, 16, '2005-01-05', 20),
(3001, 'HEP-CF30', 'COLADERA F.F.12X12 30X30', 98.59, 149.09, 16, '2005-01-05', 20),
(3002, 'HEP-CP4X4', 'COLADERA PULIDA 4 X 4', 16.69, 25.24, 16, '2007-05-07', 20),
(3003, 'HEP-CP8X8', 'COLADERA ALUMINIO  8 X 8', 34.44, 52.08, 16, '2007-05-07', 20),
(3004, 'HEP-CR10X10', 'COLADERA REJILLA 10 X 10', 61.89, 93.59, 16, '2007-05-07', 20),
(3005, 'HEP-CR12X12', 'COLADERA ALUMINIO 12 x 12', 79.48, 120.19, 16, '2008-11-04', 20),
(3006, 'HEP-FM555C', 'ESPERA DESCARGUE W.C. CON ASIENTO', 174.53, 263.93, 16, '2005-01-05', 20),
(3007, 'HEP-IT19212', 'FILTRO EN LATON Y ACERO INOXIDABLE', 68.06, 102.91, 16, '2005-01-05', 20),
(3008, 'HEP-NC6001', 'CINTA TEFLON DE 1/2 X 260 DOGOTULS', 1.74, 1.2, 16, '2005-01-05', 20),
(3009, 'HEP-NC6003', 'CINTA TEFLON DE 3/4 X 260 DOGOTULS', 2.64, 1.9, 16, '2005-01-05', 20),
(3010, 'HEP-PJ5', 'PIJA PARA WC B. BELLOTA (TAZA-PISO)', 1.75, 3.75, 16, '2005-01-05', 20),
(3011, 'HEP-PJ6', 'PIJA PARA WC C. ECONONIMCA (TAZA-PISO)', 1.5, 3.23, 16, '2010-05-27', 20),
(3012, 'HEP-VF14X10', 'VARILLA PARA FLOTADOR WC 1/4 X 10', 2.44, 5.23, 16, '2013-08-27', 20),
(3013, 'KIT-TADO', 'KIT DE TARJA DOBLE LLEVE Y CESPOL', 892.88, 1250.63, 16, '2019-01-12', 20),
(3014, 'KIT-TAUN', 'KIT DE TARJA CEN. IZQ./DER. LLAVE Y CESP', 744.16, 1042.12, 16, '2019-01-12', 20),
(3015, 'LUK-20500065', 'TRITURADOR DE DESPERDICIOS MOD. 65', 4965.18, 10014.7, 16, '2010-04-09', 20),
(3016, 'LUK-50375002', 'TRITURADOR DE DESPERDICIOS MOD. 55', 3289.87, 6635.58, 16, '2010-04-09', 20),
(3017, 'LUK-658', 'EXTRACTOR DE AIRE 658', 634.71, 1280.2, 16, '2010-04-09', 20),
(3018, 'LUK-8870MINI', 'EXTRACTOR MINI 8870MINI', 381.99, 770.47, 16, '2010-04-09', 20),
(3019, 'LUK-APB15B1', 'EXTRACTOR DE AIRE GENUIN APB15B1', 660.96, 1333.14, 16, '2010-04-09', 20),
(3020, 'LUK-APC10E', 'EXTRACTOR DE AIRE GENUIN APC10E', 379.08, 764.59, 16, '2010-04-09', 20),
(3021, 'LUK-APC15E', 'EXTRACTOR DE AIRE GENUIN APC15E', 524.88, 1058.67, 16, '2010-04-09', 20),
(3022, 'MVA-99260', 'PAR DE MANGUERAS PARA MONOMANDO 40CMS.', 166.74, 336.31, 16, '2010-05-27', 20),
(3023, 'MVA-BP5041', 'BRAZO REGADERA BP5041', 16.21, 25.6, 16, '2015-10-01', 20),
(3024, 'MVA-FIL1161', 'FILTRO PARA CHECK DE 1', 26.77, 42.27, 16, '2012-08-22', 20),
(3025, 'MVA-FIL11612', 'FILTRO PARA CHECK DE 1/2', 20.01, 31.6, 16, '2012-08-22', 20),
(3026, 'MVA-FIL11634', 'FILTRO PARA CHECK DE 3/4', 23.39, 36.94, 16, '2012-08-22', 20),
(3027, 'MVA-M200', 'EXHIBIDOR DE MOSTRADOR TIPO M', 0.02, 0.03, 16, '2011-10-04', 20),
(3028, 'MVA-SA-3', 'EXHIBIDOR BLANCO ROJO MODULAR', 0.02, 0.03, 16, '2011-10-04', 20),
(3029, 'MVA-TPMM', 'TUERCA PICO MEZCLADORA METALICA', 15.84, 25.87, 16, '2013-06-20', 20),
(3030, 'MVA-VAR7', 'VARILLA DE COBRE No.  7 (1)', 15.48, 25.28, 16, '2005-01-05', 20),
(3031, 'MXA-KC070102', 'KIT DE ACCESORIOS PARA CISTERNA', 186.24, 313.65, 16, '2017-06-16', 20),
(3032, 'MXA-KTF70100', 'KIT DE ACCESORIOS P/TINACO FILTRO M-INOX', 183.7, 251.76, 16, '2017-06-19', 20),
(3033, 'MXA-TC767908', 'TAPA PARA CISTERNA EUREKA', 151.02, 206.97, 16, '2017-10-03', 20),
(3034, 'OGS-FLOELINE', 'FLOTADOR ELECTRICO INRECO', 195.69, 394.71, 16, '2010-02-09', 20),
(3035, 'PAQ-HIDYTIN', 'PAQ. HIDRONEUMATICO 24LTS./TINACO 450LTS', 1501.12, 2340.5, 16, '2017-11-17', 20),
(3036, 'RO1-2080011', 'FLOTADOR No. 5 NEGRO CON CASQUILLO', 65.91, 132.94, 16, '2006-04-06', 20),
(3037, 'RO1-2081023', 'MULTICONECTOR REFORZADO CON 2 TAPONES', 132.85, 267.96, 16, '2006-04-06', 20),
(3038, 'RO1-5971011', 'CARTUCHO PASO 1 (OFERTA)', 146.74, 295.98, 16, '2013-08-05', 20),
(3039, 'RO1-5972011', 'CARTUCHO PASO 2 (OFERTA)', 356.87, 719.81, 16, '2013-08-05', 20),
(3040, 'RP1-046-MU13', 'MULTICONECTOR PARA TINACO DE 1/2', 26.21, 41.55, 16, '2005-01-05', 20),
(3041, 'RP1-047-MU34', 'MULTICONECTOR PARA TINACO DE 3/4', 21.03, 33.34, 16, '2005-01-05', 20),
(3042, 'RP1-048-TT', 'TUERCA PARA TINACO', 45.16, 71.58, 16, '2005-01-05', 20),
(3043, 'RP1-050-RB13', 'REDUCC.BUSHING 38.1MMX13MM', 7.24, 11.47, 16, '2005-01-05', 20),
(3044, 'RP1-1505381', 'TAPON DE 38.1 MM.', 15.78, 25.01, 16, '2014-03-26', 20),
(3045, 'RP1-160PAQ', 'PAQUETE DE ACCESORIOS PARA TINACO', 102, 112, 16, '2005-01-05', 20),
(3046, 'RP1-339069', 'FILTRO PURIF.D\'AGUA P/MEZCL.OC3287GAXECO', 674.97, 1069.89, 16, '2005-11-05', 20),
(3047, 'RP1-48-15', 'MULTICONECTOR P/TINACO 2 PUNTAS', 15.38, 24.39, 16, '2010-12-14', 20),
(3048, 'RP1-48-18', 'MULTICONECTOR P/TINACO C/LLAVE DE PASO', 54.33, 91.46, 16, '2010-12-14', 20),
(3049, 'RP1-48-20', 'MULTICONECTOR P/TINACO S/LLAVE DE PASO', 14.49, 22.97, 16, '2012-08-15', 20),
(3050, 'RP1-48-33', 'VALVULA P/TANQUE ALTO PLASTICO 1/2', 26.01, 41.22, 16, '2013-09-06', 20),
(3051, 'RP1-48-34', 'VALUVLA P/TANQUE ALTO PLASTICO 3/4', 17.95, 28.45, 16, '2013-09-06', 20),
(3052, 'RP1-BCHPT', 'BRIDA CHICA PARA TINACO PVC NEGRO', 9.32, 14.77, 16, '2012-08-16', 20),
(3053, 'RP1-BPT', 'BRIDA PARA TINACO PVC NEGRO', 32.87, 18.6, 16, '2012-08-16', 20),
(3054, 'RP1-BTK', 'PASTILLAS PARA TINACO KLEAN EN BLISTER', 52.58, 83.34, 16, '2014-11-18', 20),
(3055, 'RP1-FPAWC201', 'FILTRO PURIFICADOR D\'AGUA WATERCURA 2.01', 1853.85, 2938.53, 16, '2014-12-12', 20),
(3056, 'RP1-JARRO', 'JARRO DE AIRE PARA MULTICONECTOR TINACO', 17.85, 28.29, 16, '2015-05-15', 20),
(3057, 'RP1-RPVCA1', 'REDUCCION PVC NEGRO A 1', 5.66, 8.97, 16, '2012-08-16', 20),
(3058, 'RP1-RPVCA1/1', 'REDUCCION PVC NEGRO DE 1 A 3/4', 9.06, 14.36, 16, '2014-10-16', 20),
(3059, 'RP1-RPVCA1/2', 'REDUCCION PVC NEGRO A 1/2', 6.22, 9.86, 16, '2012-08-16', 20),
(3060, 'RP1-RPVCA11/', 'REDUCCION PVC NEGRO DE 1 A 1/2', 9.06, 14.36, 16, '2014-10-16', 20),
(3061, 'RP1-RPVCA3/4', 'REDUCCION PVC NEGRO A 3/4', 4.66, 7.39, 16, '2012-08-16', 20),
(3062, 'RP1-T3006VT', 'TUERCA PARA VALVULA DE TINACO', 10.36, 16.43, 16, '2014-03-26', 20),
(3063, 'RP1-TPVCPB', 'TAPON PVC NEGRO PARA BRIDA', 7.47, 11.84, 16, '2012-08-16', 20),
(3064, 'RP1-VPTA', 'VALVULA PARA TANQUE ALTO PVC NEGRO', 16.9, 26.79, 16, '2012-08-16', 20),
(3065, 'SLO-DV20', 'EMPAQUE', 10.62, 21.43, 16, '2009-08-18', 20),
(3066, 'SLO-F20A11/2', 'TUERCA UNION D/CHAPETON SPUD 1 1/2 CROMO', 187.92, 379.03, 16, '2009-08-17', 20),
(3067, 'SLO-H6', 'TURECA UNION P/VALVULA RETEN.FLUX.NAV.', 145.35, 293.18, 16, '2009-08-17', 20),
(3068, 'SLO-WES-150', 'CARTUCHO PARA MINGITORIO WATERFREE', 1153.44, 2326.46, 16, '2009-08-03', 20),
(3069, 'STK-138050', 'CINTA TEFLON DE 1/2 7MTS.', 3.34, 6.74, 16, '2005-01-05', 20),
(3070, 'TAM-B/I', 'BOQUILLA PARA INYECTOR', 19.29, 33.78, 16, '2016-06-29', 20),
(3071, 'TCC-216-13', 'COPLE DOBLE ESPIGA 1/2 LATON (ANB)', 29.97, 49.38, 16, '2012-11-15', 20),
(3072, 'TGC-999999', 'TORNO NARDINI UNIVERSAL N.S. 8007MS30572', 237739, 302519, 16, '2013-02-06', 20),
(3073, 'TOO-FU0771', 'EXTRACTOR DE AIRE DE 4', 272.82, 508.66, 16, '2010-09-20', 20),
(3074, 'TOO-FU0772', 'EXTRACTOR DE AIRE DE 5', 303.8, 566.41, 16, '2010-08-12', 20),
(3075, 'TOO-FU0773', 'EXTRACTOR DE AIRE DE 6', 368.13, 686.35, 16, '2010-09-20', 20),
(3076, 'TOO-RO2250', 'CINTA DE TEFLON DE 1/2 DE 13MMX6.00MTS.', 2.51, 7.36, 16, '2008-09-27', 20),
(3077, 'TOO-RO9790', 'CINTA SELLA ROSCAS 19MM X 6M', 2.25, 6.6, 16, '2013-12-18', 20),
(3078, 'TOO-TC1072', 'CINTA DE TEFLON DE 1/2 DE 13MMX6.60MTS.', 2.48, 7.29, 16, '2008-09-27', 20),
(3079, 'TOO-TC1073', 'CINTA DE TEFLON DE 3/4 DE 19MMX6.60MTS.', 3.24, 9.5, 16, '2008-09-27', 20),
(3080, 'TOO-TC1074', 'CINTA DE TEFLON DE 1/2 DE 13MMX13.20MTS.', 3, 8.81, 16, '2008-09-27', 20),
(3081, 'TOO-TC1075', 'CINTA DE TEFLON DE 3/4 DE 19MMX13.20MTS.', 3.76, 11.02, 16, '2008-09-27', 20),
(3082, 'TOO-TC1078', 'CINTA DE TEFLON P/GAS DE 1/2 13MMX6.60MT', 4.31, 9.84, 16, '2008-09-27', 20),
(3083, 'TOO-TC1423', 'MANGUERA FLEXIBLE PARA GRASA DE 12', 33.88, 63.18, 16, '2008-09-27', 20),
(3084, 'TOO-TC1424', 'MANGUERA FLEXIBLE PARA GRASA DE 18', 44.67, 83.29, 16, '2008-09-27', 20),
(3085, 'TOO-TC1981', 'COPLE HIDRAULICO HEXAGONAL PARA GRASERA', 19.89, 34, 16, '2008-09-27', 20),
(3086, 'TOO-TC2009', 'COPLE DE 1/4 MACHO/MACHO', 18.99, 35.42, 16, '2008-09-27', 20),
(3087, 'TOO-TC2010', 'COPLE DE 1/4 HEMBRA/HEMBRA', 20.73, 38.65, 16, '2008-09-27', 20),
(3088, 'TOO-TC2731', 'CUELLO DE CERA PARA WC CON GUIA', 10.9, 22.36, 16, '2008-09-27', 20),
(3089, 'TOO-TC2732', 'CUELLO DE CERA PARA WC SIN GUIA', 8.69, 17.83, 16, '2008-09-27', 20),
(3090, 'TOO-TC5086', 'CINTA SELLA ROSCAS INDUSTRIAL 19MMX6.6M', 7.62, 14.21, 16, '2016-08-18', 20),
(3091, 'TOO-WF2250', 'CINTA SELLA ROSCA 1/2X236 13MMX6M', 1.54, 4.52, 16, '2017-02-18', 20),
(3092, 'TOO-WF9790', 'CINTA SELLA ROSCAS 19MM X 6M', 2.25, 6.6, 16, '2017-06-15', 20),
(3093, 'AKS-114801', 'REGADERA TIPO PLATILLO ANTISARRO 4 1/2', 80.16, 156.65, 16, '2016-03-10', 21),
(3094, 'AKS-114802', 'REGADERA REDONDA 3 1/2 METALICA C/BRAZO', 75.15, 146.86, 16, '2016-06-09', 21),
(3095, 'AKS-114803', 'REGADERA REDONDA METALICA 3 1/2', 60.12, 117.48, 16, '2016-03-10', 21),
(3096, 'AKS-114804', 'REGADERA ABS 2 1/2 ANTISARRO CROMADA', 42.58, 83.22, 16, '2015-07-23', 21),
(3097, 'AKS-114805', 'REGADERA ABS 2 1/2 ANTISARRO BLANCA', 37.57, 73.43, 16, '2016-04-29', 21),
(3098, 'AKS-114807', 'REGADERA CUADRADA METALLICA BRAZO Y CHAP', 85.17, 166.44, 16, '2016-06-16', 21),
(3099, 'AKS-190304', 'ESMERILADORA 2100W DE 9 PRO', 1503.06, 2178.33, 16, '2017-01-09', 21),
(3100, 'AKS-308201', 'REGADERA ESTANDAR CON BRAZO PLASTICO', 30.06, 58.74, 16, '2016-02-23', 21),
(3101, 'AKS-308202', 'REGADERA REDONDA PLASTICA DE 3-1/2', 32.56, 63.64, 16, '2015-11-24', 21),
(3102, 'ANB-R005CP', 'REGADERA METALICA CROM. C/REG. 2-1/4', 123.75, 232.48, 16, '2015-12-08', 21),
(3103, 'ANB-R005WK', 'REGADERA METALICA BCO/ORO C/REG. 2-1/4', 172.17, 380.52, 16, '2014-01-14', 21),
(3104, 'ANB-R009CB', 'REGADERA AHORRADORA CON BOTON METALICA', 99.54, 187, 16, '2012-02-27', 21),
(3105, 'ANB-R1010', 'REGADERA TIPO VENECIA BRAZO Y CHAP. MET.', 77.03, 135.29, 16, '2013-03-21', 21),
(3106, 'ANB-R1015', 'REGADERA CROMADA ANTISARRO', 26.07, 45.79, 16, '2010-08-09', 21),
(3107, 'ANB-R1016', 'REGADERA METALICA CRO/ORO C/REG. 2-1/4', 161.41, 338.89, 16, '2014-01-14', 21),
(3108, 'ANB-R1018', 'REGADERA BLANCA ANTISARRO', 24.3, 28.2, 16, '2010-07-16', 21),
(3109, 'ANB-R1288C', 'REGADERA ACERO INOX. CROMADA 8', 320.14, 601.4, 16, '2018-01-18', 21),
(3110, 'ANB-R1289BN', 'REGADERA ACERO INOXIDABLE NIQUEL PULIDO', 368.02, 691.35, 16, '2016-04-28', 21),
(3111, 'ANB-R2020', 'REGADERA ANTISARRO ABS CROMADA', 56.49, 106.12, 16, '2012-02-09', 21),
(3112, 'ANB-R218', 'REGADERA OCTAGONAL METALICA R218', 62.21, 109.26, 16, '2013-03-22', 21),
(3113, 'ANB-R306L', 'REGADERA MASAJE TIPO TELEFONO EXT.MET.5P', 161.41, 338.89, 16, '2013-03-22', 21),
(3114, 'ANB-R320', 'REGADERA REDONDA METALICA R320', 62.21, 109.26, 16, '2015-07-09', 21),
(3115, 'ANB-R326', 'REGADERA CONO METALICA R326', 61.62, 114.41, 16, '2013-03-21', 21),
(3116, 'ANB-R443BN', 'REGADERA CUADRADA ABS NIQUEL PULIDO DE 6', 147.96, 277.96, 16, '2013-03-21', 21),
(3117, 'ANB-R443C', 'REGADERA CUADRADA ABS CROMADA DE 6', 126.82, 147.2, 16, '2014-07-25', 21),
(3118, 'ANB-R444BN', 'REGADERA CUADRADA ABS NIQUEL PULIDO DE 8', 199.08, 373.98, 16, '2013-03-21', 21),
(3119, 'ANB-R444C', 'REGADERA CUADRADA ABS CROMADA DE 8', 174.82, 307.02, 16, '2014-07-25', 21),
(3120, 'ANB-R475', 'REGADERA METALICA BRAZO Y CHAPETON', 85.92, 150.9, 16, '2017-04-07', 21),
(3121, 'ANB-R476', 'REGADERA CROMADA C/BRAZO Y CHAPETON ABS', 53.8, 101.08, 16, '2014-02-21', 21),
(3122, 'ANB-R477', 'REGADERA CROMADA C/BRAZO Y CHAPETON ABS', 53.8, 68.7, 16, '2014-02-21', 21),
(3123, 'ANB-R4NP', 'REGADERA NIQUEL PULIDO ABS 4', 53.8, 118.91, 16, '2012-02-09', 21),
(3124, 'ANB-R5001', 'REGADERA MASAJE TIPO TELEFONO C/EXT. MET', 153.34, 288.06, 16, '2013-03-21', 21),
(3125, 'ANB-R511C', 'REGADERA MASAJE CROM.TIPO TELEFONO EXT.M', 231.36, 485.75, 16, '2013-03-21', 21),
(3126, 'ANB-R592NP', 'REGADERA NIQUEL PULIDO DE ABS 8', 214.14, 402.28, 16, '2015-07-09', 21),
(3127, 'ANB-R6NP', 'REGADERA NIQUEL PULIDO ABS 6', 112.99, 237.23, 16, '2012-02-09', 21),
(3128, 'ANB-R768', 'REGADERA CROMADA CON BRAZO Y CHAP. ABS', 51.11, 96.02, 16, '2014-07-25', 21),
(3129, 'ANB-R769C', 'REGADERA METALICA CROMADA', 516.53, 970.32, 16, '2016-04-28', 21),
(3130, 'ANB-R770BN', 'REGADERA METALICA CUADRADA NIQUEL PULIDO', 645.67, 1212.93, 16, '2016-04-28', 21),
(3131, 'ANB-R826', 'REGADERA CROMADA CON BRAZO Y CHAPETON', 74.07, 85.9, 16, '2014-07-25', 21),
(3132, 'ANB-R8NP', 'REGADERA NIQUEL PULIDO ABS 8', 174.87, 367.15, 16, '2012-02-09', 21),
(3133, 'ANB-R994C', 'REGADERA ACERO INOXIDABLE CROMADA 12', 619.84, 1164.4, 16, '2016-04-28', 21),
(3134, 'ANB-RB447C', 'REGADERA REDONDA ABS CON BRAZO Y CHAPETO', 85.92, 150.9, 16, '2013-08-14', 21),
(3135, 'ANB-RC4', 'REGADERA CROMADA ABS 4', 42.66, 49.5, 16, '2012-02-27', 21),
(3136, 'ANB-RC592', 'REGADERA CROMADA DE ABS 8', 192.59, 357.56, 16, '2012-02-27', 21),
(3137, 'ANB-RC595', 'REGADERA CROMADA DE ABS TRIPLE FUNCION', 489.64, 1028.02, 16, '2012-02-27', 21),
(3138, 'ANB-RC6', 'REGADERA CROMADA ABS 6', 88.89, 103.1, 16, '2012-02-27', 21),
(3139, 'ANB-RC8', 'REGADERA CROMADA ABS 8', 151.11, 265.38, 16, '2012-02-09', 21),
(3140, 'ANB-RCEP', 'REGADERA CROMADA PLASTICO', 18.29, 34.37, 16, '2013-03-21', 21),
(3141, 'ANB-RE5500', 'REGADERA ELECTRICA DE 3 TEMP. 220/230V', 228.15, 400.68, 16, '2013-03-21', 21),
(3142, 'ANB-REGAML', 'REGADERA MASAJE CROMADA ANTISARRO', 61.87, 116.24, 16, '2012-02-09', 21),
(3143, 'ANB-RM5002', 'REGADERA MASAJE CROMADA RM5002', 72.64, 152.51, 16, '2012-02-27', 21),
(3144, 'ANB-RMCH', 'REGADERA MASAJE CROMADA DE 3 POS. ARUBA', 54.88, 115.22, 16, '2013-03-21', 21),
(3145, 'ANB-ROC2P', 'ROCIADOR PARA MEZCLADORA 2 POSICIONES', 37.66, 83.24, 16, '2012-02-09', 21),
(3146, 'ANB-RT136BC', 'REGADERA MASAJE CROM.TIPO TELEFONO C/BAS', 295.93, 654.02, 16, '2012-02-09', 21),
(3147, 'ANB-RT247BC', 'REGADERA MASAJE TIPO TELEFONO C/BASE SUJ', 290.54, 642.12, 16, '2012-02-09', 21),
(3148, 'ANB-RT255BC', 'REGADERA MASAJE CROM.TIPO TELEFONO C/BAS', 247.5, 519.64, 16, '2012-02-09', 21),
(3149, 'ANB-RTR445C', 'REGADERA TIPO TELEFONO ABS', 212.75, 394.98, 16, '2013-03-21', 21),
(3150, 'GIM-001CH', 'REGADERA P/CAMPISMO C/BOMBA 12V', 468.58, 838.32, 16, '2017-09-26', 21),
(3151, 'HEP-RDPPMC', 'REGADERA DE PLASTICO P/MEZC. DE COCINA', 4.9, 7.42, 16, '2012-04-06', 21),
(3152, 'HEP-REG-B-2', 'REGADERA DE ALUMINIO PARA BANO # 2', 14.9, 22.54, 16, '2005-01-05', 21),
(3153, 'HEP-REG-B-4', 'REGADERA DE ALUMINIO PARA BANO # 4', 29.81, 45.08, 16, '2005-01-05', 21),
(3154, 'LUX-CUAD-8', 'REGADERA FIJA A.I. BRILLO CUADRADO-8', 149.86, 281.52, 16, '2018-09-24', 21),
(3155, 'LUX-CUAD-8N', 'REGADERA FIJA A.I. SATINADO CUADRADO-8N', 139.7, 262.43, 16, '2018-09-24', 21),
(3156, 'LUX-L201065C', 'REGADERA DE PLASTICO 20CM. L201065C', 78.04, 123.22, 16, '2010-11-01', 21),
(3157, 'LUX-L201067C', 'REGADERA DE PLASTICO 20CM. L201067C', 83.94, 132.53, 16, '2010-11-01', 21),
(3158, 'LUX-RED-8', 'REGADERA FIJA A.I. BRILLO REDONDO-8', 143.92, 270.37, 16, '2018-09-24', 21),
(3159, 'LUX-RED-8N', 'REGADERA FIJA A.I. SATINADO REDONDO-8N', 131.23, 246.53, 16, '2018-09-24', 21),
(3160, 'LUX-SH9039', 'REGADERA CUADRADA MODELO SH9039', 107.52, 201.99, 16, '2018-09-24', 21),
(3161, 'MVA-01515RC', 'REGADERA REDONDA DE 150MM.5FUNC.0151RC', 608.36, 1227.06, 16, '2013-11-15', 21),
(3162, 'MVA-01522QC', 'REGADERA CUADRADA DE 220MM. 01522QC', 1269.61, 2560.77, 16, '2013-11-15', 21),
(3163, 'MVA-01522RC', 'REGADERA REDONDA DE 220MM.', 1058.02, 2134.01, 16, '2013-11-15', 21),
(3164, 'MVA-06031', 'REGADERA HUNGRIA CROMO', 381.25, 768.98, 16, '2010-03-13', 21),
(3165, 'MVA-06032', 'REGADERA TIPO DUCHA LAHTI', 286.59, 578.05, 16, '2010-03-13', 21),
(3166, 'MVA-06033', 'REGADERA TIPO DUCHA SOFIA', 298.02, 601.11, 16, '2010-03-13', 21),
(3167, 'MVA-06041', 'REGADERA ESPANA CROMADA', 749.81, 1512.35, 16, '2010-03-13', 21),
(3168, 'MVA-06081', 'REGADERA BULGARIA CROMO', 308.16, 621.55, 16, '2010-03-13', 21),
(3169, 'MVA-06091', 'REGADERA DELHI CROMO', 948.46, 1913.02, 16, '2010-03-13', 21),
(3170, 'MVA-10801', 'REGADERA OCTAGONAL CROMADA METALICA', 92.04, 185.64, 16, '2007-05-07', 21),
(3171, 'MVA-10802', 'REGADERA REDONDA CROMADA METALICA', 92.04, 185.64, 16, '2007-05-07', 21),
(3172, 'MVA-10803', 'REGADERA AHORRA AGUA CON BOTON SIN BZO.', 156.94, 316.55, 16, '2005-01-05', 21),
(3173, 'MVA-10809', 'REGADERA DE PLASTICO CROMADA SIN BRAZO', 32.34, 65.24, 16, '2005-01-05', 21),
(3174, 'MVA-10810', 'REGADERA OLIMPUS CROMADA METALICA', 110.03, 221.92, 16, '2007-05-07', 21),
(3175, 'MVA-10811', 'REGADERA REDONDA MUNDIAL METALICA CROMAD', 97.3, 196.25, 16, '2010-03-18', 21),
(3176, 'MVA-10812', 'REGADERA CLARION DE ZAMAC CROMADA', 102.25, 206.24, 16, '2005-01-05', 21),
(3177, 'MVA-10815', 'REGADERA TELEFONO CROMADA', 569.54, 1148.74, 16, '2010-03-13', 21),
(3178, 'MVA-10817', 'REGADERA DE PLASTICO ANTISARRO BLANCA', 71.25, 143.71, 16, '2007-05-07', 21),
(3179, 'MVA-10818', 'REGADERA DE PLASTICO ANTISARRO CROMO', 83.12, 167.66, 16, '2007-05-07', 21),
(3180, 'MVA-10828', 'REGADERA ELITE CROMADA METALICA', 200.49, 404.38, 16, '2010-03-13', 21),
(3181, 'MVA-10855', 'REGADERA DE TELEFONO 5 PIEZAS TIGRE', 457.25, 922.27, 16, '2010-03-13', 21),
(3182, 'MVA-3007C', 'REGADERA DE TELEFONO CROMADA', 554.76, 1118.94, 16, '2005-01-05', 21),
(3183, 'MVA-4507B', 'REGADERA LIMPIA-FACIL CON BRAZO Y CHAP.', 145.51, 293.49, 16, '2005-01-05', 21),
(3184, 'MVA-AREE6080', 'REGADERA ABS CROMADA BRAZO ABS E-60809', 39.86, 80.4, 16, '2016-07-21', 21),
(3185, 'MVA-AREE6081', 'REGADERA ANTISARRO CROM.ABS Y CH.E-60818', 51.3, 103.48, 16, '2016-07-06', 21),
(3186, 'MVA-BP5029', 'REGADERA METAL BP5029', 64.15, 70.1, 16, '2015-10-01', 21),
(3187, 'MVA-BP5034', 'REGADERA PLASTICO BP5034', 29.43, 32.1, 16, '2015-10-01', 21),
(3188, 'MVA-HY741B', 'REGADERA CROMADA REDONDA 150MM', 793.1, 1418.9, 16, '2016-09-01', 21),
(3189, 'MVA-HY741C', 'REGADERA CROMADA REDONDA 200MM', 906.4, 1621.6, 16, '2016-09-01', 21),
(3190, 'MVA-HY742B', 'REGADERA CROMADA CUADRADA 150MM', 793.1, 1418.9, 16, '2016-09-01', 21),
(3191, 'MVA-HY742C', 'REGADERA CROMADA CUADRADA 200MM', 1019.7, 1824.3, 16, '2016-09-01', 21),
(3192, 'MVA-PADP', 'REGADERA PACK AQUA DELTA PLUS BLISTER', 475.6, 776.82, 16, '2014-04-11', 21),
(3193, 'MVA-RE', 'REGADERA ELECTRICA MAXI DUCHA LORENZETTI', 302.18, 493.56, 16, '2015-10-14', 21),
(3194, 'MVA-REC', 'REGADERA AFER T/CARIBE C/BRAZO Y CHAP', 70.96, 115.91, 16, '2016-05-27', 21),
(3195, 'MVA-REMP', 'REGADERA AFER T/DICA PLASTICO', 57.64, 94.15, 16, '2016-05-27', 21),
(3196, 'TOO-FU0688', 'REGADERA ELECTRICA DE 4 TEMPERATURAS', 300.08, 769.28, 16, '2009-12-02', 21),
(3197, 'TOO-FU0845', 'REGADERA ELECTRICA DE 3 TEMPERATURAS', 202.61, 519.42, 16, '2010-12-09', 21),
(3198, 'TOO-FU0936', 'REGADERA ELECTRICA AHORRADORA 3 TEMPERAT', 158.45, 270.84, 16, '2013-02-14', 21),
(3199, 'TOO-RO9511', 'REGADERA ESTANDAR CON BRAZO Y CHAPETON', 27.39, 51.08, 16, '2008-12-05', 21),
(3200, 'TOO-RO9735', 'REGADERA AHORRADORA BLANCA', 27.39, 51.08, 16, '2014-11-18', 21),
(3201, 'TOO-RO9736', 'REGADERA TIPO PLATILLO', 30.26, 56.43, 16, '2012-08-17', 21),
(3202, 'TOO-TC2282', 'ENSAMBLE DE BRONCE CON MANERALES DE ZINC', 499.78, 788.65, 16, '2008-09-27', 21),
(3203, 'TOO-TC2287', 'REGADERA CON BRAZO Y CHAPETON CABEZA ZIN', 78.63, 146.6, 16, '2008-09-27', 21),
(3204, 'TOO-TC2288', 'REGADERA CON BRAZO Y CHAPETON DE ACERO', 194.79, 363.17, 16, '2008-09-27', 21),
(3205, 'TOO-TC2289', 'REGADERA CON BRAZO Y CHAPETON CABEZA', 48.25, 89.95, 16, '2008-09-27', 21),
(3206, 'TOO-TC2290', 'KIT DE REGADERA CON ENSAMBLE Y MANERAL', 557.75, 1429.82, 16, '2008-09-27', 21),
(3207, 'TOO-TC2299', 'ENSAMBLES ROSCABLES PARA REGADERA', 155.47, 289.87, 16, '2008-09-27', 21),
(3208, 'TOO-TC3152', 'REGADERA REGULABLE', 152.5, 284.32, 16, '2008-09-27', 21),
(3209, 'TOO-TC3153', 'REGADERA MASAJE', 86.37, 161.04, 16, '2008-09-27', 21),
(3210, 'TOO-TC3158', 'ENSAMBLES SOLDABLE PARA REGADERA', 155.47, 265.75, 16, '2008-09-27', 21),
(3211, 'TOO-TC3349', 'REGADERA PLATILLO', 64.33, 119.94, 16, '2010-08-21', 21),
(3212, 'TOO-TC3379', 'REGADERA TULIPAN', 84.59, 157.71, 16, '2010-08-21', 21),
(3213, 'ANB-REG005', 'REGULADOR PARA GAS 1 VIA COMPLETO ANBEC', 65.77, 76.3, 16, '2011-12-28', 22),
(3214, 'ANB-REG006', 'REGULADOR PARA GAS 1 VIA C/MANERAL ANBEC', 65.18, 75.6, 16, '2011-12-28', 22),
(3215, 'BYC-130304', 'REGULADOR P/TANQUE ESTACIONARIO MOD.3001', 196.99, 278.01, 16, '2011-10-10', 22),
(3216, 'BYC-203604', 'REGULADOR PARA GAS 1 VIA CRP-1BH MAN.VDE', 47.87, 67.6, 16, '2013-01-31', 22),
(3217, 'BYC-311790', 'REGULADOR PARA TANQUE ESTACIONARIO C4', 176.35, 248.87, 16, '2005-10-05', 22),
(3218, 'BYC-323986', 'REGULADOR PARA GAS 2 VIAS SOLO (OFERTA)', 97, 123, 16, '2005-01-05', 22),
(3219, 'BYC-323989', 'REGULADOR PARA GAS 2 VIAS COMPLETO(OFERT', 141.49, 271.7, 16, '2005-01-05', 22),
(3220, 'BYC-324005', 'REGULADOR PARA GAS 1 VIA COMPLETO (OFERT', 82.28, 87.8, 16, '2005-01-05', 22),
(3221, 'BYC-324006', 'REGULADOR PARA GAS 1 VIA MAN.PLAST.NGOPC', 84.37, 106.9, 16, '2013-01-31', 22),
(3222, 'BYC-324007', 'REGULADOR PARA GAS 1 VIA SOLO PC(OFERTA)', 72.8, 69.4, 16, '2005-01-05', 22),
(3223, 'BYC-RN1CPME', 'REGULADAR PARA GAS 1 VIA C/MANERAL', 115.05, 162.37, 16, '2016-08-18', 22),
(3224, 'ADI-443', 'CARTUCHO DE GAS BUTANO PROPANO', 23.18, 30.7, 16, '2013-05-03', 23),
(3225, 'ANB-CG9KG', 'CILINDRO DE GAS LP 9 KGS ANBEC', 562.27, 1242.64, 16, '2017-11-21', 23),
(3226, 'ANB-CGLP107', 'CILINDRO DE GAS LP DESECHABLE 1/4 VUELTA', 24.74, 51.95, 16, '2016-08-11', 23),
(3227, 'ANB-CGLP108', 'CILINDRO DE GAS LP DESECHABLE 220GRS.', 27.26, 31.6, 16, '2013-08-10', 23),
(3228, 'ANB-SGASLP01', 'SOPLETE PARA GAS CON REGULADOR Y PALANCA', 207.68, 390.15, 16, '2012-02-10', 23),
(3229, 'ANB-SGASLP02', 'SOPLETE PARA GAS CON REGULADOR', 196.15, 364.17, 16, '2010-08-09', 23),
(3230, 'BYC-11920', 'GAS BUTANO TRUPER 11920', 43.96, 62.03, 16, '2016-02-20', 23),
(3231, 'BYC-160015', 'SOPLETE LANZALLAMAS DE GAS No.3 LANGAS35', 579.76, 818.18, 16, '2010-10-16', 23),
(3232, 'ERE-41280255', 'GAS REFRIGERANTE GENETROS AZ20-410A-CLN', 1332.96, 1920.57, 16, '2017-04-28', 23),
(3233, 'HB1-TU200T', 'BOQUILLA FLAMA FINA TURNER', 153.6, 242.52, 16, '2011-09-13', 23),
(3234, 'HB1-WK2201', 'KIT SOPLETE TU9 BOQUILLA PARA PLOMERO', 272.16, 548.94, 16, '2011-09-13', 23),
(3235, 'HB1-WT2301', 'BOQUILLA CON AUTOENCENDIDO C/PERILLA BRO', 262.4, 414.3, 16, '2011-09-13', 23),
(3236, 'HE3-HT280', 'SOPLETE PROPILENO CON BOQ. ENC. AUT.', 458.12, 924.02, 16, '2005-01-05', 23),
(3237, 'TOO-TC4563', 'CARTUCHO GAS BUTANO/PROPANO 1/4VUEL.450M', 20.85, 32.9, 16, '2016-08-09', 23),
(3238, 'TUG-160010', 'SOPLETE DE 2 BOQUILLAS BLISTER', 203.13, 617.66, 16, '2005-01-05', 23),
(3239, 'TUG-160011', 'SOPLETE CON TANQUE DESECHABLE', 179.5, 545.81, 16, '2005-01-05', 23),
(3240, 'TUG-FM-450', 'GAS BUTANO FLAMAX (REPUESTO) 450ML.', 31.67, 63.88, 16, '2005-01-05', 23),
(3241, 'TUG-S-BUG', 'BOQUILLA UNIVERSAL PARA BOTE DE GAS', 116.4, 234.78, 16, '2007-07-03', 23),
(3242, 'TUG-TU100K', 'SOPLETE CON TANQUE PORPANO', 218.88, 328.51, 16, '2005-01-05', 23),
(3243, 'BYC-50003', 'TANQUE PORTATIL DE  2 KGS. (OFERTA)', 361.04, 509.58, 16, '2005-01-05', 24),
(3244, 'BYC-50004', 'TANQUE PORTATIL DE  4 KGS. (OFERTA)', 462.64, 653.27, 16, '2005-01-05', 24),
(3245, 'BYC-50005', 'TANQUE PORTATIL DE  6 KGS. (OFERTA)', 563.68, 795.88, 16, '2005-01-05', 24),
(3246, 'BYC-60004', 'TANQUE PORTATIL  9 KGS.', 594.94, 688.52, 16, '2018-10-12', 24),
(3247, 'BYC-60005', 'TANQUE PORTATIL DE 10 KGS.', 594.94, 1049.27, 16, '2005-01-05', 24),
(3248, 'BYC-60006', 'CILINDRO DE 20 KGS. (OFERTA)', 779.02, 1100.02, 16, '2010-01-15', 24),
(3249, 'BYC-60009', 'CILINDRO DE 30 KGS. (OFERTA)', 1116.19, 1563.37, 16, '2005-10-05', 24),
(3250, 'BYC-60012', 'CILINDRO DE 45 KGS. (OFERTA)', 1288.44, 1819.19, 16, '2005-10-05', 24),
(3251, 'BYC-70018', 'TANQUE ESTACIONARIO DE  300 LTS.', 4111.6, 5805.08, 16, '2005-01-05', 24),
(3252, 'BYC-70020', 'TANQUE ESTACIONARIO DE  500 LTS.(OFERTA)', 6375.09, 9001.19, 16, '2005-10-05', 24),
(3253, 'BYC-70023', 'TANQUE ESTACIONARIO DE 1000 LTS.(OFERTA)', 10236.5, 14454.4, 16, '2007-03-07', 24),
(3254, 'BYC-70072', 'TANQUE ESTACIONARIO DE 100 LTS.(ARMEBE)', 2610.54, 3685.76, 16, '2017-03-07', 24),
(3255, 'BYC-70073', 'TANQUE ESTACIONARIO DE  120 LTS.(OFERTA)', 2799.8, 3952.99, 16, '2007-07-23', 24),
(3256, 'BYC-70074', 'TANQUE ESTACIONARIO DE  130 LTS.', 3143.4, 4953, 16, '2017-12-11', 24),
(3257, 'BYC-70075', 'TANQUE ESTACIONARIO DE  180 LTS.(OFERTA)', 2968.03, 4190.5, 16, '2005-12-05', 24),
(3258, 'BYC-70078', 'TANQUE ESTACIONARIO DE  200 LTS.(OFERTA)', 3657.29, 5163.85, 16, '2010-01-15', 24),
(3259, 'BYC-70100', 'TANQUE ESTACIONARIO DE 5000 LTS.', 48987.6, 69167.2, 16, '2012-01-24', 24),
(3260, 'BYC-9000', 'TANQUE PORTATIL DE 10 KGS. VALVULA NUEVA', 447.43, 833.5, 16, '2018-01-30', 24),
(3261, 'ANB-T1010', 'TARJA ACERO INOX. 30.7X18.9X6 ESC. IZQ.', 370.37, 650.45, 16, '2013-03-21', 25),
(3262, 'ANB-T1020', 'TARJA ACERO INOX. 30.7X18.9X6 ESC. DER.', 370.37, 650.45, 16, '2013-03-21', 25),
(3263, 'ANB-T1030', 'TARJA ACERO INOX. 39.5X19.5X6 ESC. IZQ.', 450.38, 790.96, 16, '2013-03-21', 25),
(3264, 'ANB-T1040', 'TARJA ACERO INOX. 39.5X19.5X6 ESC. DER.', 450.38, 790.96, 16, '2013-03-22', 25),
(3265, 'ANB-T1060', 'TARJA TIPO BAR 15X15X6', 284.44, 528.09, 16, '2013-03-22', 25),
(3266, 'ANB-T1062', 'TRJA TIPO BAR 15X15X6 CON', 283.03, 579.5, 16, '2017-11-21', 25),
(3267, 'ANB-T1070', 'TARJA DOBLE C/ESC.DER.C/HER.47.27X19.68', 940.69, 1994.26, 16, '2015-01-15', 25),
(3268, 'ANB-T1080', 'TARJA DOBLE C/ESC.IZQU.C/HER. 47.27X19.8', 1469.65, 2581.03, 16, '2015-01-15', 25),
(3269, 'ANB-T1085', 'TARJA DOBLE C/ESC. DER. C/HERRAJE', 1291.34, 2853.93, 16, '2014-12-20', 25),
(3270, 'ANB-T1090', 'TARJA ESC. IZQ. C/HERRAJE 33X22X6', 432.6, 759.74, 16, '2015-11-07', 25),
(3271, 'ANB-T1095', 'TARJA ESC. DER. C/HERRAJE 33X22X6', 432.6, 759.74, 16, '2015-11-07', 25),
(3272, 'ANB-T2000', 'TARJA SUB-MONT.AC.INOX.32 1/4X18 1/2X9', 2021.96, 3551.01, 16, '2012-02-27', 25),
(3273, 'ANB-T2005', 'TARJA ACERO INOX. 32X20 3/4 X 9 Y 7', 2021.96, 3551.01, 16, '2012-02-09', 25),
(3274, 'ANB-T2010', 'TARJA ACERO INOX. 33 X 19 X 9 CUADRADA', 3130.13, 5497.2, 16, '2012-02-09', 25),
(3275, 'ANB-T2015', 'TARJA ACERO INOX. 16.9 X 19.5 X 8.9', 1000.79, 1880.03, 16, '2012-02-09', 25),
(3276, 'ANB-T2020', 'TARJA SUB-MONT.AC.INOX.49.2X20.8X7.8Y8.9', 3497.39, 6569.99, 16, '2012-02-27', 25),
(3277, 'ANB-T2025', 'TARJA SUB-MONT.AC.INOX.32X20 3/4X9Y7', 2021.96, 3551.01, 16, '2014-07-10', 25),
(3278, 'ANB-T2045', 'TARJA SOBREPONER AC.INOX. 80X50X15CMS.', 450.38, 790.96, 16, '2013-09-20', 25),
(3279, 'ANB-T2055', 'TARJA DE SOBREPON. AC.INOX. 80X50X15CMS.', 450.38, 790.96, 16, '2013-09-20', 25);
INSERT INTO `productos` (`reg`, `folio`, `descripcion`, `costo`, `precio_venta`, `iva`, `f_reg`, `categoria`) VALUES
(3280, 'ANB-T2075', 'TARJA DE SOBREPONER EN ACERO INOXIDABLE', 533.34, 936.66, 16, '2017-10-05', 25),
(3281, 'ANB-T2080', 'TARJA RED. DE AC. INOX. 16 1/2X6 7/8', 1165.44, 2446.89, 16, '2014-12-20', 25),
(3282, 'ANB-T2090', 'TARJA SUB-MONT.AC.INOX.800X800X200MM', 2208.19, 4636.2, 16, '2016-08-11', 25),
(3283, 'ANB-T4540', 'TINA SUB-MONT.ACERO 17-3/4X15-3/4X6', 396.01, 831.45, 16, '2012-02-27', 25),
(3284, 'ANB-TIN15156', 'TARJA TIPO BAR ACERO INOX. 15X15X6', 284.44, 499.55, 16, '2014-10-14', 25),
(3285, 'ANB-TIN25226', 'TARJA ACERO INOX. 25X22X6', 420.74, 738.92, 16, '2013-03-21', 25),
(3286, 'ANB-TIN33196', 'TARJA DOBLE AC. INOX. 33X19X6 TIN33196M', 417.78, 733.71, 16, '2013-03-22', 25),
(3287, 'ANB-TIN331CA', 'TARJA DOB.AC.INOX.C/ACCS. TIN33196M', 893.06, 1250.84, 16, '2019-02-12', 25),
(3288, 'ANB-TIN33226', 'TARJA DOBLE CON HERRAJES 33X22X6 MATE', 435.83, 818.72, 16, '2017-06-28', 25),
(3289, 'ANB-TIN332CA', 'TARJA DOB.AC.INOX.C/ACCS. TIN33226M', 893.06, 1250.84, 16, '2019-02-12', 25),
(3290, 'BER-C10', 'TARJA TINA SENC.S/ESC.38X38CM ACERO INOX', 1176.87, 2373.72, 16, '2009-12-04', 25),
(3291, 'BER-C110', 'TARJA TINA DOB.S/ESC.84X56CM ACERO INOX.', 2266.03, 4570.52, 16, '2009-12-04', 25),
(3292, 'BER-C201N', 'TARJA 1 TINA ESC.IZQ.101X54CM ACERO INOX', 2602.05, 5248.28, 16, '2009-12-04', 25),
(3293, 'BER-C202N', 'TARJA 1 TINA ESC.DER.101X54CM ACERO INOX', 1691.33, 3411.37, 16, '2009-12-04', 25),
(3294, 'BER-C211N', 'TARJA 2 TINAS ESC.IZQ.144X54CM ACERO INO', 4260.62, 8593.57, 16, '2009-12-04', 25),
(3295, 'BER-C212N', 'TARJA 2 TINAS ESC.DER.144X54CM ACERO INO', 4260.62, 8593.57, 16, '2009-12-04', 25),
(3296, 'BER-C300', 'TARJA TINA SENC.S/ESC.63X56CM ACERO INOX', 1939.95, 3912.84, 16, '2009-12-04', 25),
(3297, 'BER-CACM401', 'TARJA 1 TINA ESC.IZQ.75X48CM ACERO INOX.', 625.52, 1261.67, 16, '2010-09-01', 25),
(3298, 'BER-CACM402', 'TARJA 1 TINA ESC.DER.75X48CM ACERO INOX.', 625.52, 1261.67, 16, '2010-09-01', 25),
(3299, 'BER-ECG33221', 'TARJA 2 TINAS 84X56CM. A.I. ECG-332210L', 6354.02, 12815.9, 16, '2013-02-18', 25),
(3300, 'BER-M100', 'TARJA TINA SENC.S/ESC.47X49CM ACERO INOX', 825.96, 1665.95, 16, '2009-12-04', 25),
(3301, 'BER-M101', 'TARJA 1 TINA ESC.IZQ.80X52CM ACERO INOX.', 1148.74, 2316.99, 16, '2009-12-04', 25),
(3302, 'BER-M102', 'TARJA 1 TINA ESC.DER.80X52CM ACERO INOX.', 1148.74, 2316.99, 16, '2009-12-04', 25),
(3303, 'BER-M11019', 'TARJA TINA DOB.S/ESC.84X48CM ACERO INOX.', 1041.15, 2099.98, 16, '2009-12-04', 25),
(3304, 'BER-M11022', 'TARJA TINA DOB.S/ESC.84X56CM ACERO INOX.', 1261.29, 2543.99, 16, '2009-12-04', 25),
(3305, 'BER-M201', 'TARJA 1 TINA ESC.IZQ.101X54CM ACERO INOX', 1999.54, 4033.03, 16, '2011-03-23', 25),
(3306, 'BER-M202', 'TARJA 1 TINA ESC.DER.101X54CM ACERO INOX', 1999.54, 4033.03, 16, '2009-12-04', 25),
(3307, 'HPO-MUNTA01D', 'TARJA DE ACERO INOX. DER. 80X50CM TA-01D', 378.52, 579.33, 16, '2018-11-20', 25),
(3308, 'HPO-MUNTA01I', 'TARJA DE ACERO INOX. IZQ. 80X50CM TA-01I', 378.52, 579.33, 16, '2018-11-20', 25),
(3309, 'HPO-MUNTA02', 'TARJA DE ACERO INOX. DOBLE 84X48CM TA-02', 447.33, 684.65, 16, '2018-11-20', 25),
(3310, 'HPO-MUNTACA', 'TARJA DE ACERO INOX. DER. C/ACCS. TA-01D', 744.16, 1042.12, 16, '2019-02-12', 25),
(3311, 'HPO-MUNTACB', 'TARJA DE ACERO INOX. IZQ. C/ACCS. TA-01I', 744.16, 1042.12, 16, '2019-02-12', 25),
(3312, 'TJS-020TARJ2', 'TARJA 1 TINA CON 2 ESC.1400X510MM.', 1537.31, 3100.72, 16, '2016-06-30', 25),
(3313, 'TJS-0357007', 'TARJA PORC.81X53 ESC.IZQ.LLAVE PISO', 388.8, 784.2, 16, '2005-01-05', 25),
(3314, 'TJS-0407009', 'TARJA PORC.81X53 ESC.DER.LLAVE MURO', 397.59, 801.94, 16, '2016-06-30', 25),
(3315, 'TJS-040TARJI', 'TARJA 2 TINA CON ESC.IZQ.1400X510MM.', 1788.48, 3607.32, 16, '2005-01-05', 25),
(3316, 'TJS-060TARJD', 'TARJA 1 TINA ESC.DER.800X510MM.', 379.2, 764.85, 16, '2016-06-30', 25),
(3317, 'TJS-070TARJI', 'TARJA 1 TINA ESC.IZQ.800X510MM', 386.8, 780.17, 16, '2016-06-30', 25),
(3318, 'TJS-120TARJI', 'TARJA 1 TINA ESC.IZQ.78X42 C/RES', 374.98, 756.33, 16, '2005-01-05', 25),
(3319, 'TJS-15BSK27E', 'TARJA DER. C/ESCURRIDERO IZQ. 33X22X6', 375.84, 758.06, 16, '2008-12-16', 25),
(3320, 'TJS-S8050B1', 'TARJA SIMONA EMPOTRAR 3H TARJA A.I. IZQ.', 480.98, 970.13, 16, '2014-02-27', 25),
(3321, 'TJS-S8050BD', 'TARJA SIMONA EMPOTRAR 3H TARJA A.I. DER.', 480.98, 970.13, 16, '2014-02-27', 25),
(3322, 'TJS-WA9145', 'TARJA BELLA PLUS MD 91X45X20 ACC.P/CUCH.', 2722.93, 5492.09, 16, '2014-02-27', 25),
(3323, 'TJS-WO8448', 'TARJA LILLY 2H EMP. 2TINAS 84X48X15', 835.05, 1684.27, 16, '2014-02-27', 25),
(3324, 'TOO-RO9487', 'TARJA ESCURRIDERO IZQUIERDO DE 84X56 CMS', 412.37, 874.22, 16, '2008-09-27', 25),
(3325, 'TOO-RO9488', 'TARJA ESCURRIDERO DERECHO DE 84X56 CMS', 472.37, 1210.96, 16, '2008-09-27', 25),
(3326, 'TOO-RO9489', 'TARJA DOBLE TINA 84X56 CMS', 574.83, 1473.62, 16, '2008-09-27', 25),
(3327, 'TOO-RO9882', 'TARJA DE SOBREPONER ESC. IZQ. 100X50CM', 593.3, 1520.97, 16, '2013-12-18', 25),
(3328, 'TOO-RO9883', 'TARJA DE SOBREPONER ESC. DER. 100X50CM', 493.3, 1045.79, 16, '2013-12-18', 25),
(3329, 'AKS-109901', 'PEGAMENTO PARA PVC TUBO  60ML.', 13.42, 19.91, 16, '2017-11-21', 26),
(3330, 'AKS-109911', 'PEGAMENTO PARA CPVC TUBO  60ML.', 16.53, 18.2, 16, '2016-07-13', 26),
(3331, 'AKS-109912', 'PEGAMENTO PARA CPVC BOTE  90ML.', 25.05, 27.6, 16, '2015-10-03', 26),
(3332, 'AKS-109913', 'PEGAMENTO PARA CPVC BOTE 145ML.', 35.07, 38.7, 16, '2015-10-03', 26),
(3333, 'AKS-109914', 'PEGAMENTO PARA CPVC BOTE 250ML.', 50.1, 91.55, 16, '2015-10-03', 26),
(3334, 'ANB-CDC1026', 'COPLE DRESSER CPVC 1/2', 17.21, 32.33, 16, '2015-10-29', 26),
(3335, 'ANB-CRLCPVC1', 'COPLE DE REPARACION CPVC 1/2', 11.23, 24.82, 16, '2015-10-27', 26),
(3336, 'ANB-GCPVC12', 'GRAPA CPVC 1/2', 0.53, 1.18, 16, '2015-10-27', 26),
(3337, 'ANB-PEG117', 'PEGAMENTO PARA CPVC TUBO DE 60ML. ANBEC', 16, 18.5, 16, '2013-06-15', 26),
(3338, 'ANB-PEG118', 'PEGAMENTO PARA CPVC DE 1/8 LTO. ANBEC', 29.63, 52.03, 16, '2013-06-17', 26),
(3339, 'ANB-PEG119', 'PEGAMENTO PARA CPVC DE 1/4 LTO. ANBEC', 43.04, 55, 16, '2013-06-17', 26),
(3340, 'ANB-PEG120', 'PEGAMENTO PARA CPVC DE 1/2 LTO. ANBEC', 80, 140.5, 16, '2013-06-17', 26),
(3341, 'ANB-PEG121', 'PEGAMENTO PARA CPVC DE 1 LTO. ANBEC', 129.13, 285.39, 16, '2013-06-17', 26),
(3342, 'ANB-VBCPVC1', 'VALVULA BOLA CPVC 1', 44.65, 83.88, 16, '2014-02-26', 26),
(3343, 'MEX-LZ22701', 'CEMENTO CONTACT CPVC AMARILLO 4oz.', 26.46, 43.35, 16, '2011-11-24', 26),
(3344, 'MEX-LZ22702', 'CEMENTO CONTACT CPVC AMARILLO 8oz.', 35.59, 58.31, 16, '2011-11-24', 26),
(3345, 'MEX-LZ22703', 'CEMENTO CONTACT CPVC AMARILLO 16oz.', 52.2, 85.52, 16, '2011-11-24', 26),
(3346, 'MEX-LZ22708', 'CEMENTO CONTACT CPVC AMARILLO TUBO 60ML.', 19.45, 31.86, 16, '2011-11-24', 26),
(3347, 'MEX-LZ24402', 'CEMENTO CONTACT ETIQUETA GRIS LATA  8oz.', 33.79, 55.36, 16, '2011-11-24', 26),
(3348, 'MEX-LZ24403', 'CEMENTO CONTACT ETIQUETA GRIS LATA 16oz.', 49.21, 80.62, 16, '2011-11-24', 26),
(3349, 'TOO-TC3395', 'CEMENTO PARA CPVC 60ML. AMARILLO', 15.21, 25.99, 16, '2011-04-18', 26),
(3350, 'TOO-TC3396', 'CEMENTO PARA CPVC 4oz. AMARILLO', 21.91, 37.45, 16, '2010-08-05', 26),
(3351, 'TOO-TC3397', 'CEMENTO PARA CPVC 8oz. AMARILLO', 34.55, 59.05, 16, '2010-08-05', 26),
(3352, 'TOO-TC3398', 'CEMENTO PARA CPVC 16oz. AMARILLO', 60.75, 103.85, 16, '2010-08-05', 26),
(3353, 'TPC-S10117-3', 'TUBO SANITARIO 3 X 6 MTS.', 18.2, 36.72, 16, '2016-06-30', 26),
(3354, 'TPC-S10118-5', 'TUBO SANITARIO 4 X 6 MTS.', 30.07, 47.67, 16, '2016-06-30', 26),
(3355, 'TPH-1018007', 'TUBO CPVC-CED 80 CORZAN 3/4 X 6.10MT.', 86.36, 153.36, 16, '2016-06-29', 26),
(3356, 'TPH-4040005', 'VALVULA BOLA PVC P/CEM.STANDARD 1/2', 10.35, 15.66, 16, '2016-06-30', 26),
(3357, 'TPH-68101', 'TUBO CPVC CEM. DE 1/2 X 4.00MTS.', 35.98, 58.47, 16, '2013-04-17', 26),
(3358, 'TPH-68102', 'TUBO CPVC CEM. DE 3/4 X 4.00MTS.', 68.37, 111.11, 16, '2013-04-17', 26),
(3359, 'TPH-68103', 'TUBO CPVC CEM. DE 1 X 4.00MTS.', 126.85, 206.13, 16, '2013-04-17', 26),
(3360, 'TPH-68104', 'TUBO CPVC CEM. DE 1-1/4 X 4.00MTS.', 233.01, 378.65, 16, '2013-04-17', 26),
(3361, 'TPH-68105', 'TUBO CPVC CEM. DE 1-1/2 X 4.00MTS.', 310.38, 504.37, 16, '2013-04-17', 26),
(3362, 'TPH-68106', 'TUBO CPVC CEM. DE 2 X 4.00MTS.', 497.07, 807.75, 16, '2013-04-17', 26),
(3363, 'TPH-9802', 'PEGAMENTO CPVC FLOWGUARD GOLD LATA 473ML', 79.78, 111.71, 16, '2013-10-22', 26),
(3364, 'TPH-9804', 'PEGAMENTO CPVC YELLOW GOLD LATA 236ML.', 50.59, 79.71, 16, '2010-03-05', 26),
(3365, 'TPH-9806', 'PEGAMENTO CPVC YELLOW GOLD TUBO  60ML.', 17.78, 28.02, 16, '2009-05-20', 26),
(3366, 'TPH-9807', 'PEGAMENTO P/PVC DORADO 60ML', 13.67, 21.54, 16, '2018-04-28', 26),
(3367, 'TPH-9808', 'PEGAMENTO CPVC YELLOW GOLD LATA 118ML.', 32.53, 48.39, 16, '2010-03-05', 26),
(3368, 'TPH-C8TL025', 'TUBO PVC CEDULA 80 IND. DE 1 X 6 ML', 125.72, 223.26, 16, '2017-04-13', 26),
(3369, 'TPH-C8TL038', 'TUBO PVC CEDULA 80 IND. DE 1-1/2 X 6 ML', 214.89, 381.61, 16, '2017-04-13', 26),
(3370, 'TPH-CPC-9013', 'CODO CPVC 90 X 1/2', 0.84, 0.9, 16, '2010-03-19', 26),
(3371, 'TPH-CPC-9019', 'CODO CPVC 90 X 3/4', 1.66, 3.01, 16, '2010-03-19', 26),
(3372, 'TPH-CPC-9025', 'CODO CPVC 90 X 1', 7.55, 14.19, 16, '2010-04-15', 26),
(3373, 'TPH-CPC-AH13', 'ADAPTADOR HEMBRA CPVC 1/2', 1.68, 1.4, 16, '2010-03-19', 26),
(3374, 'TPH-CPC-AH19', 'ADAPTADOR HEMBRA CPVC 3/4', 2.57, 1.8, 16, '2010-03-19', 26),
(3375, 'TPH-CPC-AH25', 'ADAPTADOR HEMBRA CPVC 1', 3.88, 11.96, 16, '2010-03-19', 26),
(3376, 'TPH-CPC-AH50', 'ADAPTADOR HEMBRA CPVC 2', 31.39, 49.75, 16, '2014-08-30', 26),
(3377, 'TPH-CPC-AM13', 'ADAPTADOR MACHO CPVC 1/2', 1.21, 1.4, 16, '2010-03-19', 26),
(3378, 'TPH-CPC-AM19', 'ADAPTADOR MACHO CPVC 3/4', 1.71, 3.01, 16, '2010-03-19', 26),
(3379, 'TPH-CPC-AM25', 'ADAPTADOR MACHO CPVC 1', 3.43, 6.03, 16, '2010-03-19', 26),
(3380, 'TPH-CPC-AM38', 'ADAPTADOR MACHO CPVC 1-1/2', 10.84, 21.87, 16, '2010-09-07', 26),
(3381, 'TPH-CPC-AM50', 'ADAPTADOR MACHO CPVC 2', 23.68, 37.55, 16, '2014-08-30', 26),
(3382, 'TPH-CPC-C013', 'COPLE CPVC DE 1/2', 0.82, 0.7, 16, '2010-03-19', 26),
(3383, 'TPH-CPC-C019', 'COPLE CPVC DE 3/4', 1.43, 2.58, 16, '2010-03-19', 26),
(3384, 'TPH-CPC-C025', 'COPLE CPVC DE 1', 2.08, 3.9, 16, '2010-03-19', 26),
(3385, 'TPH-CPC-C050', 'COPLE CPVC DE 2', 22.88, 50.57, 16, '2014-08-30', 26),
(3386, 'TPH-CPC-CH13', 'CODO CPVC 45 X 1/2', 1.62, 3.37, 16, '2010-03-19', 26),
(3387, 'TPH-CPC-CH19', 'CODO CPVC 45 X 3/4', 3.27, 6.82, 16, '2010-03-19', 26),
(3388, 'TPH-CPC-CH25', 'CODO CPVC 45 X 1', 4.82, 9.72, 16, '2010-03-19', 26),
(3389, 'TPH-CPC-CJ13', 'CODO COPLE CON OREJA CPVC CEM X ROSC 1/2', 6.46, 14.54, 16, '2012-02-21', 26),
(3390, 'TPH-CPC-R211', 'REDUCC.BUSHING CPVC 2X1-1/2', 19.62, 32.26, 16, '2014-08-30', 26),
(3391, 'TPH-CPC-R261', 'REDUCC.BUSHING CPVC 1X3/4', 1.68, 4.87, 16, '2010-03-19', 26),
(3392, 'TPH-CPC-R513', 'REDUCC.BUSHING CPVC 1X1/2', 2.7, 8.09, 16, '2016-04-21', 26),
(3393, 'TPH-CPC-R913', 'REDUCC.BUSHING CPVC 3/4X1/2', 1.11, 3.32, 16, '2010-03-19', 26),
(3394, 'TPH-CPC-S013', 'TEE CPVC DE 1/2', 1.33, 1.4, 16, '2010-03-19', 26),
(3395, 'TPH-CPC-S019', 'TEE CPVC DE 3/4', 2.63, 4.3, 16, '2010-03-19', 26),
(3396, 'TPH-CPC-S025', 'TEE CPVC DE 1', 4.6, 7.21, 16, '2010-03-19', 26),
(3397, 'TPH-CPC-T191', 'TEE REDUCIDA CPVC 3/4X3/4X1/2 TR191913', 3.13, 5.27, 16, '2013-12-05', 26),
(3398, 'TPH-CPC-TA13', 'TAPA CPVC CEMENTAR 1/2', 0.66, 0.9, 16, '2012-02-21', 26),
(3399, 'TPH-CPC-TA19', 'TAPA CPVC CEMENTAR 3/4', 1.05, 3.01, 16, '2012-02-21', 26),
(3400, 'TPH-CPC-TA25', 'TAPA CPVC CEMENTAR 1', 2.99, 7.88, 16, '2012-02-21', 26),
(3401, 'TPH-CPC-TU13', 'TUERCA UNION CPVC 1/2', 3.53, 4.2, 16, '2010-03-19', 26),
(3402, 'TPH-CPC-TU19', 'TUERCA UNION CPVC 3/4', 9.28, 27.58, 16, '2010-05-05', 26),
(3403, 'TPH-CPC-TU25', 'TUERCA UNION CPVC 1', 9.62, 61.18, 16, '2010-04-15', 26),
(3404, 'TPH-CPC-TU50', 'TUERCA UNION CPVC 2', 67.17, 110.47, 16, '2014-08-30', 26),
(3405, 'TPH-CPCCJ013', 'CODO DE OREJA CPVC/CTS CEM X ROSC. 1/2', 6.92, 12.12, 16, '2012-06-12', 26),
(3406, 'TPH-CPT3-013', 'TUBO DE CPVC HCO/CTS DE 1/2 C/3.05 MTS', 42.67, 69.91, 16, '2010-03-19', 26),
(3407, 'TPH-CPT3-019', 'TUBO DE CPVC HCO/CTS DE 3/4 C/3.05 MTS', 47.6, 77.99, 16, '2010-03-19', 26),
(3408, 'TPH-CPT3-025', 'TUBO DE CPVC HCO/CTS DE 1 C/3.05 MTS', 90.62, 148.47, 16, '2010-03-19', 26),
(3409, 'TPH-CPT6-013', 'TUBO DE CPVC HCO/CTS DE 1/2 C/6.10 MTS', 57.56, 122.02, 16, '2010-05-31', 26),
(3410, 'TPH-CPT6-019', 'TUBO DE CPVC HCO/CTS DE 3/4 C/6.10 MTS', 86.54, 141.78, 16, '2010-05-31', 26),
(3411, 'TPH-CPT6-025', 'TUBO DE CPVC HCO/CTS DE 1 C/6.10 MTS', 164.77, 269.95, 16, '2010-05-31', 26),
(3412, 'TPH-CPVB0013', 'VALVULA BOLA CPVC DE 1/2', 12.63, 26.77, 16, '2011-06-14', 26),
(3413, 'TPH-CPVB0019', 'VALVULA BOLA CPVC DE 3/4', 59.86, 160.45, 16, '2011-06-21', 26),
(3414, 'TPH-CPVB0025', 'VALVULA BOLA CPVC DE 1', 65.9, 107.97, 16, '2010-07-19', 26),
(3415, 'TPH-F117S19', 'VALVULA DE BOLA PVC CEMENTAR 3/4', 23.76, 35.93, 16, '2011-09-13', 26),
(3416, 'TPH-F117S25', 'VALVULA DE BOLA PVC CEMENTAR 1', 26.76, 42.16, 16, '2011-06-10', 26),
(3417, 'VYM-VAFH1006', 'VALVULA AGUJA DE 3/8 X 1/4', 26.1, 46.33, 16, '2016-06-30', 26),
(3418, 'VYM-VPFS1010', 'VALVULA DE PASO DE 3/8 X 3/8', 23.2, 41.18, 16, '2016-06-30', 26),
(3419, 'ANB-VB12B', 'VALVULA DE BANQUETA DE BRONCE DE 1/2', 88.78, 166.78, 16, '2012-04-26', 27),
(3420, 'ANB-VB34B', 'VALVULA DE BANQUETA DE BRONCE DE 3/4', 112.99, 249.71, 16, '2012-09-26', 27),
(3421, 'ANB-VBCPVC12', 'VALVULA BOLA CPVC 1/2', 17.78, 20.6, 16, '2012-08-14', 27),
(3422, 'ANB-VCH448', 'VALVULA CHECK PISTON ROSCADA DE 1/2', 80.59, 149.63, 16, '2013-10-24', 27),
(3423, 'ANB-VCH449', 'VALVULA CHECK PISTON ROSCADA DE 3/4', 129.13, 242.58, 16, '2014-10-09', 27),
(3424, 'ANB-VCHCP12', 'VALVULA CHECK COLUMPIO DE BRONCE 1/2 REF', 78.02, 146.56, 16, '2016-02-27', 27),
(3425, 'ANB-VCHCP34', 'VALVULA CHECK COLUMPIO PISTON 3/4 REFOR', 134.5, 252.68, 16, '2017-07-08', 27),
(3426, 'ANB-VCHS12', 'VALVULA CHECK SOLD. BRONCE 1/2', 53.8, 118.91, 16, '2015-11-07', 27),
(3427, 'ANB-VCHVC12', 'VALVULA CHECK VERT. BRONCE CORTA 1/2', 36.58, 46.7, 16, '2010-05-11', 27),
(3428, 'ANB-VCHVC34', 'VALVULA CHECK VERT. BRONCE CORTA 3/4', 52.73, 110.71, 16, '2010-05-11', 27),
(3429, 'ANB-VCHVL12', 'VALVULA CHECK VERTICAL BRONCE LARGA 1/2', 59.18, 111.18, 16, '2017-09-18', 27),
(3430, 'TCC-100-13', 'ADAPTADOR BRONCE DE 1/2 EXT. P/POLIDUCTO', 16.18, 22.66, 16, '2011-06-17', 27),
(3431, 'TCC-100-19', 'ADAPTADOR BRONCE DE 3/4 EXT. P/POLIDUCTO', 22.67, 34.02, 16, '2011-06-17', 27),
(3432, 'TCC-200-10', 'COPLE C A C CON TOPE DE 3/8', 6.52, 11.29, 16, '2012-04-10', 27),
(3433, 'TCC-200-13', 'COPLE C A C CON TOPE DE 1/2', 4.38, 7.68, 16, '2005-01-05', 27),
(3434, 'TCC-200-19', 'COPLE C A C CON RANURA DE 3/4', 7.28, 12.92, 16, '2005-01-05', 27),
(3435, 'TCC-200-25', 'COPLE C A C CON TOPE DE 1', 14.18, 24.53, 16, '2005-01-05', 27),
(3436, 'TCC-200-32', 'COPLE C A C CON TOPE DE 1-1/4', 23.01, 39.81, 16, '2005-01-05', 27),
(3437, 'TCC-200-38', 'COPLE C A C CON TOPE DE 1-1/2', 31.38, 54.28, 16, '2005-01-05', 27),
(3438, 'TCC-200-51', 'COPLE C A C CON TOPE DE 2', 44.06, 76.23, 16, '2005-01-05', 27),
(3439, 'TCC-201-13', 'COPLE C A C SIN TOPE DE 1/2', 3.95, 6.91, 16, '2005-01-05', 27),
(3440, 'TCC-201-19', 'COPLE C A C SIN TOPE DE 3/4', 7.28, 12.92, 16, '2005-01-05', 27),
(3441, 'TCC-201-25', 'COPLE C A C SIN TOPE DE 1', 14.18, 24.53, 16, '2008-04-12', 27),
(3442, 'TCC-201R-13', 'REDUCC.CAMPANA C A C DE 1X1/2', 4.96, 8.13, 16, '2007-07-26', 27),
(3443, 'TCC-201R-19', 'REDUCC.CAMPANA C A C DE 3/4X1/2', 8.49, 12.96, 16, '2006-11-06', 27),
(3444, 'TCC-201R-25', 'REDUCC.CAMPANA C A C DE 1X3/4', 15.91, 26.09, 16, '2006-10-06', 27),
(3445, 'TCC-202-13', 'TUERCA UNION C A C DE 1/2', 39.39, 67.03, 16, '2005-01-05', 27),
(3446, 'TCC-202-19', 'TUERCA UNION C A C DE 3/4', 53.3, 89.77, 16, '2005-01-05', 27),
(3447, 'TCC-202-25', 'TUERCA UNION C A C DE 1', 108.28, 176.87, 16, '2005-01-05', 27),
(3448, 'TCC-202-32', 'TUERCA UNION C A C DE 1-1/4', 265.58, 447.28, 16, '2005-01-05', 27),
(3449, 'TCC-202-38', 'TUERCA UNION C A C DE 1-1/2', 349.54, 588.69, 16, '2005-01-05', 27),
(3450, 'TCC-202-51', 'TUERCA UNION C A C DE 2', 595.46, 1002.86, 16, '2005-01-05', 27),
(3451, 'TCC-203-10', 'CONECTOR C A R/INT DE 3/8', 36.44, 59.22, 16, '2013-06-21', 27),
(3452, 'TCC-203-13', 'CONECTOR C A R/INT. DE 1/2', 11.85, 19.41, 16, '2005-01-05', 27),
(3453, 'TCC-203-19', 'CONECTOR C A R/INT. DE 3/4', 18.07, 29.71, 16, '2005-01-05', 27),
(3454, 'TCC-203-25', 'CONECTOR C A R/INT. DE 1', 44.79, 103.88, 16, '2005-01-05', 27),
(3455, 'TCC-203-32', 'CONECTOR C A R/INT. DE 1-1/4', 81.61, 189.27, 16, '2005-01-05', 27),
(3456, 'TCC-203-38', 'CONECTOR C A R/INT. DE 1-1/2', 127.87, 296.55, 16, '2005-01-05', 27),
(3457, 'TCC-203-51', 'CONECTOR C A R/INT. DE 2', 173.79, 403.06, 16, '2005-01-05', 27),
(3458, 'TCC-204-13', 'CONECTOR C A R/EXT. DE 1/2', 8.31, 14.15, 16, '2005-01-05', 27),
(3459, 'TCC-204-19', 'CONECTOR C A R/EXT. DE 3/4', 16.76, 27.09, 16, '2005-01-05', 27),
(3460, 'TCC-204-25', 'CONECTOR C A R/EXT. DE 1', 47.52, 78.15, 16, '2005-01-05', 27),
(3461, 'TCC-204-32', 'CONECTOR C A R/EXT. DE 1-1/4', 84.31, 138.65, 16, '2005-01-05', 27),
(3462, 'TCC-204-38', 'CONECTOR C A R/EXT. DE 1-1/2', 101.9, 167.29, 16, '2005-01-05', 27),
(3463, 'TCC-204-51', 'CONECTOR C A R/EXT. DE 2', 171.76, 281.98, 16, '2005-01-05', 27),
(3464, 'TCC-206-10', 'CODO 45 C A C DE 3/8', 23.75, 38.91, 16, '2005-01-05', 27),
(3465, 'TCC-206-13', 'CODO 45 C A C DE 1/2', 9.43, 15.44, 16, '2005-01-05', 27),
(3466, 'TCC-206-19', 'CODO 45 C A C DE 3/4', 17.87, 29.25, 16, '2005-01-05', 27),
(3467, 'TCC-206-25', 'CODO 45 C A C DE 1', 49.94, 115.82, 16, '2005-01-05', 27),
(3468, 'TCC-206-32', 'CODO 45 C A C DE 1-1/4', 88.97, 145.78, 16, '2005-01-05', 27),
(3469, 'TCC-206-38', 'CODO 45 C A C DE 1-1/2', 108.16, 177.22, 16, '2005-01-05', 27),
(3470, 'TCC-206-51', 'CODO 45 C A C DE 2', 177.74, 291.23, 16, '2005-01-05', 27),
(3471, 'TCC-207-10', 'CODO 90 C A C DE 3/8', 19.82, 32.37, 16, '2005-01-05', 27),
(3472, 'TCC-207-13', 'CODO 90 C A C DE 1/2', 8.28, 13.29, 16, '2005-01-05', 27),
(3473, 'TCC-207-19', 'CODO 90 C A C DE 3/4', 7.39, 15.66, 16, '2005-01-05', 27),
(3474, 'TCC-207-25', 'CODO 90 C A C DE 1', 10.76, 22.81, 16, '2005-01-05', 27),
(3475, 'TCC-207-32', 'CODO 90 C A C DE 1-1/4', 64.27, 104.97, 16, '2005-01-05', 27),
(3476, 'TCC-207-38', 'CODO 90 C A C DE 1-1/2', 101.43, 166.19, 16, '2005-01-05', 27),
(3477, 'TCC-207-51', 'CODO 90 C A C DE 2', 165.37, 270.1, 16, '2005-01-05', 27),
(3478, 'TCC-207-75', 'CODO 90 C A C DE 3', 446.91, 729.96, 16, '2005-01-05', 27),
(3479, 'TCC-208H-10', 'CODO 90 C A R/INT DE 3/8', 45.48, 74.28, 16, '2013-06-21', 27),
(3480, 'TCC-208H-13', 'CODO 90 C A R/INT. DE 1/2', 24.62, 40.89, 16, '2005-01-05', 27),
(3481, 'TCC-208H-19', 'CODO 90 C A R/INT. DE 3/4', 42.74, 70.06, 16, '2005-01-05', 27),
(3482, 'TCC-208H-25', 'CODO 90 C A R/INT. DE 1', 131.8, 233.96, 16, '2005-01-05', 27),
(3483, 'TCC-208H-32', 'CODO 90 C A R/INT. DE 1-1/4', 287.3, 469.26, 16, '2005-01-05', 27),
(3484, 'TCC-208H-38', 'CODO 90 C A R/INT. DE 1-1/2', 295.23, 482.21, 16, '2005-01-05', 27),
(3485, 'TCC-208H-51', 'CODO 90 C A R/INT. DE 2', 500.96, 818.24, 16, '2005-01-05', 27),
(3486, 'TCC-208M-10', 'CODO 90 C A R /EXT DE 3/8', 55.41, 90.51, 16, '2013-06-21', 27),
(3487, 'TCC-208M-13', 'CODO 90 C A R/EXT. DE 1/2', 27.84, 46.23, 16, '2005-01-05', 27),
(3488, 'TCC-208M-19', 'CODO 90 C A R/EXT. DE 3/4', 60.12, 98.55, 16, '2005-01-05', 27),
(3489, 'TCC-208M-25', 'CODO 90 C A R/EXT. DE 1', 97.59, 173.25, 16, '2005-01-05', 27),
(3490, 'TCC-208M-32', 'CODO 90 C A R/EXT. DE 1-1/4', 215.92, 352.68, 16, '2005-01-05', 27),
(3491, 'TCC-208M-38', 'CODO 90 C A R/EXT. DE 1-1/2', 298.18, 487.04, 16, '2005-01-05', 27),
(3492, 'TCC-208M-50', 'CODO 90 C A R/EXT. DE 2', 522.51, 853.44, 16, '2005-01-05', 27),
(3493, 'TCC-211-10', 'TEE C A C A C DE 3/8', 35.17, 57.65, 16, '2005-01-05', 27),
(3494, 'TCC-211-13', 'TEE C A C A C DE 1/2', 8.61, 13.56, 16, '2005-01-05', 27),
(3495, 'TCC-211-19', 'TEE C A C A C DE 3/4', 26.45, 41.67, 16, '2005-01-05', 27),
(3496, 'TCC-211-25', 'TEE C A C A C DE 1', 81.68, 128.66, 16, '2005-01-05', 27),
(3497, 'TCC-211-32', 'TEE C A C A C DE 1-1/4', 122.26, 200.38, 16, '2005-01-05', 27),
(3498, 'TCC-211-38', 'TEE C A C A C DE 1-1/2', 202.92, 332.58, 16, '2005-01-05', 27),
(3499, 'TCC-211-51', 'TEE C A C A C DE 2', 270.12, 442.74, 16, '2005-01-05', 27),
(3500, 'TCC-212-13', 'TEE C A C A R/INT.CENTRO DE 1/2', 65.02, 106.53, 16, '2005-01-05', 27),
(3501, 'TCC-212-32', 'TEE C A C A R/INT.CENTRO DE 1-1/4', 332.24, 544.37, 16, '2005-01-05', 27),
(3502, 'TCC-213-13', 'TEE C A C R/INT LADO A C DE 1/2', 63.16, 103.49, 16, '2005-01-05', 27),
(3503, 'TCC-214-13', 'CRUZ C A C A C A C DE 1/2', 69.31, 113.61, 16, '2005-01-05', 27),
(3504, 'TCC-214-19', 'CRUZ C A C A C A C DE 3/4', 169.92, 278.41, 16, '2013-06-21', 27),
(3505, 'TCC-217-06', 'TAPON CAPA COBRE P/TUBO DE 1/4 (HEMBRA)', 5.69, 9.36, 16, '2012-11-15', 27),
(3506, 'TCC-217-10', 'TAPON CAPA COBRE P/TUBO DE 3/8 (HEMBRA)', 11.96, 19.68, 16, '2005-01-05', 27),
(3507, 'TCC-217-13', 'TAPON CAPA COBRE P/TUBO DE 1/2 (HEMBRA)', 5.65, 9.23, 16, '2005-01-05', 27),
(3508, 'TCC-217-19', 'TAPON CAPA COBRE P/TUBO DE 3/4 (HEMBRA)', 10.48, 18.14, 16, '2005-01-05', 27),
(3509, 'TCC-217-25', 'TAPON CAPA COBRE P/TUBO DE 1 (HEMBRA)', 22.94, 53.21, 16, '2005-01-05', 27),
(3510, 'TCC-217-51', 'TAPON CAPA COBRE P/TUBO DE 2 (HEMBRA)', 96.65, 158.94, 16, '2005-01-05', 27),
(3511, 'TCC-218-19', 'REDUCC.BUSHING CONEX A C DE 3/4 A 1/2', 11.55, 17.47, 16, '2005-01-05', 27),
(3512, 'TCC-218-2513', 'REDUCC.BUSHING CONEX A C DE 1 A 1/2', 16.24, 24.57, 16, '2007-01-07', 27),
(3513, 'TCC-218-2519', 'REDUCC.BUSHING CONEX A C DE 1 A 3/4', 16.24, 24.57, 16, '2006-10-06', 27),
(3514, 'TCC-218-3213', 'REDUCC.BUSHING CONEX A C DE 1-1/4 A 1/2', 25.69, 41.96, 16, '2007-01-07', 27),
(3515, 'TCC-218-3219', 'REDUCC.BUSHING CONEX A C DE 1-1/4 A 3/4', 25.69, 41.96, 16, '2007-01-07', 27),
(3516, 'TCC-218-3225', 'REDUCC.BUSHING CONEX A C DE 1-1/4 A 1', 25.69, 41.96, 16, '2007-01-07', 27),
(3517, 'TCC-218-3813', 'REDUCC.BUSHING CONEX A C DE 1-1/2 A 1/2', 34.14, 55.76, 16, '2007-01-07', 27),
(3518, 'TCC-218-3819', 'REDUCC.BUSHING CONEX A C DE 1-1/2 A 3/4', 34.14, 55.76, 16, '2007-01-07', 27),
(3519, 'TCC-218-3825', 'REDUCC.BUSHING CONEX A C DE 1-1/2 A 1', 34.14, 55.76, 16, '2007-01-07', 27),
(3520, 'TCC-218-3832', 'REDUCC.BUSHING CONEX A C DE 1-1/2A1-1/4', 34.14, 55.76, 16, '2007-01-07', 27),
(3521, 'TCC-218-5138', 'REDUCC.BUSHING CONEX A C DE 2 A 1-1/2', 73.1, 119.4, 16, '2007-01-07', 27),
(3522, 'TCC-3087413M', 'TUBO COBRE RIGIDO TIPO M DE 1/2 (3.05MT)', 204.69, 230.5, 16, '2010-06-07', 27),
(3523, 'TCC-308741TM', 'TUBO COBRE RIGIDO TIPO M DE 1/2 (6.10MT)', 372.19, 471, 16, '2010-05-06', 27),
(3524, 'TCC-3087433M', 'TUBO COBRE RIGIDO TIPO M DE 3/4 (3.05MT)', 334.51, 423.32, 16, '2010-06-07', 27),
(3525, 'TCC-308743TM', 'TUBO COBRE RIGIDO TIPO M DE 3/4 (6.10MT)', 608.21, 769.68, 16, '2010-05-06', 27),
(3526, 'TCC-3087443M', 'TUBO COBRE RIGIDO TIPO M DE 1 (3.05MTS)', 473.34, 599.01, 16, '2010-06-07', 27),
(3527, 'TCC-308744TM', 'TUBO COBRE RIGIDO TIPO M DE 1 (6.10MTS)', 860.62, 1089.11, 16, '2010-05-06', 27),
(3528, 'TCC-3087453M', 'TUBO COBRE RIGIDO TIPO M DE 1-1/4 (3.05M', 747.34, 945.75, 16, '2017-11-08', 27),
(3529, 'TCC-308745TM', 'TUBO COBRE RIGIDO TIPO M DE 1-1/4 (6.10M', 1358.81, 1719.55, 16, '2017-11-08', 27),
(3530, 'TCC-3087463M', 'TUBO COBRE RIGIDO TIPO M DE 1-1/2 (3.05M', 1023.88, 1295.71, 16, '2017-11-08', 27),
(3531, 'TCC-308746TM', 'TUBO COBRE RIGIDO TIPO M DE 1-1/2 (6.10M', 1861.59, 2355.81, 16, '2017-11-08', 27),
(3532, 'TCC-3087473M', 'TUBO COBRE RIGIDO TIPO M DE 2 (3.05MTS)', 1607.24, 2033.95, 16, '2017-11-08', 27),
(3533, 'TCC-308747TM', 'TUBO COBRE RIGIDO TIPO M DE 2 (6.10MTS)', 2922.28, 3698.1, 16, '2017-11-08', 27),
(3534, 'TCC-376710', 'TUBO COBRE RIGIDO TIPO N DE 1 (3.05MTS)', 256.04, 324.02, 16, '2010-06-07', 27),
(3535, 'TCC-376739', 'TUBO COBRE RIGIDO TIPO N DE 3/4 (3.05MT)', 195.22, 247.05, 16, '2010-03-19', 27),
(3536, 'TCC-376740', 'TUBO COBRE RIGIDO TIPO N DE 1/2 (3.05MT)', 134.38, 170.05, 16, '2010-03-19', 27),
(3537, 'TCC-376810TM', 'TUBO COBRE RIGIDO TIPO N DE 1 (6.10MTS)', 632.21, 800.05, 16, '2010-05-06', 27),
(3538, 'TCC-376839TM', 'TUBO COBRE RIGIDO TIPO N DE 3/4 (6.10MT)', 390.43, 494.09, 16, '2010-05-06', 27),
(3539, 'TCC-376840TM', 'TUBO COBRE RIGIDO TIPO N DE 1/2 (6.10MT)', 204.7, 309.18, 16, '2010-05-06', 27),
(3540, 'AKS-119571', 'BOTE DE GAS CON VALVULA ROSCADA 275GMS.', 26.05, 29.8, 16, '2018-11-28', 28),
(3541, 'AKS-124202', 'BOQUILLA DE LATON PARA BOTE DE GAS ROSCA', 122.74, 239.87, 16, '2018-11-28', 28),
(3542, 'ANB-CODE3812', 'CODO ESTUFA DE BRONCE 3/8 X 1/2 ANB', 24.89, 43.71, 16, '2018-12-28', 28),
(3543, 'ANB-NIPC3838', 'NIPLE CAMPANA 3/8 X 3/8 BRONCE ANBEC', 7.46, 13.85, 16, '2016-10-13', 28),
(3544, 'ANB-NIPT3812', 'NIPLE TERMINAL 3/8X1/2 BRONCE ANBEC', 12.45, 14.4, 16, '2017-04-07', 28),
(3545, 'ANB-NIPT3814', 'NIPLE TERMINAL 3/08 X 1/4 BRONCE ANBEC', 6.46, 13.56, 16, '2016-10-13', 28),
(3546, 'ANB-NIPT3838', 'NIPLE TERMINAL 3/8X3/8 BRONCE ANBEC', 8.89, 10.3, 16, '2016-10-13', 28),
(3547, 'ANB-NIPTE38', 'NIPLE DE ESPIGA TERMINAL BRONCE 3/8 ANBE', 9.67, 18.18, 16, '2015-07-08', 28),
(3548, 'ANB-NMT1234', 'NIPLE MEDIDOR CON TUERCA 1/2 X 3/4', 36.74, 68.22, 16, '2015-10-27', 28),
(3549, 'ANB-PIGN1406', 'PIGTAIL FLEXIBLE P/GAS NYLON C/MANERAL', 45.73, 96.02, 16, '2015-11-16', 28),
(3550, 'ANB-PPE12', 'PUNTAPOOL ESPIGA BRONCE 12CMS ANBEC', 36.74, 64.53, 16, '2017-04-07', 28),
(3551, 'ANB-PPE6', 'PUNTA POOL CON ESPIGA 6CMS. BRONCE', 17.21, 38.04, 16, '2010-05-17', 28),
(3552, 'ANB-PPMZ14', 'PUNTA POOL DE ZINC C/EMP. Y MAN. DE 1/4', 32.59, 37.8, 16, '2014-03-28', 28),
(3553, 'ANB-PPMZ38', 'PUNTA POOL EMPAQUE Y MANERAL ZINC 3/8', 41.48, 72.85, 16, '2017-04-07', 28),
(3554, 'ANB-PPR12', 'PUNTA POOL ROSCAR BRONCE 12 CMS ANBEC', 35.55, 62.43, 16, '2017-04-07', 28),
(3555, 'ANB-PPR6', 'PUNTA POOL C/ROSCA BRONCE  6CMS. ANBEC', 17.21, 22, 16, '2010-03-20', 28),
(3556, 'ANB-TEEF516', 'TEE FLEER 5/16 X 5/16 X5/16', 12.91, 28.53, 16, '2015-10-27', 28),
(3557, 'ANB-TUEE38', 'TUERCA CON ESPIGA 3/8 BRONCE ANBEC', 10.07, 17.68, 16, '2016-10-13', 28),
(3558, 'TOO-TC3383', 'BOTE DE GAS BUTANO/PROPANO 450ML.', 25.11, 36.79, 16, '2010-08-07', 28),
(3559, 'TUG-20F-0810', 'CODO ESTUFA DE 5/16 X 3/8', 37.27, 61.09, 16, '2012-08-09', 28),
(3560, 'TUG-20F-1010', 'CODO ESTUFA DE 3/8 X 3/8', 12.57, 20.61, 16, '2005-01-05', 28),
(3561, 'TUG-20F-1013', 'CODO ESTUFA DE 3/8 X 1/2', 16.87, 27.65, 16, '2005-01-05', 28),
(3562, 'TUG-20F-1313', 'CODO ESTUFA DE 1/2 X 1/2', 36.25, 59.42, 16, '2005-01-05', 28),
(3563, 'TUG-21FS-06', 'TUERCA CONICA CORTA DE 1/4', 4.49, 7.37, 16, '2005-01-05', 28),
(3564, 'TUG-21FS-08', 'TUERCA CONICA CORTA DE 5/16', 5.08, 7.76, 16, '2005-01-05', 28),
(3565, 'TUG-21FS-10', 'TUERCA CONICA CORTA DE 3/8', 6.73, 10.27, 16, '2005-01-05', 28),
(3566, 'TUG-21FS-13', 'TUERCA CONICA CORTA DE 1/2', 11.36, 17.34, 16, '2005-01-05', 28),
(3567, 'TUG-22F-0606', 'NIPLE UNION DE 1/4 X 1/4', 7.52, 12.33, 16, '2005-01-05', 28),
(3568, 'TUG-22F-0806', 'NIPLE UNION DE 5/16 X 1/4', 7.89, 12.94, 16, '2005-01-05', 28),
(3569, 'TUG-22F-0808', 'NIPLE UNION DE 5/16 X 5/16', 7.19, 11.79, 16, '2005-01-05', 28),
(3570, 'TUG-22F-1010', 'NIPLE UNION DE 3/8 X 3/8', 9.19, 14.03, 16, '2005-01-05', 28),
(3571, 'TUG-22F-1013', 'NIPLE UNION DE 3/8 X 1/2', 18.02, 27.5, 16, '2005-01-05', 28),
(3572, 'TUG-22F-1313', 'NIPLE UNION DE 1/2 X 1/2', 20.26, 33.22, 16, '2005-01-05', 28),
(3573, 'TUG-22F-1316', 'NIPLE UNION DE 5/8 X 1/2', 15.55, 23.73, 16, '2005-01-05', 28),
(3574, 'TUG-22F-1616', 'NIPLE UNION DE 5/8 X 5/8', 18.36, 30.1, 16, '2015-11-07', 28),
(3575, 'TUG-24F-06', 'TEE UNION ABOCINADO DE 1/4', 17.17, 28.15, 16, '2005-01-05', 28),
(3576, 'TUG-24F-08', 'TEE UNION ABOCINADO DE 5/16', 25.79, 42.28, 16, '2005-01-05', 28),
(3577, 'TUG-24F-10', 'TEE UNION ABOCINADO DE 3/8', 28.48, 46.68, 16, '2005-01-05', 28),
(3578, 'TUG-24F-13', 'TEE UNION ABOCINADO DE 1/2', 37.06, 56.55, 16, '2008-09-08', 28),
(3579, 'TUG-25F-10', 'TEE TERMINAL CENTRAL ABOCINADO 3/8 X 3/8', 30.74, 50.39, 16, '2005-01-05', 28),
(3580, 'TUG-26F-0606', 'CAMPANA NIPLE DE 1/4 X 1/4', 9.55, 14.57, 16, '2005-01-05', 28),
(3581, 'TUG-26F-0608', 'CAMPANA NIPLE DE 1/4 X 5/16', 6.09, 13.47, 16, '2015-11-07', 28),
(3582, 'TUG-26F-0810', 'CAMPANA NIPLE DE 5/16 X 3/8', 13.76, 21, 16, '2005-12-05', 28),
(3583, 'TUG-26F-0813', 'CAMPANA NIPLE DE 5/16 X 1/2', 22.1, 33.73, 16, '2005-01-05', 28),
(3584, 'TUG-26F-1003', '"NIPLE CAMPANA 3/8"""" X 1/8"""""""""', 12.22, 21.69, 16, '2010-05-25', 28),
(3585, 'TUG-26F-1006', 'CAMPANA NIPLE DE 3/8 X 1/4', 5.18, 7.91, 16, '2005-01-05', 28),
(3586, 'TUG-26F-1010', 'CAMPANA NIPLE DE 3/8 X 3/8', 7.3, 11.15, 16, '2005-01-05', 28),
(3587, 'TUG-26F-1013', 'CAMPANA NIPLE DE 3/8 X 1/2', 8.92, 11, 16, '2005-01-05', 28),
(3588, 'TUG-26F-1306', 'CAMPANA NIPLE DE 1/2 X 1/4', 24.3, 37.08, 16, '2005-01-05', 28),
(3589, 'TUG-26F-1310', 'CAMPANA NIPLE DE 1/2 X 3/8', 22.1, 33.73, 16, '2005-01-05', 28),
(3590, 'TUG-26F-1312', 'CAMPANA NIPLE DE 5/16 X 1/4', 11.19, 17.08, 16, '2015-10-27', 28),
(3591, 'TUG-26F-1313', 'CAMPANA NIPLE DE 1/2 X 1/2', 24.34, 37.15, 16, '2005-01-05', 28),
(3592, 'TUG-28F-0606', 'NIPLE TERMINAL DE 1/4 X 1/4', 9.36, 15.35, 16, '2005-01-05', 28),
(3593, 'TUG-28F-0610', 'NIPLE TERMINAL DE 1/4 X 3/8', 15.17, 23.15, 16, '2013-08-05', 28),
(3594, 'TUG-28F-0613', 'NIPLE TERMINAL DE 1/4 X 1/2', 14.98, 24.56, 16, '2005-01-05', 28),
(3595, 'TUG-28F-0806', 'NIPLE TERMINAL DE 5/16 X 1/4', 7.74, 17.1, 16, '2015-11-07', 28),
(3596, 'TUG-28F-0810', 'NIPLE TERMINAL DE 5/16 X 3/8', 12.21, 20.01, 16, '2005-01-05', 28),
(3597, 'TUG-28F-0813', 'NIPLE TERMINAL DE 5/16 X 1/2', 16.8, 27.53, 16, '2005-01-05', 28),
(3598, 'TUG-28F-1003', 'NIPLE TERMINAL DE 3/8 X 1/8', 11.37, 18.64, 16, '2005-01-05', 28),
(3599, 'TUG-28F-1006', 'NIPLE TERMINAL DE 3/8 X 1/4', 8.37, 13.72, 16, '2005-01-05', 28),
(3600, 'TUG-28F-1010', 'NIPLE TERMINAL DE 3/8 X 3/8', 9.99, 15.24, 16, '2005-01-05', 28),
(3601, 'TUG-28F-1013', 'NIPLE TERMINAL DE 3/8 X 1/2', 13.23, 20.19, 16, '2005-01-05', 28),
(3602, 'TUG-28F-1306', 'NIPLE TERMINAL DE 1/2 X 1/4', 19.06, 31.25, 16, '2005-01-05', 28),
(3603, 'TUG-28F-1310', 'NIPLE TERMINAL DE 1/2 X 3/8', 16.23, 24.77, 16, '2005-01-05', 28),
(3604, 'TUG-28F-1313', 'NIPLE TERMINAL DE 1/2 X 1/2', 23.33, 35.61, 16, '2005-01-05', 28),
(3605, 'TUG-29F-1006', 'CODO TERMINAL DE 90 3/8 X 1/4', 19.45, 31.88, 16, '2005-01-05', 28),
(3606, 'TUG-29F-1010', 'CODO TERMINAL DE 90 3/8 X 3/8', 19.07, 31.27, 16, '2005-01-05', 28),
(3607, 'TUG-29F-1013', 'CODO TERMINAL DE 90 3/8 X 1/2', 26.55, 43.52, 16, '2005-01-05', 28),
(3608, 'TUG-29F-1313', 'CODO TERMINAL DE 90 1/2 X 1/2', 37.59, 61.61, 16, '2005-01-05', 28),
(3609, 'TUG-30252', '"NIPLE CAMPANA 3/8"""" X 1/8"""""""""', 7.07, 12.72, 16, '2010-05-25', 28),
(3610, 'TUG-30253', '"NIPLE CAMPANA 3/8"""" X 1/4"""""""""', 9.68, 17.19, 16, '2010-05-25', 28),
(3611, 'TUG-30260', '"PUNTA POOL C/ESPIGA CORTA 3/8""""(METALFLU)"""""', 20.87, 37.05, 16, '2010-05-25', 28),
(3612, 'TUG-30261', '"PUNTA POOL C/ESPIGA CORTA 1/4""""(METALFLU)"""""', 19.83, 35.21, 16, '2010-05-25', 28),
(3613, 'TUG-308760', 'TUBO COB.RIG.TIPO L DE 3/8 (6.10MTS)', 407.49, 515.67, 16, '2017-11-08', 28),
(3614, 'TUG-3087603', 'TUBO COB.RIG.TIPO L DE 3/8 (3.05MTS)', 224.12, 283.62, 16, '2017-11-08', 28),
(3615, 'TUG-308761', 'TUBO COB.RIG.TIPO L DE 1/2 (6.10MTS) BAS', 544.18, 688.65, 16, '2005-01-05', 28),
(3616, 'TUG-3087613', 'TUBO COB.RIG.TIPO L DE 1/2 (TRAMO 3.05M)', 288.81, 365.48, 16, '2010-10-11', 28),
(3617, 'TUG-308763', 'TUBO COB.RIG.TIPO L DE 3/4 (6.10MTS) OFE', 838.22, 1060.76, 16, '2005-01-05', 28),
(3618, 'TUG-3087633', 'TUBO COB.RIG.TIPO L DE 3/4 (TRAMO 3.05M)', 461.02, 583.42, 16, '2010-10-11', 28),
(3619, 'TUG-308764', 'TUBO COB.RIG.TIPO L DE 1 (6.10MTS) OFERT', 1392.94, 1762.75, 16, '2005-01-05', 28),
(3620, 'TUG-3087643', 'TUBO COB.RIG.TIPO L DE 1 (TRAMO 3.05MTS)', 766.12, 969.51, 16, '2010-10-11', 28),
(3621, 'TUG-308765', 'TUBO COB.RIG.TIPO L DE 1-1/4 (6.10MTS)OF', 1773.81, 2244.73, 16, '2005-01-05', 28),
(3622, 'TUG-308799', 'TUBO COBRE FLEXIBLE DE 5/8 (18.29 MTS)', 77.88, 98.56, 16, '2005-01-05', 28),
(3623, 'TUG-308802', 'TUBO COBRE FLEXIBLE DE 3/16 (18.29 MTS)', 50.81, 64.3, 16, '2005-01-05', 28),
(3624, 'TUG-308803', 'TUBO COBRE FLEXIBLE DE 1/4 (15.24 MTS)BA', 30.54, 38.64, 16, '2005-01-05', 28),
(3625, 'TUG-308804', 'TUBO COBRE FLEXIBLE DE 5/16 (18.29 MTS)', 42.1, 53.27, 16, '2005-01-05', 28),
(3626, 'TUG-308805', 'TUBO COBRE FLEXIBLE DE 3/8 (18.24 MTS)BA', 68.7, 77.3, 16, '2005-01-05', 28),
(3627, 'TUG-308806', 'TUBO COBRE FLEXIBLE REF. 5/16 (15.24MTS)', 40.26, 50.94, 16, '2016-09-08', 28),
(3628, 'TUG-308921', 'TUBO COBRE FLEXIBLE DE 1/2 (18.29 MTS)', 92.83, 117.48, 16, '2005-01-05', 28),
(3629, 'TUG-308922', 'TUBO COBRE FLEXIBLE DE 1/2 (15.24)', 64.81, 82.01, 16, '2017-05-19', 28),
(3630, 'TUG-311951', 'TUERCA DE BARRIL DE 1/4', 3.62, 5.94, 16, '2005-01-05', 28),
(3631, 'TUG-311952', 'TUERCA DE BARRIL DE 5/16', 5.64, 9.24, 16, '2005-01-05', 28),
(3632, 'TUG-311954', 'TUERCA CONICA CORTA DE 1/8', 3.14, 5.16, 16, '2005-01-05', 28),
(3633, 'TUG-311955', 'TUERCA CONICA CORTA DE 3/16', 3.62, 5.94, 16, '2005-01-05', 28),
(3634, 'TUG-311971', 'TUERCA CONICA REDUCIDA DE 5/16 X 1/4', 6.43, 9.82, 16, '2005-01-05', 28),
(3635, 'TUG-311972', 'TUERCA CONICA REDUCIDA DE 3/8 X 5/16', 8.19, 12.5, 16, '2005-01-05', 28),
(3636, 'TUG-311973', 'TUERCA CONICA REDUCIDA DE 1/2 X 3/8', 12.21, 18.63, 16, '2005-01-05', 28),
(3637, 'TUG-311974', 'TUERCA CONICA REDUCIDA DE 3/8 X 1/4', 7.23, 11.04, 16, '2013-06-06', 28),
(3638, 'TUG-311998', 'NIPLE UNION DE 1/4 X 1/4', 5.75, 8.45, 16, '2005-01-05', 28),
(3639, 'TUG-312005', 'TAPON HEMBRA PARA GAS DE 1/4', 8.06, 13.22, 16, '2005-01-05', 28),
(3640, 'TUG-312006', 'TAPON HEMBRA PARA GAS DE 5/16', 8.91, 14.61, 16, '2005-01-05', 28),
(3641, 'TUG-312007', 'TAPON HEMBRA PARA GAS DE 3/8', 6.83, 11.19, 16, '2005-01-05', 28),
(3642, 'TUG-312008', 'TAPON HEMBRA PARA GAS DE 1/2', 14.62, 22.32, 16, '2005-01-05', 28),
(3643, 'TUG-312009', 'TAPON MACHO PARA GAS DE 1/4', 6.93, 11.36, 16, '2005-01-05', 28),
(3644, 'TUG-312011', 'TAPON MACHO PARA GAS NPT DE 3/8', 12.14, 19.9, 16, '2005-01-05', 28),
(3645, 'TUG-312015', 'TAPON MACHO PARA GAS FLARE DE 3/8', 6.83, 11.19, 16, '2014-08-30', 28),
(3646, 'TUG-312038', 'CODO TERMINAL DE 90 1/2 X 1/4', 33.97, 55.69, 16, '2005-01-05', 28),
(3647, 'TUG-312040', 'CODO TERMINAL DE 90 1/2 X 3/8', 37.06, 60.74, 16, '2005-01-05', 28),
(3648, 'TUG-312046', 'CODO UNION DE 90 5/16 X 5/16', 14.63, 23.99, 16, '2005-01-05', 28),
(3649, 'TUG-312059', 'BARRILES DE 1/4', 4.24, 6.12, 16, '2005-01-05', 28),
(3650, 'TUG-312060', 'BARRILES DE 5/16', 4.92, 7.08, 16, '2005-01-05', 28),
(3651, 'TUG-312061', 'BARRILES DE 3/8', 5.56, 8.02, 16, '2005-01-05', 28),
(3652, 'TUG-32F-06', 'COPLE UNION DE 1/4', 7.53, 12.34, 16, '2008-07-02', 28),
(3653, 'TUG-32F-10', 'COPLE UNION DE 3/8', 16.26, 26.66, 16, '2008-07-02', 28),
(3654, 'TUG-35F-1010', 'CODO UNION DE 90 3/8 X 3/8', 19.64, 32.2, 16, '2005-01-05', 28),
(3655, 'TUG-35F-1313', 'CODO UNION DE 90 1/2 X 1/2', 32.04, 52.51, 16, '2005-01-05', 28),
(3656, 'TUG-CN5', 'CAMPANA NIPLE DE 1/4 X 1/4', 5.74, 8.43, 16, '2005-01-05', 28),
(3657, 'TUG-NET-0606', 'NIPLE TERMINAL ESPIGA DE 1/4 X 1/4', 7.06, 11.58, 16, '2005-01-05', 28),
(3658, 'TUG-NET-0610', 'NIPLE TERMINAL ESPIGA DE 1/4 X 3/8', 14.63, 23.99, 16, '2005-01-05', 28),
(3659, 'TUG-NET-1006', 'NIPLE TERMINAL ESPIGA DE 3/8 X 1/4', 19.82, 32.49, 16, '2005-01-05', 28),
(3660, 'TUG-NET-1010', 'NIPLE TERMINAL ESPIGA DE 3/8 X 3/8', 7.81, 11.93, 16, '2005-01-05', 28),
(3661, 'TUG-NU11', 'NIPLE UNION DE 5/8 X 1/2', 11.35, 16.6, 16, '2005-01-05', 28),
(3662, 'TUG-NU7', 'NIPLE UNION DE 3/8 X 5/16', 9.97, 16.34, 16, '2005-01-05', 28),
(3663, 'TUG-PGAL', 'PIGTAIL P/GAS C/MAN.TRENZ.7/16X7/8X55CMS', 37.15, 53.52, 16, '2014-01-14', 28),
(3664, 'TUG-PGALMATE', 'PIGTAIL P/GAS 1/4X7/8 IZQ. C/MANERAL', 73, 119.24, 16, '2014-04-11', 28),
(3665, 'TUG-PPE1210', 'PUNTA POOL ESPIGA 3/8 DE 12CMS.', 35.53, 54.22, 16, '2006-04-06', 28),
(3666, 'TUG-PPE610', 'PUNTA POOL ESPIGA 1/4 DE 6CMS.', 13.57, 22.24, 16, '2006-04-06', 28),
(3667, 'TUG-PPE61038', 'PUNTA POOL ESPIGA 3/8 DE 6CMS.', 13.57, 20.71, 16, '2007-02-07', 28),
(3668, 'TUG-PPMZ', 'PUNTA POOL CON EMPAQUE Y MANERAL DE ZINC', 26.64, 43.82, 16, '2013-08-15', 28),
(3669, 'TUG-PPR12', 'PUNTA POOL ROSCA 1/4 DE 12CMS.', 31.16, 51.25, 16, '2013-06-21', 28),
(3670, 'TUG-PPR610', 'PUNTA POOL ROSCA 1/4 DE 6CMS.', 14.02, 23.07, 16, '2005-01-05', 28),
(3671, 'TUG-PT650', 'PIGTAIL CON TUERCA INVERTIDA PTI-6X50', 34.34, 42.4, 16, '2005-01-05', 28),
(3672, 'TUG-REDB3421', 'REDUCC.BUSCHING 3/4X1/2 BRONCE REDB3421B', 21.99, 36.16, 16, '2014-08-30', 28),
(3673, 'TUG-SC-10', 'SOLDA COBRE DE 10 GRS.', 67.58, 136.32, 16, '2011-06-03', 28),
(3674, 'TUG-SGA-6', 'SELLAGAS FUERZA ALTA PERMANENTE BLI.6GRS', 12.4, 25.01, 16, '2011-06-03', 28),
(3675, 'TUG-SGM-6', 'SELLAGAS FUERZA MEDIA REMOVIBLE BLI.6GRS', 10.93, 22.06, 16, '2011-06-03', 28),
(3676, 'TUG-TIP25', 'TUERCA IZQUIERDA PARA PIGTAIL TIP-125', 6.78, 8.3, 16, '2005-01-05', 28),
(3677, 'TUG-TL10', 'TUERCA LOCA DE 3/8', 10.42, 15.9, 16, '2005-01-05', 28),
(3678, 'TUG-TU9', 'TANQUE DE PROPANO DE 400GRS. AZUL TURNER', 89.06, 133.66, 16, '2005-01-05', 28),
(3679, 'TGC-0109038', 'CODO 90 REFORZADO GALV. DE 3/8', 4.93, 13.28, 16, '2005-01-05', 29),
(3680, 'TGC-0209012', 'CODO 90 REFORZADO GALV. DE 1/2', 3.85, 8.83, 16, '2005-01-05', 29),
(3681, 'TGC-0309034', 'CODO 90 REFORZADO GALV. DE 3/4', 4.08, 11.64, 16, '2005-01-05', 29),
(3682, 'TGC-040901', 'CODO 90 REFORZADO GALV. DE 1', 8.27, 20.52, 16, '2005-01-05', 29),
(3683, 'TGC-05090114', 'CODO 90 REFORZADO GALV. DE 1-1/4', 10.26, 32.85, 16, '2005-01-05', 29),
(3684, 'TGC-06090112', 'CODO 90 REFORZADO GALV. DE 1-1/2', 13.97, 44.36, 16, '2005-01-05', 29),
(3685, 'TGC-0804538', 'CODO 45 REFORZADO GALV. DE 3/8', 4.31, 11.64, 16, '2005-01-05', 29),
(3686, 'TGC-0904512', 'CODO 45 REFORZADO GALV. DE 1/2', 4.13, 10.94, 16, '2005-01-05', 29),
(3687, 'TGC-1004534', 'CODO 45 REFORZADO GALV. DE 3/4', 5.48, 15.75, 16, '2005-01-05', 29),
(3688, 'TGC-110451', 'CODO 45 REFORZADO GALV. DE 1', 7.24, 21.22, 16, '2005-01-05', 29),
(3689, 'TGC-12045114', 'CODO 45 REFORZADO GALV. DE 1-1/4', 11.5, 36.56, 16, '2005-01-05', 29),
(3690, 'TGC-13045112', 'CODO 45 REFORZADO GALV. DE 1-1/2', 14.63, 46.48, 16, '2005-01-05', 29),
(3691, 'TGC-130CN14', 'CODO NIPLE 150 LBS. GALV. DE 1/4', 7.76, 27.4, 16, '2012-03-23', 29),
(3692, 'TGC-140CN38', 'CODO NIPLE 150 LBS. GALV. DE 3/8', 5.59, 15.06, 16, '2005-01-05', 29),
(3693, 'TGC-150CN12', 'CODO NIPLE 150 LBS. GALV. DE 1/2', 5.59, 15.06, 16, '2005-01-05', 29),
(3694, 'TGC-160CN34', 'CODO NIPLE 150 LBS. GALV. DE 3/4', 5.94, 15.06, 16, '2005-01-05', 29),
(3695, 'TGC-170CN1', 'CODO NIPLE 150 LBS. GALV. DE 1', 10.67, 37.12, 16, '2005-01-05', 29),
(3696, 'TGC-180CN114', 'CODO NIPLE 150 LBS. GALV. DE 1-1/4', 14.4, 39.02, 16, '2005-01-05', 29),
(3697, 'TGC-190CN112', 'CODO NIPLE 150 LBS. GALV. DE 1-1/2', 20.61, 55.45, 16, '2005-01-05', 29),
(3698, 'TGC-280CR12', 'CRUZ REFORZADA 150 LBS. GALV. DE 1/2', 10.96, 25.88, 16, '2005-01-05', 29),
(3699, 'TGC-290CR34', 'CRUZ REFORZADA 150 LBS. GALV. DE 3/4', 17, 45.73, 16, '2005-01-05', 29),
(3700, 'TGC-300CR1', 'CRUZ REFORZADA 150 LBS. GALV. DE 1', 20.84, 56.07, 16, '2005-01-05', 29),
(3701, 'TGC-310CR114', 'CRUZ REFORZADA 150 LBS. GALV. DE 1-1/4', 36.52, 98.44, 16, '2005-01-05', 29),
(3702, 'TGC-340TC14', 'TAPON CACHUCHA 150 LBS. GALV.DE 1/4', 3.2, 7.94, 16, '2005-01-05', 29),
(3703, 'TGC-345TC03', 'TAPON CACHUCHA 150 LBS. GALV. DE 1/8', 2.91, 7.94, 16, '2007-08-15', 29),
(3704, 'TGC-350TC38', 'TAPON CACHUCHA 150 LBS. GALV. DE 3/8', 3.2, 7.94, 16, '2005-01-05', 29),
(3705, 'TGC-360TC12', 'TAPON CACHUCHA 150 LBS. GALV.DE 1/2', 4.19, 7.53, 16, '2005-01-05', 29),
(3706, 'TGC-370TC34', 'TAPON CACHUCHA 150 LBS. GALV.DE 3/4', 4.01, 10.94, 16, '2005-01-05', 29),
(3707, 'TGC-380TC1', 'TAPON CACHUCHA 150 LBS. GALV.DE 1', 5.87, 16.29, 16, '2005-01-05', 29),
(3708, 'TGC-390TC114', 'TAPON CACHUCHA 150 LBS. GALV. DE 1-1/4', 6.64, 21.09, 16, '2005-01-05', 29),
(3709, 'TGC-4009013', 'TUBO GALVANIZADO C/ROSCA DE 1/2 (6.40M)', 176.96, 342.16, 16, '2006-09-06', 29),
(3710, 'TGC-4009013T', 'TUBO GALVANIZADO C/ROSCA DE 1/2 (3.20M)', 97.33, 201.21, 16, '2010-03-24', 29),
(3711, 'TGC-4009019', 'TUBO GALVANIZADO C/ROSCA DE 3/4 (6.40M)', 226.52, 469.34, 16, '2005-01-05', 29),
(3712, 'TGC-4009019T', 'TUBO GALVANIZADO C/ROSCA DE 3/4 (3.20M)', 124.59, 218.03, 16, '2010-03-24', 29),
(3713, 'TGC-4009025', 'TUBO GALVANIZADO C/ROSCA DE 1 (6.40M)', 313.02, 648.57, 16, '2005-01-05', 29),
(3714, 'TGC-4009025T', 'TUBO GALVANIZADO C/ROSCA DE 1 (3.20M)', 172.16, 301.28, 16, '2010-03-24', 29),
(3715, 'TGC-4009032', 'TUBO GALVANIZADO C/ROSCA DE 1-1/4 (6.40M', 425.75, 766.35, 16, '2005-01-05', 29),
(3716, 'TGC-4009032T', 'TUBO GALVANIZADO C/ROSCA DE 1-1/4 (3.20M', 234.16, 468.32, 16, '2010-03-24', 29),
(3717, 'TGC-4009038', 'TUBO GALVANIZADO C/ROSCA DE 1-1/2', 642.5, 1156.5, 16, '2005-01-05', 29),
(3718, 'TGC-4009100', 'TUBO GALVANIZADO C/ROSCA DE 4', 2282.03, 4335.85, 16, '2005-01-05', 29),
(3719, 'TGC-4009500', 'TUBO GALVANIZADO DE 2 X 6 C20', 162, 307.8, 16, '2013-06-14', 29),
(3720, 'TGC-400TC112', 'TAPON CACHUCHA 150 LBS. GALV. DE 1-1/2', 9.07, 28.75, 16, '2005-01-05', 29),
(3721, 'TGC-420TM14', 'TAPON MACHO 150 LBS. GALV. DE 1/4', 2.76, 7.53, 16, '2005-01-05', 29),
(3722, 'TGC-430TM38', 'TAPON MACHO 150 LBS. GALV. DE 3/8', 2.76, 7.53, 16, '2005-01-05', 29),
(3723, 'TGC-440TM12', 'TAPON MACHO 150 LBS. GALV. DE 1/2', 2.91, 5.46, 16, '2005-01-05', 29),
(3724, 'TGC-450TM34', 'TAPON MACHO 150 LBS. GALV. DE 3/4', 2.52, 6.83, 16, '2005-01-05', 29),
(3725, 'TGC-460TM1', 'TAPON MACHO 150 LBS. GALV. DE 1', 4.22, 9.86, 16, '2005-01-05', 29),
(3726, 'TGC-470TM114', 'TAPON MACHO 150 LBS. GALV. DE 1-1/4', 6, 16.16, 16, '2005-01-05', 29),
(3727, 'TGC-480TM11/', 'TAPON MACHO 150 LBS. GALV. DE 1-1/2', 7.85, 19.17, 16, '2005-01-05', 29),
(3728, 'TGC-490TM2', 'TAPON MACHO 150 LBS. GALV. DE 2', 10.4, 28.07, 16, '2007-04-07', 29),
(3729, 'TGC-500-1/8R', 'NIPLE GALV. DE 1/8 X R.C.', 4.14, 27.25, 16, '2005-01-05', 29),
(3730, 'TGC-500TR03', 'TEE REFORZADA 150 LBS. GALV. DE 1/8', 5.63, 15.06, 16, '2007-07-02', 29),
(3731, 'TGC-500TR38', 'TEE REFORZADA 150 LBS. GALV. DE 3/8', 6.19, 15.06, 16, '2005-01-05', 29),
(3732, 'TGC-501-1/8', 'NIPLE GALV. DE 1/8 X 1-1/2', 4.02, 19.16, 16, '2005-01-05', 29),
(3733, 'TGC-502-1/8', 'NIPLE GALV. DE 1/8 X 2', 4.03, 19.2, 16, '2005-01-05', 29),
(3734, 'TGC-503-1/8', 'NIPLE GALV. DE 1/8 X 2-1/2', 4.22, 20.12, 16, '2005-01-05', 29),
(3735, 'TGC-504-1/8', 'NIPLE GALV. DE 1/8 X 3', 4.23, 20.16, 16, '2005-01-05', 29),
(3736, 'TGC-505-1/8', 'NIPLE GALV. DE 1/8 X 3-1/2', 4.93, 23.5, 16, '2005-01-05', 29),
(3737, 'TGC-506-1/8', 'NIPLE GALV. DE 1/8 X 4', 4.64, 22.08, 16, '2005-01-05', 29),
(3738, 'TGC-507-1/8', 'NIPLE GALV. DE 1/8 X 5', 6.32, 30.1, 16, '2005-01-05', 29),
(3739, 'TGC-508-1/8', 'NIPLE GALV. DE 1/8 X 5-1/2', 6.92, 32.99, 16, '2005-01-05', 29),
(3740, 'TGC-509-1/8', 'NIPLE GALV. DE 1/8 X 6', 7.04, 33.56, 16, '2005-01-05', 29),
(3741, 'TGC-520-1/4', 'NIPLE GALV. DE 1/4 X R.C.', 3.83, 12.95, 16, '2005-01-05', 29),
(3742, 'TGC-520TR34', 'TEE REFORZADA 150 LBS. GALV. DE 3/4', 4.86, 13.69, 16, '2005-01-05', 29),
(3743, 'TGC-521-1/4', 'NIPLE GALV. DE 1/4 X 1-1/2', 4.38, 13.92, 16, '2005-01-05', 29),
(3744, 'TGC-522-1/4', 'NIPLE GALV. DE 1/4 X 2', 4.48, 14.23, 16, '2005-01-05', 29),
(3745, 'TGC-523-1/4', 'NIPLE GALV. DE 1/4 X 2-1/2', 5.9, 14.63, 16, '2005-01-05', 29),
(3746, 'TGC-524-1/4', 'NIPLE GALV. DE 1/4 X 3', 6.02, 14.93, 16, '2005-01-05', 29),
(3747, 'TGC-525-1/4', 'NIPLE GALV. DE 1/4 X 3-1/2', 6.95, 24.15, 16, '2005-01-05', 29),
(3748, 'TGC-526-1/4', 'NIPLE GALV. DE 1/4 X 4', 6.5, 16.14, 16, '2005-01-05', 29),
(3749, 'TGC-527-1/4', 'NIPLE GALV. DE 1/4 X 4-1/2', 6.88, 32.79, 16, '2005-01-05', 29),
(3750, 'TGC-528-1/4', 'NIPLE GALV. DE 1/4 X 5', 7.03, 33.48, 16, '2005-01-05', 29),
(3751, 'TGC-529-1/4', 'NIPLE GALV. DE 1/4 X 5-1/2', 7.67, 36.53, 16, '2005-01-05', 29),
(3752, 'TGC-530-1/4', 'NIPLE GALV. DE 1/4 X 6', 7.83, 37.29, 16, '2005-01-05', 29),
(3753, 'TGC-530TR1', 'TEE REFORZADA 150 LBS. GALV. DE 1', 10.04, 28.07, 16, '2005-01-05', 29),
(3754, 'TGC-531TR2', 'TEE REFORZADA 150 LBS. GALV. DE 2', 30.82, 99.26, 16, '2007-05-07', 29),
(3755, 'TGC-540-3/8', 'NIPLE GALV. DE 3/8 X R.C.', 4.18, 13.28, 16, '2005-01-05', 29),
(3756, 'TGC-540TR114', 'TEE REFORZADA 150 LBS. GALV. DE 1-1/4', 16.16, 51.34, 16, '2005-01-05', 29),
(3757, 'TGC-541-3/8', 'NIPLE GALV. DE 3/8 X 1-1/2', 4.71, 14.96, 16, '2005-01-05', 29),
(3758, 'TGC-542-3/8', 'NIPLE GALV. DE 3/8 X 2', 4.81, 19.11, 16, '2005-01-05', 29),
(3759, 'TGC-543-3/8', 'NIPLE GALV. DE 3/8 X 2-1/2', 5.32, 21.11, 16, '2005-01-05', 29),
(3760, 'TGC-544-3/8', 'NIPLE GALV. DE 3/8 X 3', 5.33, 25.41, 16, '2005-01-05', 29),
(3761, 'TGC-545-3/8', 'NIPLE GALV. DE 3/8 X 3-1/2', 5.45, 25.96, 16, '2005-01-05', 29),
(3762, 'TGC-546-3/8', 'NIPLE GALV. DE 3/8 X 4', 5.56, 26.49, 16, '2005-01-05', 29),
(3763, 'TGC-547-3/8', 'NIPLE GALV. DE 3/8 X 4-1/2', 7.5, 35.72, 16, '2005-01-05', 29),
(3764, 'TGC-548-3/8', 'NIPLE GALV. DE 3/8 X 5', 7.65, 36.47, 16, '2005-01-05', 29),
(3765, 'TGC-549-3/8', 'NIPLE GALV. DE 3/8 X 5-1/2', 8.34, 39.73, 16, '2005-01-05', 29),
(3766, 'TGC-550-3/8', 'NIPLE GALV. DE 3/8 X 6', 8.51, 40.55, 16, '2005-01-05', 29),
(3767, 'TGC-550TR112', 'TEE REFORZADA 150 LBS. GALV. DE 1-1/2', 19.22, 61.06, 16, '2005-01-05', 29),
(3768, 'TGC-555TR3', 'TEE REFORZADA 150 LBS. GALV. DE 3', 116.42, 313.54, 16, '2007-04-07', 29),
(3769, 'TGC-560-1/2', 'NIPLE GALV. DE 1/2 X R.C.', 1.86, 4.09, 16, '2005-01-05', 29),
(3770, 'TGC-560TU38', 'TUERCA UNION 150 LBS. GALV. DE 3/8', 19.86, 49.97, 16, '2005-01-05', 29),
(3771, 'TGC-561-1/2', 'NIPLE GALV. DE 1/2 X 1-1/2', 2.11, 4.79, 16, '2005-01-05', 29),
(3772, 'TGC-562-1/2', 'NIPLE GALV. DE 1/2 X 2', 2.55, 5.75, 16, '2005-01-05', 29),
(3773, 'TGC-563-1/2', 'NIPLE GALV. DE 1/2 X 2-1/2', 3.21, 6.83, 16, '2005-01-05', 29),
(3774, 'TGC-564-1/2', 'NIPLE GALV. DE 1/2 X 3', 4.08, 8.78, 16, '2005-01-05', 29),
(3775, 'TGC-565-1/2', 'NIPLE GALV. DE 1/2 X 3-1/2', 4.79, 10.27, 16, '2005-01-05', 29),
(3776, 'TGC-566-1/2', 'NIPLE GALV. DE 1/2 X 4', 4.89, 10.95, 16, '2005-01-05', 29),
(3777, 'TGC-567-1/2', 'NIPLE GALV. DE 1/2 X 4-1/2', 5.73, 12.32, 16, '2005-01-05', 29),
(3778, 'TGC-568-1/2', 'NIPLE GALV. DE 1/2 X 5', 5.85, 13.55, 16, '2005-01-05', 29),
(3779, 'TGC-569-1/2', 'NIPLE GALV. DE 1/2 X 5-1/2', 6.52, 14.38, 16, '2005-01-05', 29),
(3780, 'TGC-570-1/2', 'NIPLE GALV. DE 1/2 X 6', 6.92, 15.75, 16, '2005-01-05', 29),
(3781, 'TGC-570TU12', 'TUERCA UNION 150 LBS. GALV. DE 1/2', 13.33, 38.32, 16, '2005-01-05', 29),
(3782, 'TGC-571-1/2', 'NIPLE GALV. DE 1/2 X 7', 11.28, 25.46, 16, '2005-01-05', 29),
(3783, 'TGC-572-1/2', 'NIPLE GALV. DE 1/2 X 8', 11.67, 26.89, 16, '2005-01-05', 29),
(3784, 'TGC-573-1/2', 'NIPLE GALV. DE 1/2 X 9', 14.53, 32.16, 16, '2005-01-05', 29),
(3785, 'TGC-574-1/2', 'NIPLE GALV. DE 1/2 X 10', 14.83, 31.49, 16, '2005-01-05', 29),
(3786, 'TGC-575-1/2', 'NIPLE GALV. DE 1/2 X 11', 16.53, 35.6, 16, '2005-01-05', 29),
(3787, 'TGC-576-1/2', 'NIPLE GALV. DE 1/2 X 12', 16.86, 42.46, 16, '2005-01-05', 29),
(3788, 'TGC-580-3/4', 'NIPLE GALV. DE 3/4 X R.C.', 2.72, 6.85, 16, '2005-01-05', 29),
(3789, 'TGC-580TU34', 'TUERCA UNION 150 LBS. GALV. DE 3/4', 16.18, 45.87, 16, '2005-01-05', 29),
(3790, 'TGC-581-3/4', 'NIPLE GALV. DE 3/4 X 1-1/2', 2.96, 7.39, 16, '2005-01-05', 29),
(3791, 'TGC-582-3/4', 'NIPLE GALV. DE 3/4 X 2', 4.19, 10.82, 16, '2005-01-05', 29),
(3792, 'TGC-583-3/4', 'NIPLE GALV. DE 3/4 X 2-1/2', 4.85, 11.64, 16, '2005-01-05', 29),
(3793, 'TGC-584-3/4', 'NIPLE GALV. DE 3/4 X 3', 5.28, 13, 16, '2005-01-05', 29),
(3794, 'TGC-585-3/4', 'NIPLE GALV. DE 3/4 X 3-1/2', 4.92, 15.06, 16, '2005-01-05', 29),
(3795, 'TGC-586-3/4', 'NIPLE GALV. DE 3/4 X 4-1/2', 5.86, 17.8, 16, '2005-01-05', 29),
(3796, 'TGC-587-3/4', 'NIPLE GALV. DE 3/4 X 5', 6.54, 23.28, 16, '2005-01-05', 29),
(3797, 'TGC-588-3/4', 'NIPLE GALV. DE 3/4 X 5-1/2', 7.04, 24.65, 16, '2005-01-05', 29),
(3798, 'TGC-589-3/4', 'NIPLE GALV. DE 3/4 X 6', 10.06, 27.38, 16, '2005-01-05', 29),
(3799, 'TGC-590-3/4', 'NIPLE GALV. DE 3/4 X 7', 11.6, 38.34, 16, '2005-01-05', 29),
(3800, 'TGC-590TU1', 'TUERCA UNION 150 LBS. GALV. DE 1', 19.49, 61.89, 16, '2005-01-05', 29),
(3801, 'TGC-591-3/4', 'NIPLE GALV. DE 3/4 X 8', 12.47, 41.08, 16, '2005-01-05', 29),
(3802, 'TGC-592-3/4', 'NIPLE GALV. DE 3/4 X 9', 13.55, 45.18, 16, '2005-01-05', 29),
(3803, 'TGC-593-3/4', 'NIPLE GALV. DE 3/4 X 10', 13.83, 46.55, 16, '2005-01-05', 29),
(3804, 'TGC-594-3/4', 'NIPLE GALV. DE 3/4 X 11', 15.17, 50.66, 16, '2005-01-05', 29),
(3805, 'TGC-595-3/4', 'NIPLE GALV. DE 3/4 X 12', 15.36, 53.4, 16, '2005-01-05', 29),
(3806, 'TGC-596-3/4', 'NIPLE GALV. DE 3/4 X 4', 5.26, 16.43, 16, '2007-10-08', 29),
(3807, 'TGC-600-1RC', 'NIPLE GALV. DE 1 X R.C.', 4.35, 13.55, 16, '2005-01-05', 29),
(3808, 'TGC-600TU114', 'TUERCA UNION 150 LBS. GALV. DE 1-1/4', 29.6, 95.16, 16, '2005-01-05', 29),
(3809, 'TGC-601-1', 'NIPLE GALV. DE 1 X 2', 5.13, 15.75, 16, '2005-01-05', 29),
(3810, 'TGC-602-1', 'NIPLE GALV. DE 1 X 2-1/2', 5.79, 17.8, 16, '2005-01-05', 29),
(3811, 'TGC-603-1', 'NIPLE GALV. DE 1 X 3', 7.57, 18.48, 16, '2005-01-05', 29),
(3812, 'TGC-604-1', 'NIPLE GALV. DE 1 X 3-1/2', 6.96, 21.91, 16, '2005-01-05', 29),
(3813, 'TGC-605-1', 'NIPLE GALV. DE 1 X 4', 7.25, 22.59, 16, '2005-01-05', 29),
(3814, 'TGC-606-1', 'NIPLE GALV. DE 1 X 4-1/2', 8.42, 26.01, 16, '2005-01-05', 29),
(3815, 'TGC-607-1', 'NIPLE GALV. DE 1 X 5', 11.54, 30.07, 16, '2005-01-05', 29),
(3816, 'TGC-608-1', 'NIPLE GALV. DE 1 X 5-1/2', 9.71, 32.39, 16, '2005-01-05', 29),
(3817, 'TGC-609-1', 'NIPLE GALV. DE 1 X 6', 9.91, 33.06, 16, '2005-01-05', 29),
(3818, 'TGC-610-1', 'NIPLE GALV. DE 1 X 7', 16.21, 54.07, 16, '2005-01-05', 29),
(3819, 'TGC-610TU112', 'TUERCA UNION 150 LBS. GALV. DE 1-1/2', 38.55, 122.54, 16, '2005-01-05', 29),
(3820, 'TGC-611-1', 'NIPLE GALV. DE 1 X 8', 21.18, 55.19, 16, '2005-01-05', 29),
(3821, 'TGC-612-1', 'NIPLE GALV. DE 1 X 9', 18.52, 61.75, 16, '2005-01-05', 29),
(3822, 'TGC-613-1', 'NIPLE GALV. DE 1 X 10', 18.9, 63.05, 16, '2005-01-05', 29),
(3823, 'TGC-614-1', 'NIPLE GALV. DE 1 X 11', 21.15, 70.56, 16, '2005-01-05', 29),
(3824, 'TGC-615-1', 'NIPLE GALV. DE 1 X 12', 21.59, 72.01, 16, '2005-01-05', 29),
(3825, 'TGC-620-1/4R', 'NIPLE GALV. DE 1-1/4 X R.C.', 7.19, 23.99, 16, '2005-01-05', 29),
(3826, 'TGC-621-11/4', 'NIPLE GALV. DE 1-1/4 X 2', 7.74, 25.82, 16, '2005-01-05', 29),
(3827, 'TGC-622-11/4', 'NIPLE GALV. DE 1-1/4 X 2-1/2', 8.68, 28.94, 16, '2005-01-05', 29),
(3828, 'TGC-623-11/4', 'NIPLE GALV. DE 1-1/4 X 3', 8.86, 29.54, 16, '2007-04-07', 29),
(3829, 'TGC-624-11/4', 'NIPLE GALV. DE 1-1/4 X 3-1/2', 10.3, 34.34, 16, '2005-01-05', 29);
INSERT INTO `productos` (`reg`, `folio`, `descripcion`, `costo`, `precio_venta`, `iva`, `f_reg`, `categoria`) VALUES
(3830, 'TGC-625-11/4', 'NIPLE GALV. DE 1-1/4 X 4', 10.51, 35.06, 16, '2005-01-05', 29),
(3831, 'TGC-626-11/4', 'NIPLE GALV. DE 1-1/4 X 5', 13.01, 43.41, 16, '2005-01-05', 29),
(3832, 'TGC-627-11/4', 'NIPLE GALV. DE 1-1/4 X 5-1/2', 14.81, 49.4, 16, '2005-01-05', 29),
(3833, 'TGC-628-11/4', 'NIPLE GALV. DE 1-1/4 X 6', 15.11, 50.41, 16, '2005-01-05', 29),
(3834, 'TGC-629-11/4', 'NIPLE GALV. DE 1-1/4 X 8', 22.94, 76.5, 16, '2005-01-05', 29),
(3835, 'TGC-630-11/4', 'NIPLE GALV. DE 1-1/4 X 9', 27.25, 90.9, 16, '2005-01-05', 29),
(3836, 'TGC-630CL12', 'COPLE LISO 150 LBS. GALV. DE 1/2', 2.83, 7.43, 16, '2005-01-05', 29),
(3837, 'TGC-631-11/4', 'NIPLE GALV. DE 1-1/4 X 10', 27.81, 92.76, 16, '2005-01-05', 29),
(3838, 'TGC-632-11/4', 'NIPLE GALV. DE 1-1/4 X 11', 32.74, 109.19, 16, '2005-01-05', 29),
(3839, 'TGC-633-11/4', 'NIPLE GALV. DE 1-1/4 X 12', 33.41, 111.43, 16, '2005-01-05', 29),
(3840, 'TGC-634-11/4', 'NIPLE GALV. DE 1-1/4 X 4-1/2', 12.75, 42.53, 16, '2009-12-06', 29),
(3841, 'TGC-635-11/4', 'NIPLE GALV. DE 1-1/4 X 7', 22.48, 74.97, 16, '2009-12-06', 29),
(3842, 'TGC-640-11/2', 'NIPLE GALV. DE 1-1/2 X R.C.', 8.42, 28.07, 16, '2005-01-05', 29),
(3843, 'TGC-640CL34', 'COPLE LISO 150 LBS. GALV. DE 3/4', 2.83, 7.8, 16, '2005-01-05', 29),
(3844, 'TGC-641-11/2', 'NIPLE GALV. DE 1-1/2 X 2', 9, 30.01, 16, '2005-01-05', 29),
(3845, 'TGC-642-11/2', 'NIPLE GALV. DE 1-1/2 X 2-1/2', 10.31, 34.37, 16, '2005-01-05', 29),
(3846, 'TGC-643-11/2', 'NIPLE GALV. DE 1-1/2 X 3', 10.51, 35.06, 16, '2005-01-05', 29),
(3847, 'TGC-644-11/2', 'NIPLE GALV. DE 1-1/2 X 3-1/2', 13.06, 43.54, 16, '2005-01-05', 29),
(3848, 'TGC-645-11/2', 'NIPLE GALV. DE 1-1/2 X 4', 13.32, 44.44, 16, '2005-01-05', 29),
(3849, 'TGC-646-11/2', 'NIPLE GALV. DE 1-1/2 X 4-1/2', 15.75, 52.54, 16, '2005-01-05', 29),
(3850, 'TGC-647-11/2', 'NIPLE GALV. DE 1-1/2 X 5', 16.07, 53.6, 16, '2005-01-05', 29),
(3851, 'TGC-648-11/2', 'NIPLE GALV. DE 1-1/2 X 5-1/2', 17.71, 59.06, 16, '2005-01-05', 29),
(3852, 'TGC-649-11/2', 'NIPLE GALV. DE 1-1/2 X 6', 18.08, 60.3, 16, '2005-01-05', 29),
(3853, 'TGC-650-11/2', 'NIPLE GALV. DE 1-1/2 X 7', 27.54, 91.85, 16, '2005-01-05', 29),
(3854, 'TGC-650CL1', 'COPLE LISO 150 LBS. GALV. DE 1', 5.68, 15.75, 16, '2005-01-05', 29),
(3855, 'TGC-651-11/2', 'NIPLE GALV. DE 1-1/2 X 8', 28.1, 93.73, 16, '2005-01-05', 29),
(3856, 'TGC-652-11/2', 'NIPLE GALV. DE 1-1/2 X 9', 32.09, 107.02, 16, '2005-01-05', 29),
(3857, 'TGC-653-11/2', 'NIPLE GALV. DE 1-1/2 X 10', 32.75, 109.22, 16, '2005-01-05', 29),
(3858, 'TGC-654-11/2', 'NIPLE GALV. DE 1-1/2 X 11', 36.69, 122.37, 16, '2005-01-05', 29),
(3859, 'TGC-655-11/2', 'NIPLE GALV. DE 1-1/2 X 12', 37.44, 124.87, 16, '2005-01-05', 29),
(3860, 'TGC-660-2RC', 'NIPLE GALV. DE 2 X R.C.', 11.82, 39.42, 16, '2005-01-05', 29),
(3861, 'TGC-660CL114', 'COPLE LISO 150 LBS. GALV. DE 1-1/4', 6.83, 21.77, 16, '2005-01-05', 29),
(3862, 'TGC-662-2', 'NIPLE GALV. DE 2 X 2-1/2', 13.67, 45.59, 16, '2005-01-05', 29),
(3863, 'TGC-663-2', 'NIPLE GALV. DE 2 X 3', 13.96, 46.56, 16, '2005-01-05', 29),
(3864, 'TGC-664-2', 'NIPLE GALV. DE 2 X 3-1/2', 16.61, 55.39, 16, '2005-01-05', 29),
(3865, 'TGC-665-2', 'NIPLE GALV. DE 2 X 4', 16.95, 56.53, 16, '2005-01-05', 29),
(3866, 'TGC-666-2', 'NIPLE GALV. DE 2 X 4-1/2', 21.2, 70.71, 16, '2007-04-07', 29),
(3867, 'TGC-667-2', 'NIPLE GALV. DE 2 X 5', 21.64, 72.18, 16, '2005-01-05', 29),
(3868, 'TGC-668-2', 'NIPLE GALV. DE 2 X 5-1/2', 24.62, 82.11, 16, '2005-01-05', 29),
(3869, 'TGC-669-2', 'NIPLE GALV. DE 2 X 6', 25.13, 83.8, 16, '2005-01-05', 29),
(3870, 'TGC-670-2', 'NIPLE GALV. DE 2 X 7', 40.14, 133.87, 16, '2005-01-05', 29),
(3871, 'TGC-670CL112', 'COPLE LISO 150 LBS. GALV. DE 1-1/2', 8.71, 28.75, 16, '2005-01-05', 29),
(3872, 'TGC-671-2', 'NIPLE GALV. DE 2 X 8', 40.96, 136.62, 16, '2005-01-05', 29),
(3873, 'TGC-672-2', 'NIPLE GALV. DE 2 X 9', 46.96, 156.64, 16, '2005-01-05', 29),
(3874, 'TGC-673-2', 'NIPLE GALV. DE 2 X 10', 47.93, 159.86, 16, '2005-01-05', 29),
(3875, 'TGC-674-2', 'NIPLE GALV. DE 2 X 11', 53.88, 179.69, 16, '2005-01-05', 29),
(3876, 'TGC-675-2', 'NIPLE GALV. DE 2 X 12', 54.98, 183.37, 16, '2005-01-05', 29),
(3877, 'TGC-680-21/2', 'NIPLE GALV. DE 2-1/2 X R.C.', 35.37, 117.98, 16, '2005-01-05', 29),
(3878, 'TGC-681-21/2', 'NIPLE GALV. DE 2-1/2 X 3', 36.38, 121.35, 16, '2005-01-05', 29),
(3879, 'TGC-682-21/2', 'NIPLE GALV. DE 2-1/2 X 3-1/2', 41.41, 138.13, 16, '2005-01-05', 29),
(3880, 'TGC-683-21/2', 'NIPLE GALV. DE 2-1/2 X 4', 42.26, 140.96, 16, '2005-01-05', 29),
(3881, 'TGC-684-21/2', 'NIPLE GALV. DE 2-1/2 X 4-1/2', 46.18, 154.03, 16, '2005-01-05', 29),
(3882, 'TGC-685-21/2', 'NIPLE GALV. DE 2-1/2 X 5', 47.12, 157.16, 16, '2005-01-05', 29),
(3883, 'TGC-686-21/2', 'NIPLE GALV. DE 2-1/2 X 5-1/2', 53.39, 178.06, 16, '2005-01-05', 29),
(3884, 'TGC-687-21/2', 'NIPLE GALV. DE 2-1/2 X 6', 54.47, 181.69, 16, '2005-01-05', 29),
(3885, 'TGC-688-21/2', 'NIPLE GALV. DE 2-1/2 X 8', 70.14, 233.92, 16, '2005-01-05', 29),
(3886, 'TGC-689-21/2', 'NIPLE GALV. DE 2-1/2 X 9', 78.37, 261.39, 16, '2005-01-05', 29),
(3887, 'TGC-690-21/2', 'NIPLE GALV. DE 2-1/2 X 10', 79.98, 266.74, 16, '2005-01-05', 29),
(3888, 'TGC-691-21/2', 'NIPLE GALV. DE 2-1/2 X 11', 87.69, 292.46, 16, '2005-01-05', 29),
(3889, 'TGC-692-21/2', 'NIPLE GALV. DE 2-1/2 X 12', 89.48, 298.43, 16, '2005-01-05', 29),
(3890, 'TGC-693-21/2', 'NIPLE GALV. DE 2-1/2 X 7', 68.73, 229.22, 16, '2008-04-21', 29),
(3891, 'TGC-700-3RC', 'NIPLE GALV. DE 3 X R.C.', 42.19, 140.73, 16, '2005-01-05', 29),
(3892, 'TGC-701-3', 'NIPLE GALV. DE 3 X 3', 47.84, 159.57, 16, '2005-01-05', 29),
(3893, 'TGC-702-3', 'NIPLE GALV. DE 3 X 3-1/2', 54.98, 183.37, 16, '2005-01-05', 29),
(3894, 'TGC-703-3', 'NIPLE GALV. DE 3 X 4', 56.1, 187.11, 16, '2005-01-05', 29),
(3895, 'TGC-704-3', 'NIPLE GALV. DE 3 X 4-1/2', 64.07, 213.68, 16, '2005-01-05', 29),
(3896, 'TGC-705-3', 'NIPLE GALV. DE 3 X 5', 65.37, 218.04, 16, '2005-01-05', 29),
(3897, 'TGC-706-3', 'NIPLE GALV. DE 3 X 5-1/2', 67.78, 226.06, 16, '2005-01-05', 29),
(3898, 'TGC-707-3', 'NIPLE GALV. DE 3 X 6', 69.15, 230.65, 16, '2005-01-05', 29),
(3899, 'TGC-708-3', 'NIPLE GALV. DE 3 X 7', 90.01, 300.2, 16, '2005-01-05', 29),
(3900, 'TGC-709-3', 'NIPLE GALV. DE 3 X 8', 91.85, 306.34, 16, '2005-01-05', 29),
(3901, 'TGC-710-3', 'NIPLE GALV. DE 3 X 9', 109.6, 365.56, 16, '2005-01-05', 29),
(3902, 'TGC-711-3', 'NIPLE GALV. DE 3 X 10', 111.84, 373.02, 16, '2005-01-05', 29),
(3903, 'TGC-712-3', 'NIPLE GALV. DE 3 X 11', 123.24, 411.05, 16, '2005-01-05', 29),
(3904, 'TGC-713-3', 'NIPLE GALV. DE 3 X 12', 125.76, 419.45, 16, '2005-01-05', 29),
(3905, 'TGC-720-4RC', 'NIPLE GALV. DE 4 X R.C.', 63.52, 211.85, 16, '2005-01-05', 29),
(3906, 'TGC-721-4', 'NIPLE GALV. DE 4 X 4', 75.28, 251.08, 16, '2005-01-05', 29),
(3907, 'TGC-722-4', 'NIPLE GALV. DE 4 X 4-1/2', 82.73, 275.93, 16, '2005-01-05', 29),
(3908, 'TGC-723-4', 'NIPLE GALV. DE 4 X 5', 84.42, 281.57, 16, '2005-01-05', 29),
(3909, 'TGC-724-4', 'NIPLE GALV. DE 4 X 6', 98.12, 327.26, 16, '2005-01-05', 29),
(3910, 'TGC-726-4', 'NIPLE GALV. DE 4 X 7', 114.9, 383.24, 16, '2005-01-05', 29),
(3911, 'TGC-728-4', 'NIPLE GALV. DE 4 X 9', 133.16, 444.14, 16, '2005-01-05', 29),
(3912, 'TGC-731-4', 'NIPLE GALV. DE 4 X 12', 154.68, 515.92, 16, '2005-01-05', 29),
(3913, 'TGC-732-4', 'NIPLE GALV. DE 4 X 5 1/2', 96.29, 321.16, 16, '2009-12-06', 29),
(3914, 'TGC-740B1310', 'REDUCC.BUSHING GALV. DE 1/2 X 3/8', 3.49, 9.45, 16, '2005-12-05', 29),
(3915, 'TGC-755B1903', 'REDUCC.CAMPANA GALV. DE 3/4 X 1/8', 4.77, 8.58, 16, '2008-04-19', 29),
(3916, 'TGC-780B2513', 'REDUCC.BUSHING GALV. DE 1 X 1/2', 10.2, 23.26, 16, '2005-01-05', 29),
(3917, 'TGC-790B2519', 'REDUCC.BUSHING GALV. DE 1 X 3/4', 10.2, 23.26, 16, '2007-05-07', 29),
(3918, 'TGC-791B2503', 'REDUCC.BUSHING GALV. DE 1 X 1/8', 7.57, 13.62, 16, '2008-04-19', 29),
(3919, 'TGC-800B3219', 'REDUCC.BUSHING GALV. DE 1-1/4 X 3/4', 9.92, 27.37, 16, '2005-01-05', 29),
(3920, 'TGC-815B3225', 'REDUCC.BUSHING GALV. DE 1-1/4 X 1', 8.11, 42.32, 16, '2005-12-05', 29),
(3921, 'TGC-840B3825', 'REDUCC.BUSHING GALV. DE 1-1/2 X 1', 14.24, 39.3, 16, '2005-01-05', 29),
(3922, 'TGC-850B3810', 'REDUCC.BUSHING GALV. DE 1-1/2 X 3/8', 10.4, 18.72, 16, '2008-04-19', 29),
(3923, 'TGC-9052519', 'REDUCC.CAMPANA GALV. DE 1 X 3/4', 7.03, 16.42, 16, '2005-12-05', 29),
(3924, 'TGC-908C3213', 'REDUCC.CAMPANA GALV. DE 1-1/4 X 1/2', 16.06, 39.57, 16, '2005-12-05', 29),
(3925, 'TGC-910C3832', 'REDUCC.CAMPANA GALV. DE 1-1/2 X 1-1/4', 15.83, 41.06, 16, '2005-12-05', 29),
(3926, 'TGC-91512100', 'NIPLE GALVANIZADO C-40 1/2 X 100CMS.', 46.22, 72.22, 16, '2011-04-21', 29),
(3927, 'TGC-9151240', 'NIPLE GALVANIZADO C-40 1/2 X  40CMS.', 17.54, 40.79, 16, '2011-04-21', 29),
(3928, 'TGC-9151250', 'NIPLE GALVANIZADO C-40 1/2 X  50CMS.', 23.15, 36.17, 16, '2011-04-21', 29),
(3929, 'TGC-9151260', 'NIPLE GALVANIZADO C-40 1/2 X  60CMS.', 27.74, 43.34, 16, '2011-04-21', 29),
(3930, 'TGC-9151270', 'NIPLE GALVANIZADO C-40 1/2 X  70CMS.', 32.36, 50.55, 16, '2011-04-21', 29),
(3931, 'TGC-9151280', 'NIPLE GALVANIZADO C-40 1/2 X  80CMS.', 36.97, 57.76, 16, '2011-04-21', 29),
(3932, 'TGC-9151290', 'NIPLE GALVANIZADO C-40 1/2 X  90CMS.', 40.35, 63.05, 16, '2011-04-21', 29),
(3933, 'TGC-CEMFLOWA', 'CEMENTO FLOWGUARD OATEY 1/8 AMARILLO', 50.76, 102.39, 16, '2006-11-06', 29),
(3934, 'TGC-CEMFLOWZ', 'CEMENTO FLOWGUARD OATEY 1/8 AZUL', 68.32, 137.81, 16, '2008-05-14', 29),
(3935, 'TGC-CLG1', 'COPLE LISO 150 LBS. GALV. DE 1', 8.99, 19.16, 16, '2005-01-05', 29),
(3936, 'TGC-CLG112', 'COPLE LISO 150 LBS. GALV. DE 1-1/2', 18.99, 35.96, 16, '2005-01-05', 29),
(3937, 'TGC-CLG114', 'COPLE LISO 150 LBS. GALV. DE 1-1/4', 14.69, 27.82, 16, '2005-01-05', 29),
(3938, 'TGC-CLG12', 'COPLE LISO 150 LBS. GALV. DE 1/2', 4.03, 5.2, 16, '2005-01-05', 29),
(3939, 'TGC-CLG14', 'COPLE LISO 150 LBS. GALV. DE 1/4', 10.19, 19.3, 16, '2007-01-07', 29),
(3940, 'TGC-CLG18', 'COPLE LISO 150 LBS. GALV. DE 1/8', 8.28, 15.69, 16, '2017-07-17', 29),
(3941, 'TGC-CLG2', 'COPLE LISO 150 LBS. GALV. DE 2', 29.35, 55.58, 16, '2005-01-05', 29),
(3942, 'TGC-CLG212', 'COPLE LISO 150 LBS. GALV. DE 2-1/2', 56.02, 106.08, 16, '2005-01-05', 29),
(3943, 'TGC-CLG3', 'COPLE LISO 150 LBS. GALV. DE 3', 84.05, 159.17, 16, '2005-01-05', 29),
(3944, 'TGC-CLG34', 'COPLE LISO 150 LBS. GALV. DE 3/4', 5.34, 8.46, 16, '2005-01-05', 29),
(3945, 'TGC-CLG38', 'COPLE LISO 150 LBS. GALV. DE 3/8', 8.28, 15.69, 16, '2005-01-05', 29),
(3946, 'TGC-CLG4', 'COPLE LISO 150 LBS. GALV. DE 4', 133.41, 252.63, 16, '2005-01-05', 29),
(3947, 'TGC-CNG1', 'CODO NIPLE 150 LBS. GALV. DE 1', 19.22, 33.48, 16, '2005-01-05', 29),
(3948, 'TGC-CNG112', 'CODO NIPLE 150 LBS. GALV. DE 1-1/2', 36.83, 64.16, 16, '2005-01-05', 29),
(3949, 'TGC-CNG114', 'CODO NIPLE 150 LBS. GALV. DE 1-1/4', 26.41, 46, 16, '2005-01-05', 29),
(3950, 'TGC-CNG12', 'CODO NIPLE 150 LBS. GALV. DE 1/2', 14.12, 15.4, 16, '2005-01-05', 29),
(3951, 'TGC-CNG14', 'CODO NIPLE 150 LBS. GALV. DE 1/4', 13.88, 24.19, 16, '2012-03-23', 29),
(3952, 'TGC-CNG18', 'CODO NIPLE 150 LBS. GALV. DE 1/8', 13.88, 24.19, 16, '2017-07-15', 29),
(3953, 'TGC-CNG2', 'CODO NIPLE 150 LBS. GALV. DE 2', 50.68, 88.29, 16, '2005-01-05', 29),
(3954, 'TGC-CNG34', 'CODO NIPLE 150 LBS. GALV. DE 3/4', 12.52, 21.81, 16, '2005-01-05', 29),
(3955, 'TGC-CNG38', 'CODO NIPLE 150 LBS. GALV. DE 3/8', 13.88, 24.19, 16, '2005-01-05', 29),
(3956, 'TGC-COLG002', 'COPLE LISO 150 LBS. GALV. DE 3/8', 4.59, 11.64, 16, '2005-01-05', 29),
(3957, 'TGC-COLG008', 'COPLE LISO 150 LBS. GALV. DE 2', 15.33, 43.13, 16, '2005-01-05', 29),
(3958, 'TGC-COLG009', 'COPLE LISO 150 LBS. GALV. DE 2-1/2', 30.5, 82.01, 16, '2005-01-05', 29),
(3959, 'TGC-COLG010', 'COPLE LISO 150 LBS. GALV. DE 3', 46.88, 126.65, 16, '2005-01-05', 29),
(3960, 'TGC-COLG012', 'COPLE LISO 150 LBS. GALV. DE 4', 70.47, 190.31, 16, '2005-01-05', 29),
(3961, 'TGC-CONR008', 'CODO NIPLE 150 LBS. GALV. DE 2', 30.54, 82.14, 16, '2005-01-05', 29),
(3962, 'TGC-CORG001', 'COPLE LISO 150 LBS. GALV. DE 1/4', 4.7, 15.06, 16, '2007-01-07', 29),
(3963, 'TGC-CR112', 'CODO REDUCCION GALV. 1 X 1/2', 8.19, 22.04, 16, '2012-03-27', 29),
(3964, 'TGC-CR3412', 'CODO REDUCCION GALV. 3/4 X 1/2', 3.73, 10.27, 16, '2012-03-27', 29),
(3965, 'TGC-CR45002', 'CODO 45 REFORZADO GALV. DE 1/4', 4.31, 11.64, 16, '2007-10-08', 29),
(3966, 'TGC-CR45008', 'CODO 45 REFORZADO GALV. DE 2', 21.64, 69.69, 16, '2005-01-05', 29),
(3967, 'TGC-CR45009', 'CODO 45 REFORZADO GALV. DE 2-1/2', 50.6, 136.23, 16, '2005-01-05', 29),
(3968, 'TGC-CR45010', 'CODO 45 REFORZADO GALV. DE 3', 86, 231.39, 16, '2005-01-05', 29),
(3969, 'TGC-CR45012', 'CODO 45 REFORZADO GALV. DE 4', 142.26, 382.68, 16, '2005-01-05', 29),
(3970, 'TGC-CR90000', 'CODO 90 REFORZADO GALV. DE 1/8', 7.76, 20.95, 16, '2005-01-05', 29),
(3971, 'TGC-CR90001', 'CODO 90 REFORZADO GALV. DE 1/4', 4.93, 13.28, 16, '2005-01-05', 29),
(3972, 'TGC-CR90008', 'CODO 90 REFORZADO GALV. DE 2', 20.36, 68.87, 16, '2005-01-05', 29),
(3973, 'TGC-CR90009', 'CODO 90 REFORZADO GALV. DE 2-1/2', 48.51, 130.48, 16, '2005-01-05', 29),
(3974, 'TGC-CR90010', 'CODO 90 REFORZADO GALV. DE 3', 80.17, 217.7, 16, '2005-01-05', 29),
(3975, 'TGC-CR90012', 'CODO 90 REFORZADO GALV. DE 4', 143.58, 390.21, 16, '2005-01-05', 29),
(3976, 'TGC-CREG112', 'CODO REDUCCION GALV. 1 X 1/2', 15.24, 24.81, 16, '2012-03-27', 29),
(3977, 'TGC-CREG3412', 'CODO REDUCCION GALV. 3/4 X 1/2', 9.34, 15.21, 16, '2012-03-27', 29),
(3978, 'TGC-CRG451', 'CODO 45 REFORZADO GALV. DE 1', 13.03, 19.79, 16, '2005-01-05', 29),
(3979, 'TGC-CRG45112', 'CODO 45 REFORZADO GALV. DE 1-1/2', 30.42, 48.19, 16, '2005-01-05', 29),
(3980, 'TGC-CRG45114', 'CODO 45 REFORZADO GALV. DE 1-1/4', 24.27, 38.45, 16, '2005-01-05', 29),
(3981, 'TGC-CRG4512', 'CODO 45 REFORZADO GALV. DE 1/2', 7.27, 10.11, 16, '2005-01-05', 29),
(3982, 'TGC-CRG4514', 'CODO 45 REFORZADO GALV. DE 1/4', 10.93, 17.32, 16, '2007-10-08', 29),
(3983, 'TGC-CRG4518', 'CODO 45 REFORZADO GALV. DE 1/8', 10.93, 17.32, 16, '2017-07-17', 29),
(3984, 'TGC-CRG452', 'CODO 45 REFORZADO GALV. DE 2', 46.67, 73.92, 16, '2005-01-05', 29),
(3985, 'TGC-CRG45212', 'CODO 45 REFORZADO GALV. DE 2-1/2', 93.37, 147.91, 16, '2005-01-05', 29),
(3986, 'TGC-CRG453', 'CODO 45 REFORZADO GALV. DE 3', 156.06, 247.21, 16, '2005-01-05', 29),
(3987, 'TGC-CRG4534', 'CODO 45 REFORZADO GALV. DE 3/4', 10.02, 15.22, 16, '2005-01-05', 29),
(3988, 'TGC-CRG4538', 'CODO 45 REFORZADO GALV. DE 3/8', 10.93, 17.32, 16, '2005-01-05', 29),
(3989, 'TGC-CRG454', 'CODO 45 REFORZADO GALV. DE 4', 259.31, 410.77, 16, '2005-01-05', 29),
(3990, 'TGC-CRG901', 'CODO 90 REFORZADO GALV. DE 1', 11.51, 21.29, 16, '2005-01-05', 29),
(3991, 'TGC-CRG90112', 'CODO 90 REFORZADO GALV. DE 1-1/2', 26.43, 52.07, 16, '2005-01-05', 29),
(3992, 'TGC-CRG90114', 'CODO 90 REFORZADO GALV. DE 1-1/4', 21.55, 42.45, 16, '2005-01-05', 29),
(3993, 'TGC-CRG9012', 'CODO 90 REFORZADO GALV. DE 1/2', 4.62, 6, 16, '2005-01-05', 29),
(3994, 'TGC-CRG9014', 'CODO 90 REFORZADO GALV. DE 1/4', 10.67, 20.22, 16, '2005-01-05', 29),
(3995, 'TGC-CRG9018', 'CODO 90 REFORZADO GALV. DE 1/8', 9.61, 18.94, 16, '2005-01-05', 29),
(3996, 'TGC-CRG902', 'CODO 90 REFORZADO GALV. DE 2', 38.45, 75.73, 16, '2005-01-05', 29),
(3997, 'TGC-CRG90212', 'CODO 90 REFORZADO GALV. DE 2-1/2', 81.68, 160.89, 16, '2005-01-05', 29),
(3998, 'TGC-CRG903', 'CODO 90 REFORZADO GALV. DE 3', 136.96, 269.76, 16, '2005-01-05', 29),
(3999, 'TGC-CRG9034', 'CODO 90 REFORZADO GALV. DE 3/4', 6.67, 12.35, 16, '2005-01-05', 29),
(4000, 'TGC-CRG9038', 'CODO 90 REFORZADO GALV. DE 3/8', 8.54, 15.22, 16, '2005-01-05', 29),
(4001, 'TGC-CRG904', 'CODO 90 REFORZADO GALV. DE 4', 245.08, 482.72, 16, '2005-01-05', 29),
(4002, 'TGC-CRRG1', 'CRUZ REFORZADA 150 LBS. GALV. DE 1', 37.11, 70.28, 16, '2005-01-05', 29),
(4003, 'TGC-CRRG114', 'CRUZ REFORZADA 150 LBS. GALV. DE 1-1/4', 69.36, 131.34, 16, '2005-01-05', 29),
(4004, 'TGC-CRRG12', 'CRUZ REFORZADA 150 LBS. GALV. DE 1/2', 18.16, 34.39, 16, '2005-01-05', 29),
(4005, 'TGC-CRRG34', 'CRUZ REFORZADA 150 LBS. GALV. DE 3/4', 32.01, 60.62, 16, '2005-01-05', 29),
(4006, 'TGC-NBAG1', 'NIPLE BOTELLA ACERO GALV. DE 1', 10.1, 16, 16, '2012-11-01', 29),
(4007, 'TGC-NBAG112', 'NIPLE BOTELLA ACERO GALV. DE 1-1/2', 17.98, 28.48, 16, '2013-05-08', 29),
(4008, 'TGC-NBAG114', 'NIPLE BOTELLA ACERO GALV. 1 1/4', 14.59, 23.11, 16, '2016-11-07', 29),
(4009, 'TGC-NBAG12', 'NIPLE BOTELLA ACERO GALV. DE 1/2', 5.55, 11.83, 16, '2012-11-01', 29),
(4010, 'TGC-NBAG2', 'NIPLE BOTELLA ACERO GALV. DE 2', 26.94, 42.68, 16, '2013-11-19', 29),
(4011, 'TGC-NBAG3', 'NIPLE BOTELLA ACERO GALV. DE 3', 85.36, 135.21, 16, '2013-05-08', 29),
(4012, 'TGC-NBAG34', 'NIPLE BOTELLA ACERO GALV. DE 3/4', 6.28, 13.38, 16, '2012-11-01', 29),
(4013, 'TGC-NBAG4', 'NIPLE BOTELLA ACERO GALV. DE 4', 134.79, 213.52, 16, '2013-05-08', 29),
(4014, 'TGC-NCT1', 'NIPLE CON TUERCA GALV. DE 1', 4.81, 13.01, 16, '2011-08-02', 29),
(4015, 'TGC-NCT112', 'NIPLE CON TUERCA GALV. DE 1-1/2', 9.78, 26.7, 16, '2011-08-02', 29),
(4016, 'TGC-NCT12', 'NIPLE CON TUERCA GALV. DE 1/2', 2.56, 6.83, 16, '2011-08-02', 29),
(4017, 'TGC-NCT14', 'NIPLE CON TUERCA GALV. DE 1/4', 3.34, 9.04, 16, '2011-08-02', 29),
(4018, 'TGC-NCT38', 'NIPLE CON TUERCA GALV. DE 3/8', 3.34, 9.04, 16, '2011-08-02', 29),
(4019, 'TGC-NCTG1', 'NIPLE CON TUERCA GALV. DE 1', 10.93, 20.7, 16, '2011-08-02', 29),
(4020, 'TGC-NCTG112', 'NIPLE CON TUERCA GALV. DE 1-1/2', 21.35, 40.44, 16, '2011-08-02', 29),
(4021, 'TGC-NCTG12', 'NIPLE CON TUERCA GALV. DE 1/2', 5.74, 10.87, 16, '2011-08-02', 29),
(4022, 'TGC-NCTG14', 'NIPLE CON TUERCA GALV. DE 1/4', 6.15, 11.64, 16, '2011-08-02', 29),
(4023, 'TGC-NCTG38', 'NIPLE CON TUERCA GALV. DE 3/8', 6.15, 11.64, 16, '2011-08-02', 29),
(4024, 'TGC-NG112X10', 'NIPLE GALV. DE 1-1/2 X 10', 38.19, 97.6, 16, '2005-01-05', 29),
(4025, 'TGC-NG112X11', 'NIPLE GALV. DE 1-1/2 X 11', 38.19, 97.6, 16, '2005-01-05', 29),
(4026, 'TGC-NG112X12', 'NIPLE GALV. DE 1-1/2 X 12', 43.63, 111.48, 16, '2005-01-05', 29),
(4027, 'TGC-NG112X2', 'NIPLE GALV. DE 1-1/2 X 2', 10.02, 25.61, 16, '2005-01-05', 29),
(4028, 'TGC-NG112X21', 'NIPLE GALV. DE 1-1/2 X 2-1/2', 11.69, 29.87, 16, '2005-01-05', 29),
(4029, 'TGC-NG112X3', 'NIPLE GALV. DE 1-1/2 X 3', 15.41, 39.38, 16, '2005-01-05', 29),
(4030, 'TGC-NG112X31', 'NIPLE GALV. DE 1-1/2 X 3-1/2', 14.81, 37.85, 16, '2005-01-05', 29),
(4031, 'TGC-NG112X4', 'NIPLE GALV. DE 1-1/2 X 4', 17.69, 45.22, 16, '2005-01-05', 29),
(4032, 'TGC-NG112X41', 'NIPLE GALV. DE 1-1/2 X 4-1/2', 17.89, 45.72, 16, '2005-01-05', 29),
(4033, 'TGC-NG112X5', 'NIPLE GALV. DE 1-1/2 X 5', 21.36, 54.58, 16, '2005-01-05', 29),
(4034, 'TGC-NG112X51', 'NIPLE GALV. DE 1-1/2 X 5-1/2', 20.1, 51.37, 16, '2005-01-05', 29),
(4035, 'TGC-NG112X6', 'NIPLE GALV. DE 1-1/2 X 6', 20.22, 51.68, 16, '2005-01-05', 29),
(4036, 'TGC-NG112X7', 'NIPLE GALV. DE 1-1/2 X 7', 20.22, 51.68, 16, '2005-01-05', 29),
(4037, 'TGC-NG112X8', 'NIPLE GALV. DE 1-1/2 X 8', 32.96, 84.23, 16, '2005-01-05', 29),
(4038, 'TGC-NG112X9', 'NIPLE GALV. DE 1-1/2 X 9', 32.96, 84.23, 16, '2005-01-05', 29),
(4039, 'TGC-NG112XRC', 'NIPLE GALV. DE 1-1/2 X R.C.', 9.32, 23.83, 16, '2005-01-05', 29),
(4040, 'TGC-NG114X10', 'NIPLE GALV. DE 1-1/4 X 10', 32.47, 82.99, 16, '2005-01-05', 29),
(4041, 'TGC-NG114X11', 'NIPLE GALV. DE 1-1/4 X 11', 32.47, 82.99, 16, '2005-01-05', 29),
(4042, 'TGC-NG114X12', 'NIPLE GALV. DE 1-1/4 X 12', 38.97, 99.58, 16, '2005-01-05', 29),
(4043, 'TGC-NG114X2', 'NIPLE GALV. DE 1-1/4 X 2', 8.61, 22, 16, '2005-01-05', 29),
(4044, 'TGC-NG114X21', 'NIPLE GALV. DE 1-1/4 X 2-1/2', 9.88, 25.24, 16, '2005-01-05', 29),
(4045, 'TGC-NG114X3', 'NIPLE GALV. DE 1-1/4 X 3', 9.88, 25.24, 16, '2007-04-07', 29),
(4046, 'TGC-NG114X31', 'NIPLE GALV. DE 1-1/4 X 3-1/2', 11.69, 29.87, 16, '2005-01-05', 29),
(4047, 'TGC-NG114X4', 'NIPLE GALV. DE 1-1/4 X 4', 13.96, 35.68, 16, '2005-01-05', 29),
(4048, 'TGC-NG114X41', 'NIPLE GALV. DE 1-1/4 X 4-1/2', 14.48, 37.01, 16, '2009-12-06', 29),
(4049, 'TGC-NG114X5', 'NIPLE GALV. DE 1-1/4 X 5', 14.56, 37.2, 16, '2005-01-05', 29),
(4050, 'TGC-NG114X51', 'NIPLE GALV. DE 1-1/4 X 5-1/2', 16.81, 42.96, 16, '2005-01-05', 29),
(4051, 'TGC-NG114X6', 'NIPLE GALV. DE 1-1/4 X 6', 16.91, 43.21, 16, '2005-01-05', 29),
(4052, 'TGC-NG114X7', 'NIPLE GALV. DE 1-1/4 X 7', 16.91, 43.21, 16, '2009-12-06', 29),
(4053, 'TGC-NG114X8', 'NIPLE GALV. DE 1-1/4 X 8', 32.22, 82.34, 16, '2005-01-05', 29),
(4054, 'TGC-NG114X9', 'NIPLE GALV. DE 1-1/4 X 9', 27.14, 69.36, 16, '2005-01-05', 29),
(4055, 'TGC-NG114XRC', 'NIPLE GALV. DE 1-1/4 X R.C.', 7.94, 20.31, 16, '2005-01-05', 29),
(4056, 'TGC-NG12X10', 'NIPLE GALV. DE 1/2 X 10', 19.81, 45.48, 16, '2005-01-05', 29),
(4057, 'TGC-NG12X11', 'NIPLE GALV. DE 1/2 X 11', 21.43, 54.78, 16, '2005-01-05', 29),
(4058, 'TGC-NG12X112', 'NIPLE GALV. DE 1/2 X 1-1/2', 3.23, 4.1, 16, '2005-01-05', 29),
(4059, 'TGC-NG12X12', 'NIPLE GALV. DE 1/2 X 12', 22.51, 48.4, 16, '2005-01-05', 29),
(4060, 'TGC-NG12X2', 'NIPLE GALV. DE 1/2 X 2', 3.72, 4.7, 16, '2005-01-05', 29),
(4061, 'TGC-NG12X212', 'NIPLE GALV. DE 1/2 X 2-1/2', 4.37, 5.5, 16, '2005-01-05', 29),
(4062, 'TGC-NG12X3', 'NIPLE GALV. DE 1/2 X 3', 5.39, 6.8, 16, '2005-01-05', 29),
(4063, 'TGC-NG12X312', 'NIPLE GALV. DE 1/2 X 3-1/2', 6.64, 16.98, 16, '2005-01-05', 29),
(4064, 'TGC-NG12X4', 'NIPLE GALV. DE 1/2 X 4', 6.42, 8.1, 16, '2005-01-05', 29),
(4065, 'TGC-NG12X412', 'NIPLE GALV. DE 1/2 X 4-1/2', 7.6, 19.43, 16, '2005-01-05', 29),
(4066, 'TGC-NG12X5', 'NIPLE GALV. DE 1/2 X 5', 7.79, 9.8, 16, '2005-01-05', 29),
(4067, 'TGC-NG12X512', 'NIPLE GALV. DE 1/2 X 5-1/2', 7.22, 18.44, 16, '2005-01-05', 29),
(4068, 'TGC-NG12X6', 'NIPLE GALV. DE 1/2 X 6', 8.6, 10.9, 16, '2005-01-05', 29),
(4069, 'TGC-NG12X7', 'NIPLE GALV. DE 1/2 X 7', 15.83, 20, 16, '2005-01-05', 29),
(4070, 'TGC-NG12X8', 'NIPLE GALV. DE 1/2 X 8', 16.63, 35.75, 16, '2005-01-05', 29),
(4071, 'TGC-NG12X9', 'NIPLE GALV. DE 1/2 X 9', 18.87, 48.23, 16, '2005-01-05', 29),
(4072, 'TGC-NG12XRC', 'NIPLE GALV. DE 1/2 X R.C.', 3.23, 4.1, 16, '2005-01-05', 29),
(4073, 'TGC-NG14X10', 'NIPLE GALV. DE 1/4 X 10', 26.62, 68.04, 16, '2018-05-08', 29),
(4074, 'TGC-NG14X11', 'NIPLE GALV. DE 1/4 X 11', 14.25, 36.41, 16, '2015-10-09', 29),
(4075, 'TGC-NG14X112', 'NIPLE GALV. DE 1/4 X 1-1/2', 7.29, 18.64, 16, '2005-01-05', 29),
(4076, 'TGC-NG14X2', 'NIPLE GALV. DE 1/4 X 2', 7.29, 18.21, 16, '2005-01-05', 29),
(4077, 'TGC-NG14X212', 'NIPLE GALV. DE 1/4 X 2-1/2', 4.84, 12.38, 16, '2005-01-05', 29),
(4078, 'TGC-NG14X3', 'NIPLE GALV. DE 1/4 X 3', 7.67, 19.6, 16, '2005-01-05', 29),
(4079, 'TGC-NG14X312', 'NIPLE GALV. DE 1/4 X 3-1/2', 5.23, 13.37, 16, '2005-01-05', 29),
(4080, 'TGC-NG14X4', 'NIPLE GALV. DE 1/4 X 4', 5.71, 14.61, 16, '2005-01-05', 29),
(4081, 'TGC-NG14X412', 'NIPLE GALV. DE 1/4 X 4-1/2', 5.71, 14.61, 16, '2005-01-05', 29),
(4082, 'TGC-NG14X5', 'NIPLE GALV. DE 1/4 X 5', 7.75, 19.8, 16, '2005-01-05', 29),
(4083, 'TGC-NG14X512', 'NIPLE GALV. DE 1/4 X 5-1/2', 7.75, 19.8, 16, '2005-01-05', 29),
(4084, 'TGC-NG14X6', 'NIPLE GALV. DE 1/4 X 6', 8.53, 21.8, 16, '2005-01-05', 29),
(4085, 'TGC-NG14XRC', 'NIPLE GALV. DE 1/4 X R.C.', 6.28, 17.49, 16, '2005-01-05', 29),
(4086, 'TGC-NG18X112', 'NIPLE GALV. DE 1/8 X 1-1/2', 4.26, 10.88, 16, '2005-01-05', 29),
(4087, 'TGC-NG18X2', 'NIPLE GALV. DE 1/8 X 2', 4.26, 10.88, 16, '2005-01-05', 29),
(4088, 'TGC-NG18X212', 'NIPLE GALV. DE 1/8 X 2-1/2', 4.26, 10.88, 16, '2005-01-05', 29),
(4089, 'TGC-NG18X3', 'NIPLE GALV. DE 1/8 X 3', 4.73, 12.1, 16, '2005-01-05', 29),
(4090, 'TGC-NG18X312', 'NIPLE GALV. DE 1/8 X 3-1/2', 4.73, 12.1, 16, '2005-01-05', 29),
(4091, 'TGC-NG18X4', 'NIPLE GALV. DE 1/8 X 4', 6.29, 16.07, 16, '2005-01-05', 29),
(4092, 'TGC-NG18X5', 'NIPLE GALV. DE 1/8 X 5', 6.29, 16.07, 16, '2005-01-05', 29),
(4093, 'TGC-NG18X512', 'NIPLE GALV. DE 1/8 X 5-1/2', 6.29, 16.07, 16, '2005-01-05', 29),
(4094, 'TGC-NG18X6', 'NIPLE GALV. DE 1/8 X 6', 6.29, 16.07, 16, '2005-01-05', 29),
(4095, 'TGC-NG18XRC', 'NIPLE GALV. DE 1/8 X R.C.', 2.91, 7.44, 16, '2005-01-05', 29),
(4096, 'TGC-NG1X10', 'NIPLE GALV. DE 1 X 10', 22.3, 28.2, 16, '2005-01-05', 29),
(4097, 'TGC-NG1X11', 'NIPLE GALV. DE 1 X 11', 22.3, 56.98, 16, '2005-01-05', 29),
(4098, 'TGC-NG1X112', 'NIPLE GALV. DE 1 X 1-1/2', 6.46, 17.04, 16, '2017-11-03', 29),
(4099, 'TGC-NG1X12', 'NIPLE GALV. DE 1 X 12', 25.2, 31.9, 16, '2005-01-05', 29),
(4100, 'TGC-NG1X2', 'NIPLE GALV. DE 1 X 2', 7.94, 20.93, 16, '2005-01-05', 29),
(4101, 'TGC-NG1X212', 'NIPLE GALV. DE 1 X 2-1/2', 9.22, 23.58, 16, '2005-01-05', 29),
(4102, 'TGC-NG1X3', 'NIPLE GALV. DE 1 X 3', 9.27, 23.69, 16, '2005-01-05', 29),
(4103, 'TGC-NG1X312', 'NIPLE GALV. DE 1 X 3-1/2', 9.38, 10, 16, '2005-01-05', 29),
(4104, 'TGC-NG1X4', 'NIPLE GALV. DE 1 X 4', 11.24, 28.07, 16, '2005-01-05', 29),
(4105, 'TGC-NG1X412', 'NIPLE GALV. DE 1 X 4-1/2', 9.78, 24.99, 16, '2005-01-05', 29),
(4106, 'TGC-NG1X5', 'NIPLE GALV. DE 1 X 5', 13.81, 17.5, 16, '2005-01-05', 29),
(4107, 'TGC-NG1X512', 'NIPLE GALV. DE 1 X 5-1/2', 11.09, 28.35, 16, '2005-01-05', 29),
(4108, 'TGC-NG1X6', 'NIPLE GALV. DE 1 X 6', 12.4, 31.7, 16, '2005-01-05', 29),
(4109, 'TGC-NG1X7', 'NIPLE GALV. DE 1 X 7', 12.4, 31.7, 16, '2005-01-05', 29),
(4110, 'TGC-NG1X8', 'NIPLE GALV. DE 1 X 8', 19.19, 49.05, 16, '2005-01-05', 29),
(4111, 'TGC-NG1X9', 'NIPLE GALV. DE 1 X 9', 19.19, 49.05, 16, '2005-01-05', 29),
(4112, 'TGC-NG1XRC', 'NIPLE GALV. DE 1 X R.C.', 7.07, 17.65, 16, '2005-01-05', 29),
(4113, 'TGC-NG212X10', 'NIPLE GALV. DE 2-1/2 X 10', 98.89, 252.7, 16, '2005-01-05', 29),
(4114, 'TGC-NG212X11', 'NIPLE GALV. DE 2-1/2 X 11', 98.89, 252.7, 16, '2005-01-05', 29),
(4115, 'TGC-NG212X12', 'NIPLE GALV. DE 2-1/2 X 12', 102.8, 262.69, 16, '2005-01-05', 29),
(4116, 'TGC-NG212X3', 'NIPLE GALV. DE 2-1/2 X 3', 42.65, 109, 16, '2005-01-05', 29),
(4117, 'TGC-NG212X31', 'NIPLE GALV. DE 2-1/2 X 3-1/2', 42.65, 109, 16, '2005-01-05', 29),
(4118, 'TGC-NG212X4', 'NIPLE GALV. DE 2-1/2 X 4', 49.86, 127.42, 16, '2005-01-05', 29),
(4119, 'TGC-NG212X41', 'NIPLE GALV. DE 2-1/2 X 4-1/2', 49.86, 127.42, 16, '2005-01-05', 29),
(4120, 'TGC-NG212X5', 'NIPLE GALV. DE 2-1/2 X 5', 49.86, 127.42, 16, '2005-01-05', 29),
(4121, 'TGC-NG212X51', 'NIPLE GALV. DE 2-1/2 X 5-1/2', 49.86, 127.42, 16, '2005-01-05', 29),
(4122, 'TGC-NG212X6', 'NIPLE GALV. DE 2-1/2 X 6', 60.11, 153.6, 16, '2005-01-05', 29),
(4123, 'TGC-NG212X7', 'NIPLE GALV. DE 2-1/2 X 7', 60.11, 153.6, 16, '2008-04-21', 29),
(4124, 'TGC-NG212X8', 'NIPLE GALV. DE 2-1/2 X 8', 81.45, 208.13, 16, '2005-01-05', 29),
(4125, 'TGC-NG212X9', 'NIPLE GALV. DE 2-1/2 X 9', 81.45, 208.13, 16, '2005-01-05', 29),
(4126, 'TGC-NG212XRC', 'NIPLE GALV. DE 2-1/2 X R.C.', 38.81, 99.18, 16, '2005-01-05', 29),
(4127, 'TGC-NG2X10', 'NIPLE GALV. DE 2 X 10', 55.43, 141.64, 16, '2005-01-05', 29),
(4128, 'TGC-NG2X11', 'NIPLE GALV. DE 2 X 11', 63.98, 163.5, 16, '2005-01-05', 29),
(4129, 'TGC-NG2X12', 'NIPLE GALV. DE 2 X 12', 63.98, 163.5, 16, '2005-01-05', 29),
(4130, 'TGC-NG2X212', 'NIPLE GALV. DE 2 X 2-1/2', 15.53, 39.69, 16, '2005-01-05', 29),
(4131, 'TGC-NG2X3', 'NIPLE GALV. DE 2 X 3', 15.73, 40.19, 16, '2005-01-05', 29),
(4132, 'TGC-NG2X312', 'NIPLE GALV. DE 2 X 3-1/2', 18.84, 48.15, 16, '2005-01-05', 29),
(4133, 'TGC-NG2X4', 'NIPLE GALV. DE 2 X 4', 19.38, 49.53, 16, '2005-01-05', 29),
(4134, 'TGC-NG2X412', 'NIPLE GALV. DE 2 X 4-1/2', 24.04, 61.44, 16, '2007-04-07', 29),
(4135, 'TGC-NG2X5', 'NIPLE GALV. DE 2 X 5', 25.2, 64.4, 16, '2005-01-05', 29),
(4136, 'TGC-NG2X512', 'NIPLE GALV. DE 2 X 5-1/2', 27.92, 71.34, 16, '2005-01-05', 29),
(4137, 'TGC-NG2X6', 'NIPLE GALV. DE 2 X 6', 28.7, 73.34, 16, '2005-01-05', 29),
(4138, 'TGC-NG2X7', 'NIPLE GALV. DE 2 X 7', 28.7, 73.34, 16, '2005-01-05', 29),
(4139, 'TGC-NG2X8', 'NIPLE GALV. DE 2 X 8', 47.7, 121.89, 16, '2005-01-05', 29),
(4140, 'TGC-NG2X9', 'NIPLE GALV. DE 2 X 9', 47.7, 121.89, 16, '2005-01-05', 29),
(4141, 'TGC-NG2XRC', 'NIPLE GALV. DE 2 X R.C.', 13.09, 33.45, 16, '2005-01-05', 29),
(4142, 'TGC-NG34X10', 'NIPLE GALV. DE 3/4 X 10', 22.62, 57.8, 16, '2005-01-05', 29),
(4143, 'TGC-NG34X11', 'NIPLE GALV. DE 3/4 X 11', 24.11, 61.61, 16, '2005-01-05', 29),
(4144, 'TGC-NG34X112', 'NIPLE GALV. DE 3/4 X 1-1/2', 2.92, 3.7, 16, '2005-01-05', 29),
(4145, 'TGC-NG34X12', 'NIPLE GALV. DE 3/4 X 12', 24.05, 61.46, 16, '2005-01-05', 29),
(4146, 'TGC-NG34X2', 'NIPLE GALV. DE 3/4 X 2', 3.89, 4.9, 16, '2005-01-05', 29),
(4147, 'TGC-NG34X212', 'NIPLE GALV. DE 3/4 X 2-1/2', 5.74, 12.34, 16, '2005-01-05', 29),
(4148, 'TGC-NG34X3', 'NIPLE GALV. DE 3/4 X 3', 6.35, 11.91, 16, '2005-01-05', 29),
(4149, 'TGC-NG34X312', 'NIPLE GALV. DE 3/4 X 3-1/2', 5.58, 14.27, 16, '2005-01-05', 29),
(4150, 'TGC-NG34X4', 'NIPLE GALV. DE 3/4 X 4', 8.22, 16.77, 16, '2007-10-08', 29),
(4151, 'TGC-NG34X412', 'NIPLE GALV. DE 3/4 X 4-1/2', 6.71, 17.15, 16, '2005-01-05', 29),
(4152, 'TGC-NG34X5', 'NIPLE GALV. DE 3/4 X 5', 8.31, 16.95, 16, '2005-01-05', 29),
(4153, 'TGC-NG34X512', 'NIPLE GALV. DE 3/4 X 5-1/2', 8.39, 21.43, 16, '2005-01-05', 29),
(4154, 'TGC-NG34X6', 'NIPLE GALV. DE 3/4 X 6', 11.91, 22.93, 16, '2005-01-05', 29),
(4155, 'TGC-NG34X7', 'NIPLE GALV. DE 3/4 X 7', 14.53, 37.15, 16, '2005-01-05', 29),
(4156, 'TGC-NG34X8', 'NIPLE GALV. DE 3/4 X 8', 14.53, 37.15, 16, '2005-01-05', 29),
(4157, 'TGC-NG34X9', 'NIPLE GALV. DE 3/4 X 9', 21.55, 55.06, 16, '2005-01-05', 29),
(4158, 'TGC-NG34XRC', 'NIPLE GALV. DE 3/4 X R.C.', 3.93, 4.9, 16, '2005-01-05', 29),
(4159, 'TGC-NG38X112', 'NIPLE GALV. DE 3/8 X 1-1/2', 5.23, 13.37, 16, '2005-01-05', 29),
(4160, 'TGC-NG38X12', 'NIPLE GALV. DE 3/8 X 12', 23.07, 58.95, 16, '2017-11-03', 29),
(4161, 'TGC-NG38X2', 'NIPLE GALV. DE 3/8 X 2', 5.23, 13.92, 16, '2005-01-05', 29),
(4162, 'TGC-NG38X212', 'NIPLE GALV. DE 3/8 X 2-1/2', 5.23, 13.37, 16, '2005-01-05', 29),
(4163, 'TGC-NG38X3', 'NIPLE GALV. DE 3/8 X 3', 5.81, 14.86, 16, '2005-01-05', 29),
(4164, 'TGC-NG38X312', 'NIPLE GALV. DE 3/8 X 3-1/2', 5.81, 14.86, 16, '2005-01-05', 29),
(4165, 'TGC-NG38X4', 'NIPLE GALV. DE 3/8 X 4', 6.21, 15.88, 16, '2005-01-05', 29),
(4166, 'TGC-NG38X412', 'NIPLE GALV. DE 3/8 X 4-1/2', 6.21, 15.88, 16, '2005-01-05', 29),
(4167, 'TGC-NG38X5', 'NIPLE GALV. DE 3/8 X 5', 8.53, 21.8, 16, '2005-01-05', 29),
(4168, 'TGC-NG38X512', 'NIPLE GALV. DE 3/8 X 5-1/2', 8.53, 21.8, 16, '2005-01-05', 29),
(4169, 'TGC-NG38X6', 'NIPLE GALV. DE 3/8 X 6', 9.5, 24.28, 16, '2005-01-05', 29),
(4170, 'TGC-NG38XRC', 'NIPLE GALV. DE 3/8 X R.C.', 4.65, 11.62, 16, '2005-01-05', 29),
(4171, 'TGC-NG3X10', 'NIPLE GALV. DE 3 X 10', 130.5, 333.47, 16, '2005-01-05', 29),
(4172, 'TGC-NG3X11', 'NIPLE GALV. DE 3 X 11', 130.5, 333.47, 16, '2005-01-05', 29),
(4173, 'TGC-NG3X12', 'NIPLE GALV. DE 3 X 12', 145.44, 371.63, 16, '2005-01-05', 29),
(4174, 'TGC-NG3X3', 'NIPLE GALV. DE 3 X 3', 52.35, 133.77, 16, '2005-01-05', 29),
(4175, 'TGC-NG3X312', 'NIPLE GALV. DE 3 X 3-1/2', 52.35, 133.77, 16, '2005-01-05', 29),
(4176, 'TGC-NG3X4', 'NIPLE GALV. DE 3 X 4', 62.05, 158.56, 16, '2005-01-05', 29),
(4177, 'TGC-NG3X412', 'NIPLE GALV. DE 3 X 4-1/2', 62.05, 119.5, 16, '2005-01-05', 29),
(4178, 'TGC-NG3X5', 'NIPLE GALV. DE 3 X 5', 71.76, 183.36, 16, '2005-01-05', 29),
(4179, 'TGC-NG3X512', 'NIPLE GALV. DE 3 X 5-1/2', 71.76, 183.36, 16, '2005-01-05', 29),
(4180, 'TGC-NG3X6', 'NIPLE GALV. DE 3 X 6', 75.62, 193.23, 16, '2005-01-05', 29),
(4181, 'TGC-NG3X7', 'NIPLE GALV. DE 3 X 7', 75.62, 193.23, 16, '2005-01-05', 29),
(4182, 'TGC-NG3X8', 'NIPLE GALV. DE 3 X 8', 108.58, 277.47, 16, '2005-01-05', 29),
(4183, 'TGC-NG3X9', 'NIPLE GALV. DE 3 X 9', 108.58, 277.47, 16, '2005-01-05', 29),
(4184, 'TGC-NG3XRC', 'NIPLE GALV. DE 3 X R.C.', 46.53, 118.9, 16, '2005-01-05', 29),
(4185, 'TGC-NG4X10', 'NIPLE GALV. DE 4 X 10', 157.06, 401.34, 16, '2015-10-26', 29),
(4186, 'TGC-NG4X11', 'NIPLE GALV. DE 4 X 11', 157.06, 401.34, 16, '2015-10-26', 29),
(4187, 'TGC-NG4X12', 'NIPLE GALV. DE 4 X 12', 180.34, 460.83, 16, '2005-01-05', 29),
(4188, 'TGC-NG4X4', 'NIPLE GALV. DE 4 X 4', 83.37, 213.04, 16, '2005-01-05', 29),
(4189, 'TGC-NG4X412', 'NIPLE GALV. DE 4 X 4-1/2', 83.37, 213.04, 16, '2005-01-05', 29),
(4190, 'TGC-NG4X5', 'NIPLE GALV. DE 4 X 5', 93.07, 237.83, 16, '2005-01-05', 29),
(4191, 'TGC-NG4X512', 'NIPLE GALV. DE 4 X 5 1/2', 93.07, 237.83, 16, '2009-12-06', 29),
(4192, 'TGC-NG4X6', 'NIPLE GALV. DE 4 X 6', 108.58, 277.47, 16, '2005-01-05', 29),
(4193, 'TGC-NG4X7', 'NIPLE GALV. DE 4 X 7', 108.58, 277.47, 16, '2005-01-05', 29),
(4194, 'TGC-NG4X8', 'NIPLE GALV. DE 4 X 8', 135.73, 346.84, 16, '2015-10-26', 29),
(4195, 'TGC-NG4X9', 'NIPLE GALV. DE 4 X 9', 135.73, 346.84, 16, '2005-01-05', 29),
(4196, 'TGC-NG4XRC', 'NIPLE GALV. DE 4 X R.C.', 69.8, 178.37, 16, '2005-01-05', 29),
(4197, 'TGC-NGC40040', 'NIPLE GALVANIZADO C-40 1/2 X  40CMS.', 18.96, 29.7, 16, '2011-04-21', 29),
(4198, 'TGC-NGC40050', 'NIPLE GALVANIZADO C-40 1/2 X  50CMS.', 22.95, 35.95, 16, '2011-04-21', 29),
(4199, 'TGC-NGC40060', 'NIPLE GALVANIZADO C-40 1/2 X  60CMS.', 26.46, 41.46, 16, '2011-04-21', 29),
(4200, 'TGC-NGC40070', 'NIPLE GALVANIZADO C-40 1/2 X  70CMS.', 30.93, 48.47, 16, '2011-04-21', 29),
(4201, 'TGC-NGC40080', 'NIPLE GALVANIZADO C-40 1/2 X  80CMS.', 34.24, 53.65, 16, '2011-04-21', 29),
(4202, 'TGC-NGC40090', 'NIPLE GALVANIZADO C-40 1/2 X  90CMS.', 39.23, 61.47, 16, '2011-04-21', 29),
(4203, 'TGC-NGC40100', 'NIPLE GALVANIZADO C-40 1/2 X 100CMS.', 49.64, 77.77, 16, '2011-04-21', 29),
(4204, 'TGC-NNG123', 'NIPLE NEGRO GALV. DE 1/2 X 3', 3.87, 9.9, 16, '2012-10-15', 29),
(4205, 'TGC-NNG12312', 'NIPLE NEGRO GALV. DE 1/2 X 3-1/2', 4.64, 11.87, 16, '2010-09-29', 29),
(4206, 'TGC-OA0791', 'TEFLON LIQUIDO OATEY DE 4oz.', 29.04, 94.47, 16, '2007-04-07', 29),
(4207, 'TGC-OA791', 'TEFLON LIQUIDO OATEY DE 4oz.', 51.84, 104.56, 16, '2007-04-07', 29),
(4208, 'TGC-RBG001', 'REDUCC.BUSHING GALV. DE 1 X 1/2', 15.21, 19.2, 16, '2005-01-05', 29),
(4209, 'TGC-RBG002', 'REDUCC.BUSHING GALV. DE 1 X 1/4', 13.12, 25.27, 16, '2005-01-05', 29),
(4210, 'TGC-RBG003', 'REDUCC.BUSHING GALV. DE 1 X 1/8', 13.12, 25.27, 16, '2008-04-19', 29),
(4211, 'TGC-RBG004', 'REDUCC.BUSHING GALV. DE 1 X 3/4', 15.21, 29.29, 16, '2007-05-07', 29),
(4212, 'TGC-RBG005', 'REDUCC.BUSHING GALV. DE 1 X 3/8', 13.12, 25.27, 16, '2005-01-05', 29),
(4213, 'TGC-RBG010', 'REDUCC.BUSHING GALV. DE 1/2 X 1/4', 7.37, 15.31, 16, '2005-01-05', 29),
(4214, 'TGC-RBG011', 'REDUCC.BUSHING GALV. DE 1/2 X 3/8', 6.34, 13.18, 16, '2005-12-05', 29),
(4215, 'TGC-RBG020', 'REDUCC.BUSHING GALV. DE 1-1/2 X 1', 21.17, 40.77, 16, '2005-01-05', 29),
(4216, 'TGC-RBG021', 'REDUCC.BUSHING GALV. DE 1-1/2 X 1/2', 21.17, 40.77, 16, '2005-01-05', 29),
(4217, 'TGC-RBG022', 'REDUCC.BUSHING GALV. DE 1-1/2 X 1-1/4', 21.17, 40.77, 16, '2005-01-05', 29),
(4218, 'TGC-RBG023', 'REDUCC.BUSHING GALV. DE 1-1/2 X 3/4', 26.22, 50.49, 16, '2005-01-05', 29),
(4219, 'TGC-RBG024', 'REDUCC.BUSHING GALV. DE 1-1/2 X 3/8', 21.17, 40.77, 16, '2008-04-19', 29),
(4220, 'TGC-RBG030', 'REDUCC.BUSHING GALV. DE 1-1/4 X 1', 16.32, 31.44, 16, '2005-12-05', 29),
(4221, 'TGC-RBG031', 'REDUCC.BUSHING GALV. DE 1-1/4 X 1/2', 14.97, 28.82, 16, '2005-01-05', 29),
(4222, 'TGC-RBG032', 'REDUCC.BUSHING GALV. DE 1-1/4 X 3/4', 14.97, 28.82, 16, '2005-01-05', 29),
(4223, 'TGC-RBG040', 'REDUCC.BUSHING GALV. DE 2 X 1', 22.57, 43.47, 16, '2005-01-05', 29),
(4224, 'TGC-RBG041', 'REDUCC.BUSHING GALV. DE 2 X 1/2', 22.57, 43.47, 16, '2005-01-05', 29),
(4225, 'TGC-RBG042', 'REDUCC.BUSHING GALV. DE 2 X 1-1/2', 22.57, 43.47, 16, '2005-01-05', 29),
(4226, 'TGC-RBG043', 'REDUCC.BUSHING GALV. DE 2 X 1-1/4', 22.57, 43.47, 16, '2005-01-05', 29),
(4227, 'TGC-RBG044', 'REDUCC.BUSHING GALV. DE 2 X 3/4', 22.57, 43.47, 16, '2005-01-05', 29),
(4228, 'TGC-RBG050', 'REDUCC.BUSHING GALV. DE 2-1/2 X 1', 35.22, 67.84, 16, '2005-01-05', 29),
(4229, 'TGC-RBG051', 'REDUCC.BUSHING GALV. DE 2-1/2 X 1-1/2', 35.22, 67.84, 16, '2005-01-05', 29),
(4230, 'TGC-RBG052', 'REDUCC.BUSHING GALV. DE 2-1/2 X 1-1/4', 35.22, 67.84, 16, '2005-01-05', 29),
(4231, 'TGC-RBG053', 'REDUCC.BUSHING GALV. DE 2-1/2 X 2', 35.22, 67.84, 16, '2005-01-05', 29),
(4232, 'TGC-RBG060', 'REDUCC.BUSHING GALV. DE 3 X 1', 52.96, 102, 16, '2005-01-05', 29),
(4233, 'TGC-RBG061', 'REDUCC.BUSHING GALV. DE 3 X 1-1/2', 52.96, 102, 16, '2005-01-05', 29),
(4234, 'TGC-RBG062', 'REDUCC.BUSHING GALV. DE 3 X 1-1/4', 52.96, 102, 16, '2005-01-05', 29),
(4235, 'TGC-RBG063', 'REDUCC.BUSHING GALV. DE 3 X 2', 52.96, 102, 16, '2005-01-05', 29),
(4236, 'TGC-RBG064', 'REDUCC.BUSHING GALV. DE 3 X 2-1/2', 52.96, 102, 16, '2005-01-05', 29),
(4237, 'TGC-RBG070', 'REDUCC.BUSHING GALV. DE 3/4 X 1/2', 6.86, 8.7, 16, '2015-11-02', 29),
(4238, 'TGC-RBG071', 'REDUCC.BUSHING GALV. DE 3/4 X 1/4', 6.97, 13.43, 16, '2005-01-05', 29),
(4239, 'TGC-RBG072', 'REDUCC.BUSHING GALV. DE 3/4 X 3/8', 6, 11.56, 16, '2005-01-05', 29),
(4240, 'TGC-RBG080', 'REDUCC.BUSHING GALV. DE 3/8 X 1/4', 6.35, 12.24, 16, '2005-01-05', 29),
(4241, 'TGC-RBG081', 'REDUCC.BUSHING GALV. DE 3/8 X 1/8', 5.47, 10.54, 16, '2005-01-05', 29),
(4242, 'TGC-RBG090', 'REDUCC.BUSHING GALV. DE 4 X 1', 105.24, 202.67, 16, '2005-01-05', 29),
(4243, 'TGC-RBG091', 'REDUCC.BUSHING GALV. DE 4 X 1-1/2', 105.24, 202.67, 16, '2005-01-05', 29),
(4244, 'TGC-RBG092', 'REDUCC.BUSHING GALV. DE 4 X 1-1/4', 105.24, 202.67, 16, '2005-01-05', 29),
(4245, 'TGC-RBG093', 'REDUCC.BUSHING GALV. DE 4 X 2', 105.24, 202.67, 16, '2005-01-05', 29),
(4246, 'TGC-RBG094', 'REDUCC.BUSHING GALV. DE 4 X 2-1/2', 105.24, 202.67, 16, '2005-01-05', 29),
(4247, 'TGC-RBG095', 'REDUCC.BUSHING GALV. DE 4 X 3', 105.24, 202.67, 16, '2005-01-05', 29),
(4248, 'TGC-RBG100', 'REDUCC.BUSHING GALV. DE 6 X 2-1/2', 333.9, 643, 16, '2005-01-05', 29),
(4249, 'TGC-RBG101', 'REDUCC.BUSHING GALV. DE 6 X 4', 333.9, 643, 16, '2005-01-05', 29),
(4250, 'TGC-RCG001', 'REDUCC.CAMPANA GALV. DE 1 X 1/2', 11.13, 25.56, 16, '2005-01-05', 29),
(4251, 'TGC-RCG002', 'REDUCC.CAMPANA GALV. DE 1 X 1/4', 9.91, 19.09, 16, '2005-01-05', 29),
(4252, 'TGC-RCG003', 'REDUCC.CAMPANA GALV. DE 1 X 3/4', 9.91, 19.09, 16, '2005-12-05', 29),
(4253, 'TGC-RCG004', 'REDUCC.CAMPANA GALV. DE 1 X 3/8', 9.91, 19.09, 16, '2005-01-05', 29),
(4254, 'TGC-RCG010', 'REDUCC.CAMPANA GALV. DE 1/2 X 1/4', 12.01, 24.95, 16, '2005-01-05', 29),
(4255, 'TGC-RCG011', 'REDUCC.CAMPANA GALV. DE 1/2 X 3/8', 12.01, 24.95, 16, '2005-01-05', 29),
(4256, 'TGC-RCG020', 'REDUCC.CAMPANA GALV. DE 1/4 X 1/8', 11.41, 21.98, 16, '2012-03-27', 29),
(4257, 'TGC-RCG030', 'REDUCC.CAMPANA GALV. DE 1-1/2 X 1', 26.93, 51.87, 16, '2005-01-05', 29),
(4258, 'TGC-RCG031', 'REDUCC.CAMPANA GALV. DE 1-1/2 X 1/2', 26.93, 51.87, 16, '2005-01-05', 29),
(4259, 'TGC-RCG032', 'REDUCC.CAMPANA GALV. DE 1-1/2 X 1-1/4', 33.77, 65.03, 16, '2005-12-05', 29),
(4260, 'TGC-RCG033', 'REDUCC.CAMPANA GALV. DE 1-1/2 X 3/4', 26.93, 51.87, 16, '2005-01-05', 29),
(4261, 'TGC-RCG040', 'REDUCC.CAMPANA GALV. DE 1-1/4 X 1', 27.2, 52.38, 16, '2005-01-05', 29),
(4262, 'TGC-RCG041', 'REDUCC.CAMPANA GALV. DE 1-1/4 X 1/2', 21.87, 42.11, 16, '2005-12-05', 29),
(4263, 'TGC-RCG042', 'REDUCC.CAMPANA GALV. DE 1-1/4 X 3/4', 21.87, 42.11, 16, '2005-01-05', 29),
(4264, 'TGC-RCG050', 'REDUCC.CAMPANA GALV. DE 2 X 1', 32.23, 62.07, 16, '2005-01-05', 29),
(4265, 'TGC-RCG051', 'REDUCC.CAMPANA GALV. DE 2 X 1/2', 32.23, 62.07, 16, '2005-01-05', 29),
(4266, 'TGC-RCG052', 'REDUCC.CAMPANA GALV. DE 2 X 1-1/2', 32.23, 62.07, 16, '2005-01-05', 29),
(4267, 'TGC-RCG053', 'REDUCC.CAMPANA GALV. DE 2 X 1-1/4', 32.23, 62.07, 16, '2005-01-05', 29),
(4268, 'TGC-RCG054', 'REDUCC.CAMPANA GALV. DE 2 X 3/4', 38.83, 74.79, 16, '2005-01-05', 29),
(4269, 'TGC-RCG055', 'REDUCC.CAMPANA GALV. DE 2-1/2 X 1/2', 80.56, 155.15, 16, '2005-01-05', 29),
(4270, 'TGC-RCG056', 'REDUCC.CAMPANA GALV. DE 2-1/2 X 2', 80.56, 155.15, 16, '2005-01-05', 29),
(4271, 'TGC-RCG060', 'REDUCC.CAMPANA GALV. DE 3 X 2', 92, 177.18, 16, '2005-01-05', 29),
(4272, 'TGC-RCG061', 'REDUCC.CAMPANA GALV. DE 3 X 2-1/2', 92, 177.18, 16, '2005-01-05', 29),
(4273, 'TGC-RCG070', 'REDUCC.CAMPANA GALV. DE 3/4 X 1/2', 8.37, 17.59, 16, '2005-01-05', 29),
(4274, 'TGC-RCG071', 'REDUCC.CAMPANA GALV. DE 3/4 X 1/4', 9.57, 18.43, 16, '2005-01-05', 29),
(4275, 'TGC-RCG072', 'REDUCC.CAMPANA GALV. DE 3/4 X 1/8', 9.57, 18.43, 16, '2008-04-19', 29),
(4276, 'TGC-RCG073', 'REDUCC.CAMPANA GALV. DE 3/4 X 3/8', 9.57, 18.43, 16, '2005-01-05', 29),
(4277, 'TGC-RCG080', 'REDUCC.CAMPANA GALV. DE 3/8 X 1/4', 14.65, 28.21, 16, '2005-01-05', 29),
(4278, 'TGC-RCG090', 'REDUCC.CAMPANA GALV. DE 4 X 3', 161.19, 310.41, 16, '2005-01-05', 29),
(4279, 'TGC-REBU010', 'REDUCC.BUSHING GALV. DE 3/8 X 1/4', 3.49, 12.21, 16, '2005-01-05', 29),
(4280, 'TGC-REBU011', 'REDUCC.BUSHING GALV. DE 3/8 X 1/8', 3.49, 6.28, 16, '2005-01-05', 29),
(4281, 'TGC-REBU020', 'REDUCC.BUSHING GALV. DE 3/4 X 1/4', 3.96, 10.68, 16, '2005-01-05', 29),
(4282, 'TGC-REBU021', 'REDUCC.BUSHING GALV. DE 3/4 X 3/8', 3.96, 10.68, 16, '2005-01-05', 29),
(4283, 'TGC-REBU030', 'REDUCC.BUSHING GALV. DE 1/2 X 1/4', 3.49, 12.21, 16, '2005-01-05', 29),
(4284, 'TGC-REBU041', 'REDUCC.BUSHING GALV. DE 1 X 1/4', 7.57, 20.4, 16, '2005-01-05', 29),
(4285, 'TGC-REBU042', 'REDUCC.BUSHING GALV. DE 1 X 3/8', 8.85, 23.96, 16, '2005-01-05', 29),
(4286, 'TGC-REBU053', 'REDUCC.BUSHING GALV. DE 1-1/2 X 1/2', 15.69, 39.3, 16, '2005-01-05', 29),
(4287, 'TGC-REBU054', 'REDUCC.BUSHING GALV. DE 1-1/2 X 3/4', 14.59, 39.3, 16, '2005-01-05', 29),
(4288, 'TGC-REBU056', 'REDUCC.BUSHING GALV. DE 1-1/2 X 1-1/4', 12.36, 39.3, 16, '2005-01-05', 29),
(4289, 'TGC-REBU063', 'REDUCC.BUSHING GALV. DE 1-1/4 X 1/2', 10.4, 28.07, 16, '2005-01-05', 29),
(4290, 'TGC-REBU073', 'REDUCC.BUSHING GALV. DE 2 X 1/2', 15.33, 41.06, 16, '2005-01-05', 29),
(4291, 'TGC-REBU074', 'REDUCC.BUSHING GALV. DE 2 X 3/4', 15.33, 41.06, 16, '2005-01-05', 29),
(4292, 'TGC-REBU075', 'REDUCC.BUSHING GALV. DE 2 X 1', 15.33, 41.06, 16, '2005-01-05', 29),
(4293, 'TGC-REBU076', 'REDUCC.BUSHING GALV. DE 2 X 1-1/4', 12.51, 41.06, 16, '2005-01-05', 29),
(4294, 'TGC-REBU077', 'REDUCC.BUSHING GALV. DE 2 X 1-1/2', 12.51, 41.06, 16, '2005-01-05', 29),
(4295, 'TGC-REBU085', 'REDUCC.BUSHING GALV. DE 2-1/2 X 1', 30.85, 82.14, 16, '2005-01-05', 29),
(4296, 'TGC-REBU086', 'REDUCC.BUSHING GALV. DE 2-1/2 X 1-1/4', 30.85, 82.14, 16, '2005-01-05', 29),
(4297, 'TGC-REBU087', 'REDUCC.BUSHING GALV. DE 2-1/2 X 1-1/2', 30.85, 82.14, 16, '2005-01-05', 29),
(4298, 'TGC-REBU088', 'REDUCC.BUSHING GALV. DE 2-1/2 X 2', 30.85, 82.14, 16, '2005-01-05', 29),
(4299, 'TGC-REBU095', 'REDUCC.BUSHING GALV. DE 3 X 1', 46.22, 123.21, 16, '2005-01-05', 29),
(4300, 'TGC-REBU096', 'REDUCC.BUSHING GALV. DE 3 X 1-1/4', 46.22, 123.21, 16, '2005-01-05', 29),
(4301, 'TGC-REBU097', 'REDUCC.BUSHING GALV. DE 3 X 1-1/2', 46.22, 123.21, 16, '2005-01-05', 29),
(4302, 'TGC-REBU098', 'REDUCC.BUSHING GALV. DE 3 X 2', 33.99, 91.46, 16, '2005-01-05', 29),
(4303, 'TGC-REBU099', 'REDUCC.BUSHING GALV. DE 3 X 2-1/2', 33.61, 90.37, 16, '2005-01-05', 29),
(4304, 'TGC-REBU105', 'REDUCC.BUSHING GALV. DE 4 X 1', 90.54, 243.58, 16, '2005-01-05', 29),
(4305, 'TGC-REBU106', 'REDUCC.BUSHING GALV. DE 4 X 1-1/4', 90.54, 243.58, 16, '2005-01-05', 29),
(4306, 'TGC-REBU107', 'REDUCC.BUSHING GALV. DE 4 X 1-1/2', 90.54, 243.58, 16, '2005-01-05', 29),
(4307, 'TGC-REBU108', 'REDUCC.BUSHING GALV. DE 4 X 2', 69.85, 190.31, 16, '2005-01-05', 29),
(4308, 'TGC-REBU109', 'REDUCC.BUSHING GALV. DE 4 X 2-1/2', 69.85, 190.31, 16, '2005-01-05', 29),
(4309, 'TGC-REBU110', 'REDUCC.BUSHING GALV. DE 4 X 3', 69.85, 190.31, 16, '2005-01-05', 29),
(4310, 'TGC-REBU129', 'REDUCC.BUSHING GALV. DE 6 X 2-1/2', 241.88, 650.63, 16, '2005-01-05', 29),
(4311, 'TGC-REBU132', 'REDUCC.BUSHING GALV. DE 6 X 4', 241.88, 650.63, 16, '2005-01-05', 29),
(4312, 'TGC-RECA000', 'REDUCC.CAMPANA GALV. DE 3/8 X 1/4', 7.94, 19.44, 16, '2005-01-05', 29),
(4313, 'TGC-RECA010', 'REDUCC.CAMPANA GALV. DE 3/4 X 1/4', 4.77, 12.87, 16, '2005-01-05', 29),
(4314, 'TGC-RECA011', 'REDUCC.CAMPANA GALV. DE 3/4 X 3/8', 4.77, 12.87, 16, '2005-01-05', 29),
(4315, 'TGC-RECA015', 'REDUCC.CAMPANA GALV. DE 1/4 X 1/8', 7.22, 19.15, 16, '2012-03-27', 29),
(4316, 'TGC-RECA020', 'REDUCC.CAMPANA GALV. DE 1/2 X 1/4', 7.22, 19.15, 16, '2005-01-05', 29),
(4317, 'TGC-RECA021', 'REDUCC.CAMPANA GALV. DE 1/2 X 3/8', 7.94, 19.15, 16, '2005-01-05', 29),
(4318, 'TGC-RECA031', 'REDUCC.CAMPANA GALV. DE 1 X 1/4', 6.93, 17.39, 16, '2005-01-05', 29),
(4319, 'TGC-RECA032', 'REDUCC.CAMPANA GALV. DE 1 X 3/8', 6.44, 17.39, 16, '2005-01-05', 29),
(4320, 'TGC-RECA033', 'REDUCC.CAMPANA GALV. DE 1 X 1/2', 7.08, 17.39, 16, '2005-01-05', 29),
(4321, 'TGC-RECA044', 'REDUCC.CAMPANA GALV. DE 1-1/4 X 3/4', 14.94, 40.25, 16, '2005-01-05', 29),
(4322, 'TGC-RECA045', 'REDUCC.CAMPANA GALV. DE 1-1/4 X 1', 14.94, 40.25, 16, '2005-01-05', 29),
(4323, 'TGC-RECA053', 'REDUCC.CAMPANA GALV. DE 1-1/2 X 1/2', 17.02, 41.06, 16, '2005-01-05', 29),
(4324, 'TGC-RECA054', 'REDUCC.CAMPANA GALV. DE 1-1/2 X 3/4', 15.83, 41.06, 16, '2005-01-05', 29),
(4325, 'TGC-RECA055', 'REDUCC.CAMPANA GALV. DE 1-1/2 X 1', 15.83, 41.06, 16, '2005-01-05', 29),
(4326, 'TGC-RECA063', 'REDUCC.CAMPANA GALV. DE 2 X 1/2', 23.9, 64.21, 16, '2005-01-05', 29),
(4327, 'TGC-RECA065', 'REDUCC.CAMPANA GALV. DE 2 X 1', 23.9, 64.21, 16, '2005-01-05', 29),
(4328, 'TGC-RECA066', 'REDUCC.CAMPANA GALV. DE 2 X 1-1/4', 23.9, 64.21, 16, '2005-01-05', 29),
(4329, 'TGC-RECA067', 'REDUCC.CAMPANA GALV. DE 2 X 1-1/2', 23.9, 64.21, 16, '2005-01-05', 29),
(4330, 'TGC-RECA073', 'REDUCC.CAMPANA GALV. DE 2-1/2 X 1/2', 64.03, 115.25, 16, '2005-01-05', 29),
(4331, 'TGC-RECA078', 'REDUCC.CAMPANA GALV. DE 2-1/2 X 2', 64.03, 172.24, 16, '2005-01-05', 29),
(4332, 'TGC-RECA088', 'REDUCC.CAMPANA GALV. DE 3 X 2', 67.91, 182.78, 16, '2005-01-05', 29),
(4333, 'TGC-RECA089', 'REDUCC.CAMPANA GALV. DE 3 X 2-1/2', 97.64, 260.01, 16, '2005-01-05', 29),
(4334, 'TGC-RECA100', 'REDUCC.CAMPANA GALV. DE 4 X 3', 239.28, 643.37, 16, '2005-01-05', 29),
(4335, 'TGC-TACG008', 'TAPON CACHUCHA 150 LBS. GALV. DE 2', 17.78, 56.82, 16, '2005-01-05', 29),
(4336, 'TGC-TACG009', 'TAPON CACHUCHA 150 LBS. GALV. DE 2-1/2', 33.8, 91.05, 16, '2005-01-05', 29),
(4337, 'TGC-TACG010', 'TAPON CACHUCHA 150 LBS. GALV. DE 3', 50.8, 136.78, 16, '2005-01-05', 29),
(4338, 'TGC-TACG012', 'TAPON CACHUCHA 150 LBS. GALV. DE 4', 58.6, 162.93, 16, '2005-01-05', 29),
(4339, 'TGC-TAMG009', 'TAPON MACHO 150 LBS. GALV. DE 2-1/2', 19.99, 53.81, 16, '2005-01-05', 29),
(4340, 'TGC-TAMG010', 'TAPON MACHO 150 LBS. GALV. DE 3', 28.87, 77.91, 16, '2005-01-05', 29),
(4341, 'TGC-TAMG012', 'TAPON MACHO 150 LBS. GALV. DE 4', 51.03, 136.9, 16, '2005-01-05', 29),
(4342, 'TGC-TAMG016', 'TAPON MACHO GALV. 6', 310.05, 507.36, 16, '2014-08-12', 29),
(4343, 'TGC-TCG1', 'TAPON CACHUCHA 150 LBS. GALV.DE 1', 9.21, 17.75, 16, '2005-01-05', 29),
(4344, 'TGC-TCG112', 'TAPON CACHUCHA 150 LBS. GALV.DE 1-1/2', 16.59, 31.95, 16, '2005-01-05', 29),
(4345, 'TGC-TCG114', 'TAPON CACHUCHA 150 LBS. GALV.DE 1-1/4', 11.95, 23.02, 16, '2005-01-05', 29),
(4346, 'TGC-TCG12', 'TAPON CACHUCHA 150 LBS. GALV.DE 1/2', 4.92, 6.2, 16, '2005-01-05', 29),
(4347, 'TGC-TCG14', 'TAPON CACHUCHA 150 LBS. GALV.DE 1/4', 5.31, 10.22, 16, '2005-01-05', 29),
(4348, 'TGC-TCG18', 'TAPON CACHUCHA 150 LBS. GALV.DE 1/8', 5.31, 10.22, 16, '2007-08-15', 29),
(4349, 'TGC-TCG2', 'TAPON CACHUCHA 150 LBS. GALV.DE 2', 33.38, 64.29, 16, '2005-01-05', 29),
(4350, 'TGC-TCG212', 'TAPON CACHUCHA 150 LBS. GALV.DE 2-1/2', 43.75, 84.25, 16, '2005-01-05', 29),
(4351, 'TGC-TCG3', 'TAPON CACHUCHA 150 LBS. GALV.DE 3', 59.86, 115.29, 16, '2005-01-05', 29),
(4352, 'TGC-TCG34', 'TAPON CACHUCHA 150 LBS. GALV.DE 3/4', 7.99, 8.8, 16, '2005-01-05', 29),
(4353, 'TGC-TCG38', 'TAPON CACHUCHA 150 LBS. GALV.DE 3/8', 4.14, 7.97, 16, '2005-01-05', 29),
(4354, 'TGC-TCG4', 'TAPON CACHUCHA 150 LBS. GALV.DE 4', 89.78, 172.9, 16, '2005-01-05', 29),
(4355, 'TGC-TERG001', 'TEE REFORZADA 150 LBS. GALV. DE 1/4', 5.63, 15.05, 16, '2005-01-05', 29),
(4356, 'TGC-TERG009', 'TEE REFORZADA 150 LBS. GALV. DE 2-1/2', 103.46, 273.7, 16, '2005-01-05', 29),
(4357, 'TGC-TERG012', 'TEE REFORZADA 150 LBS. GALV. DE 4', 209.55, 561.22, 16, '2005-01-05', 29),
(4358, 'TGC-TG2X6', 'TUBO GALVANIZADO DE 2 X 6 C20', 178.84, 344.41, 16, '2013-06-14', 29),
(4359, 'TGC-TGCR1123', 'TUBO GALVANIZADO C/ROSCA DE 1-1/2(3.00M)', 471.38, 590.94, 16, '2017-02-02', 29),
(4360, 'TGC-TGCR112X', 'TUBO GALVANIZADO C/ROSCA DE 1-1/2(6.00M)', 857.06, 1074.44, 16, '2005-01-05', 29),
(4361, 'TGC-TGCR1143', 'TUBO GALVANIZADO C/ROSCA DE 1-1/4 (3.00M', 390.84, 489.97, 16, '2016-04-19', 29),
(4362, 'TGC-TGCR114X', 'TUBO GALVANIZADO C/ROSCA DE 1-1/4 (6.00M', 710.63, 890.86, 16, '2005-01-05', 29),
(4363, 'TGC-TGCR12X3', 'TUBO GALVANIZADO C/ROSCA DE 1/2 (3.00M)', 146.03, 194.89, 16, '2010-03-24', 29),
(4364, 'TGC-TGCR12X6', 'TUBO GALVANIZADO C/ROSCA DE 1/2 (6.00M)', 310.06, 413.81, 16, '2006-09-06', 29),
(4365, 'TGC-TGCR1X3', 'TUBO GALVANIZADO C/ROSCA DE 1 (3.00M)', 290.31, 363.95, 16, '2010-03-24', 29),
(4366, 'TGC-TGCR1X6', 'TUBO GALVANIZADO C/ROSCA DE 1 (6.00M)', 602.35, 755.12, 16, '2005-01-05', 29),
(4367, 'TGC-TGCR2X3', 'TUBO GALVANIZADO C/ROSCA DE 2 (3.00M)', 621.23, 778.79, 16, '2017-02-02', 29),
(4368, 'TGC-TGCR2X6', 'TUBO GALVANIZADO C/ROSCA DE 2 (6.00M)', 1129.51, 1415.98, 16, '2016-08-24', 29),
(4369, 'TGC-TGCR34X3', 'TUBO GALVANIZADO C/ROSCA DE 3/4 (3.00M)', 198.86, 257.43, 16, '2010-03-24', 29),
(4370, 'TGC-TGCR34X6', 'TUBO GALVANIZADO C/ROSCA DE 3/4 (6.00M)', 417.12, 539.96, 16, '2005-01-05', 29),
(4371, 'TGC-TGCR4X3', 'TUBO GALVANIZADO C/ROSCA DE 4 (3.00M)', 1831.22, 2295.66, 16, '2017-02-02', 29),
(4372, 'TGC-TGCR4X6', 'TUBO GALVANIZADO C/ROSCA DE 4', 3329.49, 4173.93, 16, '2005-01-05', 29),
(4373, 'TGC-TGS1', 'TUERCA GALV. SENCILLA DE 1', 11.51, 22.17, 16, '2011-08-02', 29),
(4374, 'TGC-TGS112', 'TUERCA GALV. SENCILLA DE 1-1/2', 15.67, 30.18, 16, '2011-08-02', 29),
(4375, 'TGC-TGS12', 'TUERCA GALV. SENCILLA DE 1/2', 5.53, 10.65, 16, '2011-08-02', 29),
(4376, 'TGC-TGS34', 'TUERCA GALV. SENCILLA DE 3/4', 6.45, 12.43, 16, '2011-08-02', 29),
(4377, 'TGC-TMG1', 'TAPON MACHO 150 LBS. GALV. DE 1', 5.53, 10.36, 16, '2005-01-05', 29),
(4378, 'TGC-TMG112', 'TAPON MACHO 150 LBS. GALV. DE 1-1/2', 21.24, 21.24, 16, '2005-01-05', 29),
(4379, 'TGC-TMG114', 'TAPON MACHO 150 LBS. GALV. DE 1-1/4', 9.21, 17.75, 16, '2005-01-05', 29),
(4380, 'TGC-TMG12', 'TAPON MACHO 150 LBS. GALV. DE 1/2', 4.05, 7.58, 16, '2005-01-05', 29),
(4381, 'TGC-TMG14', 'TAPON MACHO 150 LBS. GALV. DE 1/4', 5.98, 11.52, 16, '2005-01-05', 29),
(4382, 'TGC-TMG18', 'TAPON MACHO 150 LBS. GALV. DE 1/8', 5.98, 11.52, 16, '2017-07-17', 29),
(4383, 'TGC-TMG2', 'TAPON MACHO 150 LBS. GALV. DE 2', 17.85, 34.37, 16, '2007-04-07', 29),
(4384, 'TGC-TMG212', 'TAPON MACHO 150 LBS. GALV. DE 2-1/2', 30.84, 59.4, 16, '2005-01-05', 29),
(4385, 'TGC-TMG3', 'TAPON MACHO 150 LBS. GALV. DE 3', 45.59, 87.8, 16, '2005-01-05', 29),
(4386, 'TGC-TMG34', 'TAPON MACHO 150 LBS. GALV. DE 3/4', 4.42, 8.52, 16, '2005-01-05', 29),
(4387, 'TGC-TMG38', 'TAPON MACHO 150 LBS. GALV. DE 3/8', 3.8, 7.33, 16, '2005-01-05', 29),
(4388, 'TGC-TMG4', 'TAPON MACHO 150 LBS. GALV. DE 4', 80.6, 155.21, 16, '2005-01-05', 29),
(4389, 'TGC-TMG6', 'TAPON MACHO 150 LBS. GALV. DE 6', 437.5, 842.51, 16, '2014-08-12', 29),
(4390, 'TGC-TRG1', 'TEE REFORZADA 150 LBS. GALV. DE 1', 15.67, 33.71, 16, '2005-01-05', 29),
(4391, 'TGC-TRG112', 'TEE REFORZADA 150 LBS. GALV. DE 1-1/2', 35, 75.27, 16, '2005-01-05', 29);
INSERT INTO `productos` (`reg`, `folio`, `descripcion`, `costo`, `precio_venta`, `iva`, `f_reg`, `categoria`) VALUES
(4392, 'TGC-TRG114', 'TEE REFORZADA 150 LBS. GALV. DE 1-1/4', 30.39, 65.35, 16, '2005-01-05', 29),
(4393, 'TGC-TRG12', 'TEE REFORZADA 150 LBS. GALV. DE 1/2', 7.03, 6.3, 16, '2005-01-05', 29),
(4394, 'TGC-TRG14', 'TEE REFORZADA 150 LBS. GALV. DE 1/4', 9.67, 20.79, 16, '2005-01-05', 29),
(4395, 'TGC-TRG18', 'TEE REFORZADA 150 LBS. GALV. DE 1/8', 11.51, 24.76, 16, '2007-07-02', 29),
(4396, 'TGC-TRG2', 'TEE REFORZADA 150 LBS. GALV. DE 2', 54.11, 116.37, 16, '2007-05-07', 29),
(4397, 'TGC-TRG212', 'TEE REFORZADA 150 LBS. GALV. DE 2-1/2', 126.67, 272.39, 16, '2005-01-05', 29),
(4398, 'TGC-TRG3', 'TEE REFORZADA 150 LBS. GALV. DE 3', 179.6, 386.22, 16, '2007-04-07', 29),
(4399, 'TGC-TRG34', 'TEE REFORZADA 150 LBS. GALV. DE 3/4', 8.04, 17.3, 16, '2005-01-05', 29),
(4400, 'TGC-TRG38', 'TEE REFORZADA 150 LBS. GALV. DE 3/8', 9.67, 20.79, 16, '2005-01-05', 29),
(4401, 'TGC-TRG4', 'TEE REFORZADA 150 LBS. GALV. DE 4', 391.46, 841.79, 16, '2005-01-05', 29),
(4402, 'TGC-TUAB001', 'TUERCA UNION 150 LBS. GALV. DE 1/4', 18.47, 49.7, 16, '2005-01-05', 29),
(4403, 'TGC-TUAB002', 'TUERCA UNION 150 LBS. GALV. DE 1/8', 23.1, 41.58, 16, '2007-09-13', 29),
(4404, 'TGC-TUAB008', 'TUERCA UNION 150 LBS. GALV. DE 2', 54.85, 176.62, 16, '2005-01-05', 29),
(4405, 'TGC-TUAB009', 'TUERCA UNION 150 LBS. GALV. DE 2-1/2', 127.4, 342.16, 16, '2005-01-05', 29),
(4406, 'TGC-TUAB010', 'TUERCA UNION 150 LBS. GALV. DE 3', 199.19, 533.84, 16, '2005-01-05', 29),
(4407, 'TGC-TUAB012', 'TUERCA UNION 150 LBS. GALV. DE 4', 596.1, 975.43, 16, '2014-08-12', 29),
(4408, 'TGC-TUE112', 'TUERCA GALV. SENCILLA DE 1-1/2', 8.38, 22.59, 16, '2011-08-02', 29),
(4409, 'TGC-TUE12', 'TUERCA GALV. SENCILLA DE 1/2', 4, 10.75, 16, '2011-08-02', 29),
(4410, 'TGC-TUE34', 'TUERCA GALV. SENCILLA DE 3/4', 4, 10.75, 16, '2011-08-02', 29),
(4411, 'TGC-TUG1', 'TUERCA UNION 150 LBS. GALV. DE 1', 36.15, 69.62, 16, '2005-01-05', 29),
(4412, 'TGC-TUG112', 'TUERCA UNION 150 LBS. GALV. DE 1-1/2', 69.08, 133.04, 16, '2005-01-05', 29),
(4413, 'TGC-TUG114', 'TUERCA UNION 150 LBS. GALV. DE 1-1/4', 54.11, 104.21, 16, '2005-01-05', 29),
(4414, 'TGC-TUG12', 'TUERCA UNION 150 LBS. GALV. DE 1/2', 23.5, 40.15, 16, '2005-01-05', 29),
(4415, 'TGC-TUG14', 'TUERCA UNION 150 LBS. GALV. DE 1/4', 46.06, 88.71, 16, '2005-01-05', 29),
(4416, 'TGC-TUG18', 'TUERCA UNION 150 LBS. GALV. DE 1/8', 46.06, 88.71, 16, '2007-09-13', 29),
(4417, 'TGC-TUG2', 'TUERCA UNION 150 LBS. GALV. DE 2', 124.57, 239.89, 16, '2005-01-05', 29),
(4418, 'TGC-TUG212', 'TUERCA UNION 150 LBS. GALV. DE 2-1/2', 161.19, 310.41, 16, '2005-01-05', 29),
(4419, 'TGC-TUG3', 'TUERCA UNION 150 LBS. GALV. DE 3', 276.55, 532.56, 16, '2005-01-05', 29),
(4420, 'TGC-TUG34', 'TUERCA UNION 150 LBS. GALV. DE 3/4', 27.85, 52.17, 16, '2005-01-05', 29),
(4421, 'TGC-TUG38', 'TUERCA UNION 150 LBS. GALV. DE 3/8', 28.1, 54.12, 16, '2005-01-05', 29),
(4422, 'TGC-TUG4', 'TUERCA UNION 150 LBS. GALV. DE 4', 518.22, 997.96, 16, '2014-08-12', 29),
(4423, 'TGC-Y12', 'YEE GALV. DE 1/2', 15.13, 40.66, 16, '2011-08-02', 29),
(4424, 'TGC-YG12', 'YEE GALV. DE 1/2', 23.01, 44.32, 16, '2011-08-02', 29),
(4425, 'AKS-102416', 'ADAPTADOR EN Y METALLICO', 35.07, 68.53, 16, '2016-03-10', 30),
(4426, 'AKS-102417', 'ADAPTADOR PLAS. CONEX.RAPIDA HEMBRA 3/4', 4.26, 8.33, 16, '2016-07-06', 30),
(4427, 'ANB-PEG122', 'PEGAMENTO P/PVC HCO. Y SANIT. REF. 50ML.', 13.62, 15.8, 16, '2013-06-17', 30),
(4428, 'ANB-PEG123', 'PEGAMENTO P/PVC HCO. Y SANIT. REF. 1/8LT', 24.89, 43.71, 16, '2013-06-17', 30),
(4429, 'ANB-PEG124', 'PEGAMENTO P/PVC HCO. Y SANIT. REF. 1/4LT', 34.97, 44.7, 16, '2013-06-17', 30),
(4430, 'ANB-PEG125', 'PEGAMENTO P/PVC HCO. Y SANIT. REF. 1/2LT', 64.57, 121.3, 16, '2013-06-17', 30),
(4431, 'ANB-PEG126', 'PEGAMENTO P/PVC HCO. Y SANIT. REF. 1LTO.', 102.22, 214.63, 16, '2013-06-17', 30),
(4432, 'ANB-PEG130', 'PEGAMENTO PARA PVC EXTRA REFORZADO 1/8LT', 27.97, 52.55, 16, '2013-06-17', 30),
(4433, 'ANB-PEG131', 'PEGAMENTO PARA PVC EXTRA REFORZADO 1/4LT', 45.2, 94.9, 16, '2013-06-17', 30),
(4434, 'ANB-PEG132', 'PEGAMENTO PARA PVC EXTRA REFORZADO 1/2LT', 81.78, 171.71, 16, '2013-06-17', 30),
(4435, 'ANB-PEG133', 'PEGAMENTO MULTIUSOS P/PVC CPVC Y ABS 1/8', 30.81, 57.2, 16, '2013-06-17', 30),
(4436, 'ANB-PEG134', 'PEGAMENTO MULTIUSOS P/PVC CPVC Y ABS 1/4', 46.81, 98.28, 16, '2013-06-17', 30),
(4437, 'ANB-PEG135', 'PEGAMENTO MULTIUSOS P/PVC CPVC Y ABS 1/2', 86.08, 190.26, 16, '2013-06-17', 30),
(4438, 'TOO-TC3392', 'CEMENTO PARA MEDIO HUMEDO 4oz. AZUL', 19.36, 33.09, 16, '2010-08-05', 30),
(4439, 'TOO-TC3393', 'CEMENTO PARA MEDIO HUMEDO 8oz. AZUL', 30.99, 52.98, 16, '2010-08-05', 30),
(4440, 'TOO-TC3394', 'CEMENTO PARA MEDIO HUMEDO 16oz. AZUL', 53.01, 90.62, 16, '2010-08-05', 30),
(4441, 'TPH-9900126', 'TUBO PVC REF. LISO C40 DE 1/2 X 6MTS.', 33.42, 54.3, 16, '2011-07-20', 30),
(4442, 'TPH-9900127', 'TUBO PVC REF. LISO C40 DE 1/2 X 3MTS.', 18.37, 29.86, 16, '2011-07-20', 30),
(4443, 'TPH-9900128', 'TUBO PVC HIDR. RD21 DE 1/2 X6MTS', 18.81, 30.57, 16, '2018-06-11', 30),
(4444, 'TPH-9900129', 'TUBO PVC HIDR. RD21 DE 1/2X3MTS', 10.34, 16.81, 16, '2018-06-11', 30),
(4445, 'TPH-9901126T', 'TUBO HIDR.CEMEN.DOM. DE 1/2 X 6 MTS.', 33.42, 54.3, 16, '2011-07-20', 30),
(4446, 'TPH-9901127T', 'TUBO HIDR.CEMEN.DOM. DE 1/2 X 3 MTS.', 18.37, 29.86, 16, '2011-07-20', 30),
(4447, 'TPH-AAD-M013', 'ADAPT. MACHO DE BRONCE P/POLIDUCTO 1/2', 16.39, 33.05, 16, '2011-03-09', 30),
(4448, 'TPH-C4C4Y019', 'YEE PVC HCO CEM C-40 3/4', 17.93, 36.82, 16, '2016-07-07', 30),
(4449, 'TPH-C4C9R013', 'CODO PVC HCO CEM X ROSCAR C-40 1/2 X 90', 3, 3.7, 16, '2011-10-11', 30),
(4450, 'TPH-C4C9R019', 'CODO PVC HCO CEM X ROSCAR C-40 3/4 X 90', 3.43, 7.35, 16, '2010-04-15', 30),
(4451, 'TPH-C4C9R025', 'CODO PVC HCO CEM X ROSCAR C-40 1 X 90', 7.11, 14.35, 16, '2010-04-15', 30),
(4452, 'TPH-C4CAH013', 'ADAPT. HEMBRA PVC HCO CEM C-40 1/2', 1.09, 1.2, 16, '2006-06-06', 30),
(4453, 'TPH-C4CAH019', 'ADAPT. HEMBRA PVC HCO CEM C-40 3/4', 1.81, 3.65, 16, '2006-06-06', 30),
(4454, 'TPH-C4CAH025', 'ADAPT. HEMBRA PVC HCO CEM C-40 1', 3.05, 6.16, 16, '2006-06-06', 30),
(4455, 'TPH-C4CAH032', 'ADAPT. HEMBRA PVC HCO CEM C-40 1-1/4', 6.89, 13.9, 16, '2006-06-06', 30),
(4456, 'TPH-C4CAH038', 'ADAPT. HEMBRA PVC HCO CEM C-40 1-1/2', 7.87, 15.89, 16, '2006-06-06', 30),
(4457, 'TPH-C4CAH051', 'ADAPT. HEMBRA PVC HCO CEM C-40 2', 10.43, 21.04, 16, '2006-06-06', 30),
(4458, 'TPH-C4CAM013', 'ADAPT. MACHO PVC HCO CEM C-40 1/2', 0.97, 1.1, 16, '2006-06-06', 30),
(4459, 'TPH-C4CAM019', 'ADAPT. MACHO PVC HCO CEM C-40 3/4', 1.55, 3.13, 16, '2006-06-06', 30),
(4460, 'TPH-C4CAM025', 'ADAPT. MACHO PVC HCO CEM C-40 1', 5.22, 10.53, 16, '2006-06-06', 30),
(4461, 'TPH-C4CAM032', 'ADAPT. MACHO PVC HCO CEM C-40 1-1/4', 5.87, 11.84, 16, '2006-06-06', 30),
(4462, 'TPH-C4CAM038', 'ADAPT. MACHO PVC HCO CEM C-40 1-1/2', 8.5, 17.14, 16, '2006-06-06', 30),
(4463, 'TPH-C4CAM051', 'ADAPT. MACHO PVC HCO CEM C-40 2', 10.09, 20.36, 16, '2006-06-06', 30),
(4464, 'TPH-C4CAM913', 'ADAPT. MACHO REDU.PVC CEM X ROS 3/4X1/2', 4.45, 8.99, 16, '2016-05-06', 30),
(4465, 'TPH-C4CC4013', 'CODO PVC HCO CEM C-40 1/2 X 45', 4.02, 10.13, 16, '2006-06-06', 30),
(4466, 'TPH-C4CC4019', 'CODO PVC HCO CEM C-40 3/4 X 45', 6.61, 16.66, 16, '2006-06-06', 30),
(4467, 'TPH-C4CC4025', 'CODO PVC HCO CEM C-40 1 X 45', 7.96, 20.08, 16, '2006-06-06', 30),
(4468, 'TPH-C4CC4032', 'CODO PVC HCO CEM C-40 1-1/4 X 45', 11.4, 22.99, 16, '2006-06-06', 30),
(4469, 'TPH-C4CC4038', 'CODO PVC HCO CEM C-40 1-1/2 X 45', 13.89, 28.02, 16, '2006-06-06', 30),
(4470, 'TPH-C4CC4051', 'CODO PVC HCO CEM C-40 2 X 45', 17.06, 28.73, 16, '2006-06-06', 30),
(4471, 'TPH-C4CC4101', 'CODO PVC HCO CEM C-40 4 X 45', 123.43, 207.88, 16, '2012-10-18', 30),
(4472, 'TPH-C4CC9013', 'CODO PVC HCO CEM C-40 1/2 X 90', 2.66, 1.4, 16, '2006-06-06', 30),
(4473, 'TPH-C4CC9019', 'CODO PVC HCO CEM C-40 3/4 X 90', 2.96, 7.47, 16, '2006-04-06', 30),
(4474, 'TPH-C4CC9025', 'CODO PVC HCO CEM C-40 1 X 90', 7.12, 8.3, 16, '2006-04-06', 30),
(4475, 'TPH-C4CC9032', 'CODO PVC HCO CEM C-40 1-1/4 X 90', 8.6, 17.35, 16, '2006-04-06', 30),
(4476, 'TPH-C4CC9038', 'CODO PVC HCO CEM C-40 1-1/2 X 90', 9.43, 19.02, 16, '2006-04-06', 30),
(4477, 'TPH-C4CC9051', 'CODO PVC HCO CEM C-40 2 X 90', 14.54, 24.49, 16, '2006-06-06', 30),
(4478, 'TPH-C4CC9063', 'CODO PVC HCO CEM C-40 2 1/2 X 90', 44.29, 74.59, 16, '2016-07-07', 30),
(4479, 'TPH-C4CC9075', 'CODO PVC HCO CEM C-40 3 X 90', 52.99, 89.24, 16, '2008-03-13', 30),
(4480, 'TPH-C4CC9101', 'CODO PVC HCO CEM C-40 4 X 90', 94.83, 143.43, 16, '2016-07-07', 30),
(4481, 'TPH-C4CCC013', 'COPLE DE COMPRESION DE 1/2 C-40', 19.34, 39.02, 16, '2011-03-24', 30),
(4482, 'TPH-C4CCC019', 'COPLE DE COMPRESION DE 3/4 C-40', 24.92, 50.26, 16, '2011-03-24', 30),
(4483, 'TPH-C4CCC025', 'COPLE DE COMPRESION DE 1 C-40', 34.66, 69.92, 16, '2016-02-18', 30),
(4484, 'TPH-C4CCO013', 'COPLE PVC HCO CEM C-40 1/2', 0.91, 2.84, 16, '2006-06-06', 30),
(4485, 'TPH-C4CCO019', 'COPLE PVC HCO CEM C-40 3/4', 1.22, 3.78, 16, '2006-06-06', 30),
(4486, 'TPH-C4CCO025', 'COPLE PVC HCO CEM C-40 1', 4.15, 5, 16, '2006-06-06', 30),
(4487, 'TPH-C4CCO032', 'COPLE PVC HCO CEM C-40 1-1/4', 5.58, 10.85, 16, '2006-06-06', 30),
(4488, 'TPH-C4CCO038', 'COPLE PVC HCO CEM C-40 1-1/2', 5.84, 11.35, 16, '2006-06-06', 30),
(4489, 'TPH-C4CCO051', 'COPLE PVC HCO CEM C-40 2', 8.85, 17.21, 16, '2006-06-06', 30),
(4490, 'TPH-C4CCO063', 'COPLE PVC HCO CEM C-40 2-1/2', 18.9, 36.74, 16, '2006-06-06', 30),
(4491, 'TPH-C4CCO076', 'COPLE PVC HCO CEM C-40 3', 28.86, 56.1, 16, '2006-06-06', 30),
(4492, 'TPH-C4CCO101', 'COPLE PVC HCO CEM C-40 4', 41.79, 81.23, 16, '2017-02-24', 30),
(4493, 'TPH-C4CCP013', 'CODO DE PISO 1/2 X 90 CEM X CEM X CEM', 13.8, 29.56, 16, '2016-04-09', 30),
(4494, 'TPH-C4CCR013', 'COPLE PVC HCO X ROSCAR C-40 1/2', 3.1, 5.37, 16, '2016-03-29', 30),
(4495, 'TPH-C4CCR019', 'COPLE PVC HCO X ROSCAR C-40 3/4', 5.86, 10.15, 16, '2016-03-29', 30),
(4496, 'TPH-C4CCR025', 'COPLE PVC HCO X ROSCAR C-40 1', 7.65, 13.24, 16, '2016-03-29', 30),
(4497, 'TPH-C4CCRD25', 'COPLE RED. PVC HCO CEM C40 1 X 1/2', 7.03, 11.48, 16, '2017-02-22', 30),
(4498, 'TPH-C4CCX025', 'CRUZ PVC HCO CEM C-40 1', 18.9, 36.74, 16, '2006-06-06', 30),
(4499, 'TPH-C4CCX032', 'CRUZ PVC HCO CEM C-40 1-1/4', 24.99, 48.58, 16, '2006-06-06', 30),
(4500, 'TPH-C4CCX038', 'CRUZ PVC HCO CEM C-40 1-1/2', 28.38, 55.16, 16, '2006-06-06', 30),
(4501, 'TPH-C4CCX051', 'CRUZ PVC HCO CEM C-40 2', 41.77, 81.18, 16, '2006-06-06', 30),
(4502, 'TPH-C4CRR013', 'CODO PVC HCO ROSC X ROSC C-40 1/2 X 90', 6.06, 12.29, 16, '2016-04-21', 30),
(4503, 'TPH-C4CRR019', 'CODO PVC HCO ROSC X ROSC C-40 3/4 X 90', 8.51, 18.23, 16, '2016-04-21', 30),
(4504, 'TPH-C4CRR025', 'CODO PVC HCO ROSC X ROSC C-40 1 X 90', 19.04, 38.4, 16, '2016-04-21', 30),
(4505, 'TPH-C4CRR513', 'REDUCC.BUSHING HCA ROSXROS C-40 1X1/2', 11.38, 13.2, 16, '2016-04-21', 30),
(4506, 'TPH-C4CRR519', 'REDUCC.BUSHING HCA ROS X ROS C-40 1X3/4', 11.37, 18.58, 16, '2016-04-21', 30),
(4507, 'TPH-C4CRR819', 'REDUCC.BUSHING HCA ROSXROS C-40 11/2 3/4', 18.45, 30.14, 16, '2016-08-11', 30),
(4508, 'TPH-C4CRR913', 'REDUCC.BUSHING HCA ROSXROS C-40 3/4X1/2', 7.75, 12.66, 16, '2016-05-06', 30),
(4509, 'TPH-C4CSR013', 'TEE SENCILLA PVC ROS X ROS X ROS 1/2', 12.63, 25.48, 16, '2016-04-30', 30),
(4510, 'TPH-C4CSR019', 'TEE SENCILLA PVC ROS X ROS X ROS 3/4', 17.84, 35.98, 16, '2016-04-30', 30),
(4511, 'TPH-C4CSR025', 'TEE SENCILLA PVC ROS X ROS X ROS 1', 24.76, 49.94, 16, '2016-04-30', 30),
(4512, 'TPH-C4CTA013', 'TAPA PVC HCA CEM C-40 DE 1/2', 2.19, 4.42, 16, '2011-12-19', 30),
(4513, 'TPH-C4CTA019', 'TAPA PVC HCA CEM C-40 DE 3/4', 2.61, 5.27, 16, '2011-09-14', 30),
(4514, 'TPH-C4CTA025', 'TAPA PVC HCA CEM C-40 DE 1', 4.12, 8.32, 16, '2011-09-14', 30),
(4515, 'TPH-C4CTAR13', 'TAPA PVC HCO ROSCAR C-40 DE 1/2', 5.03, 5.3, 16, '2016-03-29', 30),
(4516, 'TPH-C4CTAR19', 'TAPA PVC HCO ROSCAR C-40 DE 3/4', 5.99, 6.3, 16, '2011-04-20', 30),
(4517, 'TPH-C4CTAR25', 'TAPA PVC HCO ROSCAR C-40 DE 1', 9.04, 9.6, 16, '2011-04-20', 30),
(4518, 'TPH-C4CTR013', 'TUERCA UNION PVC HCA ROSCAR C40 DE 1/2', 16.21, 34.81, 16, '2010-04-15', 30),
(4519, 'TPH-C4CTR019', 'TUERCA UNION PVC HCA ROSCAR C40 DE 3/4', 20.98, 45.05, 16, '2010-04-15', 30),
(4520, 'TPH-C4CTR025', 'TUERCA UNION PVC HCA ROSCAR C40 DE 1', 34.05, 53.98, 16, '2010-04-15', 30),
(4521, 'TPH-C4CTR032', 'TUERCA UNION PVC HCA ROSCAR C40 DE 1-1/4', 54.35, 86.15, 16, '2010-04-15', 30),
(4522, 'TPH-C4CTR038', 'TUERCA UNION PVC HCA ROSCAR C40 DE 1-1/2', 76.01, 120.49, 16, '2010-04-15', 30),
(4523, 'TPH-C4CTR051', 'TUERCA UNION PVC HCA ROSCAR C40 DE 2', 103.12, 163.45, 16, '2010-04-15', 30),
(4524, 'TPH-C4CTR251', 'TEE REDUCIDA PVC HCO. CEM. C40 1X1/2', 7.03, 11.84, 16, '2010-10-21', 30),
(4525, 'TPH-C4CTR252', 'TEE REDUCIDA PVC HCO. CEM. C40 1X3/4', 7.65, 12.89, 16, '2012-08-14', 30),
(4526, 'TPH-C4CTR382', 'TEE REDUCIDA PVC HCO. CEM. C40 1-1/2X1', 20.05, 33.77, 16, '2011-02-17', 30),
(4527, 'TPH-C4CTS013', 'TEE SENCILLA PVC HCO CEM DE 1/2', 2.02, 2.3, 16, '2006-06-06', 30),
(4528, 'TPH-C4CTS019', 'TEE SENCILLA PVC HCO CEM DE 3/4', 2.77, 6.98, 16, '2006-06-06', 30),
(4529, 'TPH-C4CTS025', 'TEE SENCILLA PVC HCO CEM DE 1', 7.14, 17.99, 16, '2006-06-06', 30),
(4530, 'TPH-C4CTS032', 'TEE SENCILLA PVC HCO CEM DE 1-1/4', 11.06, 27.89, 16, '2006-06-06', 30),
(4531, 'TPH-C4CTS038', 'TEE SENCILLA PVC HCO CEM DE 1-1/2', 12.33, 31.09, 16, '2006-06-06', 30),
(4532, 'TPH-C4CTS051', 'TEE SENCILLA PVC HCO CEM DE 2', 19.12, 38.57, 16, '2006-06-06', 30),
(4533, 'TPH-C4CTU013', 'TUERCA UNION PVC HCA CEMENTAR C40 1/2', 4.46, 5.2, 16, '2007-04-07', 30),
(4534, 'TPH-C4CTU019', 'TUERCA UNION PVC HCA CEMENTAR C40 3/4', 19.25, 41.35, 16, '2007-04-07', 30),
(4535, 'TPH-C4CTU025', 'TUERCA UNION PVC HCA CEMENTAR C40 1', 13.84, 10.6, 16, '2007-05-07', 30),
(4536, 'TPH-C4CTU032', 'TUERCA UNION PVC HCA CEMENTAR C40 1-1/4', 95.54, 151.45, 16, '2010-04-15', 30),
(4537, 'TPH-C4CTU038', 'TUERCA UNION PVC HCA CEMENTAR C40 1-1/2', 75.83, 120.2, 16, '2010-04-15', 30),
(4538, 'TPH-C4CTU051', 'TUERCA UNION PVC HCA CEMENTAR C40 2', 134.27, 212.83, 16, '2010-04-15', 30),
(4539, 'TPH-C4CTU076', 'TUERCA UNION PVC HCA CEMENTAR C40 3', 300.09, 475.68, 16, '2011-01-27', 30),
(4540, 'TPH-C4CVCR13', 'VALVULA CHECK RESORTE PVC CED.40 DE 1/2', 27.08, 39.02, 16, '2011-06-14', 30),
(4541, 'TPH-C4CVCR19', 'VALVULA CHECK RESORTE PVC CED.40 DE 3/4', 28.29, 42.79, 16, '2011-06-14', 30),
(4542, 'TPH-C4CVCR25', 'VALVULA CHECK RESORTE PVC CED.40 DE 1', 52.56, 82.82, 16, '2011-06-14', 30),
(4543, 'TPH-C4CY013', 'YEE PVC HCO CEM C-40 1/2', 16.62, 28.28, 16, '2017-02-24', 30),
(4544, 'TPH-C4CY019', 'YEE PVC HCO CEM C-40 3/4', 26.92, 44.11, 16, '2017-02-24', 30),
(4545, 'TPH-C4CY025', 'YEE PVC HCO CEM C-40 1', 37.51, 61.45, 16, '2016-07-07', 30),
(4546, 'TPH-C4RB1913', 'REDUCC.BUSHING HCA CEM C-40 3/4 X 1/2', 2.82, 2.9, 16, '2006-08-06', 30),
(4547, 'TPH-C4RB2513', 'REDUCC.BUSHING HCA CEM C-40 1 X 1/2', 4.57, 7.46, 16, '2006-08-06', 30),
(4548, 'TPH-C4RB2519', 'REDUCC.BUSHING HCA CEM C-40 1 X 3/4', 4.57, 7.46, 16, '2006-09-06', 30),
(4549, 'TPH-C4RB3213', 'REDUCC.BUSHING HCA CEM C-40 1-1/4 X 1/2', 6.78, 11.07, 16, '2006-08-06', 30),
(4550, 'TPH-C4RB3219', 'REDUCC.BUSHING HCA CEM C-40 1-1/4 X 3/4', 6.38, 10.42, 16, '2006-08-06', 30),
(4551, 'TPH-C4RB3225', 'REDUCC.BUSHING HCA CEM C-40 1-1/4 X 1', 6.38, 10.42, 16, '2006-08-06', 30),
(4552, 'TPH-C4RB3813', 'REDUCC.BUSHING HCA CEM C-40 1-1/2 X 1/2', 6.63, 10.83, 16, '2006-11-06', 30),
(4553, 'TPH-C4RB3819', 'REDUCC.BUSHING HCA CEM C-40 1-1/2 X 3/4', 6.73, 10.99, 16, '2006-11-06', 30),
(4554, 'TPH-C4RB3825', 'REDUCC.BUSHING HCA CEM C-40 1-1/2 X 1', 6.73, 10.99, 16, '2006-08-06', 30),
(4555, 'TPH-C4RB3832', 'REDUCC.BUSHING HCA CEM C-40 1-1/2 X 1-14', 6.73, 10.99, 16, '2007-05-07', 30),
(4556, 'TPH-C4RB5113', 'REDUCC.BUSHING HCA CEM C-40 2 X 1/2', 11.12, 18.16, 16, '2006-08-06', 30),
(4557, 'TPH-C4RB5119', 'REDUCC.BUSHING HCA CEM C-40 2 X 3/4', 11.12, 18.16, 16, '2006-08-06', 30),
(4558, 'TPH-C4RB5125', 'REDUCC.BUSHING HCA CEM C-40 2 X 1', 10.83, 17.69, 16, '2006-08-06', 30),
(4559, 'TPH-C4RB5132', 'REDUCC.BUSHING HCA CEM C-40 2 X 1-1/4', 11.86, 19.38, 16, '2006-08-06', 30),
(4560, 'TPH-C4RB5138', 'REDUCC.BUSHING HCA CEM C-40 2 X 1-1/2', 10.7, 17.48, 16, '2006-08-06', 30),
(4561, 'TPH-C4RB7613', 'REDUCC.BUSHING HCA CEM C-40 3 X 1/2', 26.37, 43.08, 16, '2015-04-14', 30),
(4562, 'TPH-C4RB7625', 'REDUCC.BUSHING HCA CEM C-40 3 X 1', 26.37, 43.08, 16, '2016-03-29', 30),
(4563, 'TPH-C4RB7651', 'REDUCC.BUSHING HCA CEM C-40 3 X 2', 25.7, 41.98, 16, '2016-05-11', 30),
(4564, 'TPH-C4TA013', 'TUBO PVC CED. 40 ABOCINADO DE 1/2 (6MTS)', 48.47, 72.75, 16, '2010-07-02', 30),
(4565, 'TPH-C4TA0133', 'TUBO PVC CED. 40 ABOCINADO DE 1/2 (3MTS)', 26.3, 39.47, 16, '2010-07-15', 30),
(4566, 'TPH-C4TA019', 'TUBO PVC CED. 40 ABOCINADO DE 3/4 (6MTS)', 58.01, 91.4, 16, '2013-12-03', 30),
(4567, 'TPH-C4TA0193', 'TUBO PVC CED. 40 ABOCINADO DE 3/4 (3MTS)', 31.91, 50.27, 16, '2013-12-03', 30),
(4568, 'TPH-C4TA025', 'TUBO PVC CED. 40 ABOCINADO DE 1 (6MTS)', 99.98, 157.52, 16, '2012-03-06', 30),
(4569, 'TPH-C4TA0253', 'TUBO PVC CED. 40 ABOCINADO DE 1 (3MTS)', 49.92, 78.66, 16, '2012-03-06', 30),
(4570, 'TPH-C4TA051', 'TUBO PVC CED. 40 ABOCINADO DE 2 (6MTS)', 213.26, 349.52, 16, '2016-07-27', 30),
(4571, 'TPH-C4TA101', 'TUBO PVC CED. 40 ABOCINADO DE 4 (6MTS)', 575.85, 943.75, 16, '2012-10-18', 30),
(4572, 'TPH-C4TL013', 'TUBO PVC CEDULA 40 E. LISO DE 1/2 X 6MTS', 45.3, 55, 16, '2010-09-17', 30),
(4573, 'TPH-C4TL0133', 'TUBO PVC CEDULA 40 E. LISO DE 1/2 X 3MTS', 26.3, 39.47, 16, '2011-04-19', 30),
(4574, 'TPH-C4TL019', 'TUBO PVC CEDULA 40 E. LISO DE 3/4 X 6MTS', 60.96, 96.04, 16, '2012-08-28', 30),
(4575, 'TPH-C4TL0193', 'TUBO PVC CEDULA 40 E. LISO DE 3/4 X 3MTS', 33.53, 52.83, 16, '2012-08-28', 30),
(4576, 'TPH-C4TL025', 'TUBO PVC CEDULA 40 E. LISO DE 1 X 6MTS.', 88.75, 139.82, 16, '2012-04-23', 30),
(4577, 'TPH-C4TL0253', 'TUBO PVC CEDULA 40 E. LISO DE 1 X 3MTS.', 49.92, 78.66, 16, '2012-04-23', 30),
(4578, 'TPH-C4TL032', 'TUBO PVC CEDULA 40 E. LISO DE 1-1/4 X 6M', 123.89, 195.2, 16, '2015-11-17', 30),
(4579, 'TPH-C4TL0323', 'TUBO PVC CEDULA 40 E. LSIO DE 1-1/4 X 3M', 68.14, 111.67, 16, '2015-11-17', 30),
(4580, 'TPH-C4TL038', 'TUBO PVC CEDULA 40 E. LISO DE 1-1/2 X 6M', 147.16, 231.86, 16, '2015-11-17', 30),
(4581, 'TPH-C4TL0383', 'TUBO PVC CEDULA 40 E. LISO DE 1-1/2 X 3M', 80.93, 127.52, 16, '2015-11-17', 30),
(4582, 'TPH-C4TL051', 'TUBO PVC CEDULA 40 E. LISO DE 2 X 6MTS.', 215.48, 353.15, 16, '2011-04-20', 30),
(4583, 'TPH-C4TL0513', 'TUBO PVC CEDULA 40 E. LISO DE 2 X 3MTS.', 107.97, 176.96, 16, '2011-04-20', 30),
(4584, 'TPH-C4TMR013', 'TAPON MACHO C-40 ROSCA EXT. DE 1/2', 7.29, 11.91, 16, '2013-03-26', 30),
(4585, 'TPH-C4TMR019', 'TAPON MACHO C-40 ROSCA EXT. DE 3/4', 7.26, 14.64, 16, '2010-04-15', 30),
(4586, 'TPH-C4TMR025', 'TAPON MACHO C-40 ROSCA EXT. DE 1', 11.8, 23.81, 16, '2010-04-15', 30),
(4587, 'TPH-C4TMR032', 'TAPON MACHO C-40 ROSCA EXT. DE 1-1/4', 12.39, 24.99, 16, '2010-04-15', 30),
(4588, 'TPH-C4TMR038', 'TAPON MACHO C-40 ROSCA EXT. DE 1 1/2', 13.35, 26.93, 16, '2015-12-23', 30),
(4589, 'TPH-C4TR2513', 'TEE REDUCIDA PVC HCO CEM X ROS C40 1X1/2', 8.34, 14.04, 16, '2010-04-15', 30),
(4590, 'TPH-C4TR2519', 'TEE REDUCIDA PVC HCO CEM X ROS C40 1X3/4', 12.54, 21.11, 16, '2010-04-15', 30),
(4591, 'TPH-C4TRM051', 'TAPON MACHO C-40 ROSCA EXT. DE 2', 17.2, 34.7, 16, '2015-12-23', 30),
(4592, 'TPH-HIT126TM', 'TUBO HIDR.CEMEN.RD-26 DE 3/4 X 3 MTS.', 20.1, 34.2, 16, '2010-03-20', 30),
(4593, 'TPH-HIT13013', 'TUBO HIDR.CEMEN.RD-13.5 DE 1/2 X 6 MTS.', 30.91, 49.97, 16, '2006-04-06', 30),
(4594, 'TPH-HIT130TM', 'TUBO HIDR.CEMEN.RD-13.5 DE 1/2 X 3 MTS.', 17, 28.92, 16, '2010-03-20', 30),
(4595, 'TPH-HIT26019', 'TUBO HIDR.CEMEN.RD-26 DE 3/4 X 6 MTS.', 36.56, 59.09, 16, '2006-04-06', 30),
(4596, 'TPH-HIT26020', 'TUBO HIDR.CEMEN.RD-26 DE 1 X 3 MTS.', 25.67, 43.68, 16, '2010-03-19', 30),
(4597, 'TPH-HIT26025', 'TUBO HIDR.CEMEN.RD-26 DE 1 X 6 MTS.', 46.69, 81.74, 16, '2006-04-06', 30),
(4598, 'TPH-HIT26038', 'TUBO HIDR.CEMEN.RD-26 DE 1-1/2 X 6 MTS.', 82.1, 145.74, 16, '2006-04-06', 30),
(4599, 'TPH-HIT26051', 'TUBO HIDR.CEMEN.RD-26 DE 2 X 6 MTS.', 126.62, 224.78, 16, '2006-04-06', 30),
(4600, 'TPH-HITA2625', 'TUBO PVC HCO ABOC. S. ING. DE 1 RD26 6MT', 46.69, 73.56, 16, '2017-03-04', 30),
(4601, 'TPH-LLNPVC12', 'LLAVE NARIZ DE PVC DE 1/2', 15.88, 26.73, 16, '2012-04-27', 30),
(4602, 'TPH-LLNPVC34', 'LLAVE NARIZ DE PVC DE 3/4', 12.54, 26.87, 16, '2012-11-12', 30),
(4603, 'TPH-RBR1913', 'REDUCC.BUSHING PVC HCA CEMXROSC 3/4X1/2', 4.13, 6.74, 16, '2006-10-06', 30),
(4604, 'TPH-RBR2513', 'REDUCC.BUSHING PVC HCA CEMXROSC 1X1/2', 7.32, 11.95, 16, '2010-04-15', 30),
(4605, 'TPH-RBR2519', 'REDUCC.BUSHING PVC HCA CEMXROSC 1X3/4', 7.11, 11.62, 16, '2010-04-15', 30),
(4606, 'TPH-RBR3213', 'REDUCC.BUSHING PVC HCA CEMXROSC 11/4X1/2', 10.22, 16.69, 16, '2012-03-23', 30),
(4607, 'TPH-RBR3219', 'REDUCC.BUSHING PVC HCA CEMXROSC 11/4X3/4', 10.22, 16.69, 16, '2012-07-18', 30),
(4608, 'TPH-RBR3225', 'REDUCC.BUSHING PVC HCA CEMXROSC 11/4X1', 10.22, 16.69, 16, '2012-04-10', 30),
(4609, 'TPH-RBR3813', 'REDUCC.BUSHING PVC HCA CEMXROSC 11/2X1/2', 11.8, 19.28, 16, '2011-07-21', 30),
(4610, 'TPH-RBR3819', 'REDUCC.BUSHING PVC HCA CEMXROSC 11/2X3/4', 11.8, 19.28, 16, '2012-03-23', 30),
(4611, 'TPH-RBR3825', 'REDUCC.BUSHING PVC HCA CEMXROSC 11/2X1', 11.8, 19.28, 16, '2012-03-23', 30),
(4612, 'TPH-RBR3832', 'REDUCC.BUSHING PVC HCA CEMXROSC11/2X11/4', 11.8, 19.28, 16, '2013-09-17', 30),
(4613, 'TPH-RBR5013', 'REDUCC.BUSHING PVC HCA CEMXROSC 2X1/2', 15.8, 25.81, 16, '2012-04-10', 30),
(4614, 'TPH-RBR5019', 'REDUCC.BUSHING PVC HCA CEMXROSC 2X3/4', 15.8, 25.81, 16, '2013-09-20', 30),
(4615, 'TPH-RBR5025', 'REDUCC.BUSHING PVC HCA CEMXROSC 2X1', 15.8, 25.81, 16, '2011-07-21', 30),
(4616, 'TPH-RBR5032', 'REDUCC.BUSHING PVC HCA CEMXROSC 2X11/4', 15.8, 25.81, 16, '2013-09-17', 30),
(4617, 'TPH-RBR5038', 'REDUCC.BUSHING PVC HCA CEMXROSC 2X11/2', 15.8, 25.81, 16, '2013-09-17', 30),
(4618, 'TPH-RBR7650', 'REDUCC.BUSHING PVC HCA CEMXROSC 3X2', 26.37, 43.08, 16, '2014-01-28', 30),
(4619, 'TPH-TUPVC135', 'TUBO PVC RD-13.5 DE 1/2 X 6 MTS. ABOCINA', 32.66, 47.54, 16, '2013-05-27', 30),
(4620, 'TPH-VAEPR101', 'VALVULA ESFERA PVC COMPACTA ROS 4', 783.54, 1343.11, 16, '2016-07-07', 30),
(4621, 'ANB-VPPR890', 'VALVULA BOLA PP-R DE TERMOFUSION 25MM.', 17.77, 33, 16, '2015-12-10', 31),
(4622, 'ANB-VPPR899', 'VALVULA BOLA PP-R DE TERMOFUSION 20MM.', 10.76, 20.22, 16, '2015-07-09', 31),
(4623, 'LAT-40121', 'CODO 45 (F-F) (HH) 20MM.', 1.91, 4.09, 16, '2010-03-10', 31),
(4624, 'LAT-40122', 'CODO 45 (F-F) (HH) 25MM.', 3.04, 7.02, 16, '2010-03-10', 31),
(4625, 'LAT-40123', 'CODO 45 (F-F) (HH) 32MM.', 4.17, 10.95, 16, '2010-03-10', 31),
(4626, 'LAT-40131', 'TEE (FFF) (HHH) 20MM.', 1.98, 4.24, 16, '2010-03-10', 31),
(4627, 'LAT-40132', 'TEE (FFF) (HHH) 25MM.', 2.74, 6.33, 16, '2010-03-10', 31),
(4628, 'LAT-40133', 'TEE (FFF) (HHH) 32MM.', 4.3, 11.31, 16, '2010-03-10', 31),
(4629, 'LAT-40134', 'TEE (FFF) (HHH) 40MM.', 9.48, 24.89, 16, '2011-08-04', 31),
(4630, 'LAT-40136', 'TEE (FFF) (HHH) 63MM.', 21.8, 57.26, 16, '2017-02-28', 31),
(4631, 'LAT-40271', 'COPLE (F-F) (HH) 20MM.', 0.82, 1.75, 16, '2010-03-11', 31),
(4632, 'LAT-40272', 'COPLE (F-F) (HH) 25MM.', 1.53, 3.54, 16, '2010-03-11', 31),
(4633, 'LAT-40273', 'COPLE (F-F) (HH) 32MM.', 2.22, 5.83, 16, '2010-03-11', 31),
(4634, 'LAT-40274', 'COPLE (F-F) (HH) 40MM.', 7.38, 19.39, 16, '2011-08-04', 31),
(4635, 'LAT-40276', 'COPLE (F-F) (HH) 63MM.', 9.33, 24.5, 16, '2013-10-08', 31),
(4636, 'LAT-40301', 'TAPON CAPA HEMBRA (F) (H) 20MM.', 1.15, 2.46, 16, '2010-03-11', 31),
(4637, 'LAT-40302', 'TAPON CAPA HEMBRA (F) (H) 25MM.', 1.7, 3.93, 16, '2010-03-11', 31),
(4638, 'LAT-40303', 'TAPON CAPA HEMBRA (F) (H) 32MM.', 3.04, 7.98, 16, '2010-03-11', 31),
(4639, 'LAT-40341', 'TUERCA UNION (F-F) (HH) 20MM.', 3.23, 6.93, 16, '2010-03-11', 31),
(4640, 'LAT-40342', 'TUERCA UNION (F-F) (HH) 25MM.', 4.73, 10.94, 16, '2010-03-11', 31),
(4641, 'LAT-40343', 'TUERCA UNION (F-F) (HH) 32MM.', 6.67, 17.51, 16, '2010-03-11', 31),
(4642, 'LAT-40346', 'TUERCA UNION (F-F) (HH) 63MM.', 25.86, 67.91, 16, '2017-02-28', 31),
(4643, 'LAT-40601', 'BUJE FUSION PPR P/V A LV 20MM.', 0.81, 1.75, 16, '2011-08-04', 31),
(4644, 'LAT-40602', 'BUJE FUSION PPR P/V A LV 25MM.', 1.23, 2.84, 16, '2011-08-04', 31),
(4645, 'LAT-40901', 'CODO 90 (F-F) (HH) 20MM.', 1.59, 1.9, 16, '2010-03-10', 31),
(4646, 'LAT-40902', 'CODO 90 (F-F) (HH) 25MM.', 2.35, 5.43, 16, '2010-03-10', 31),
(4647, 'LAT-40903', 'CODO 90 (F-F) (HH) 32MM.', 3.51, 9.22, 16, '2010-03-10', 31),
(4648, 'LAT-40906', 'CODO 90 (F-F) (HH) 63MM.', 18.62, 48.91, 16, '2017-02-28', 31),
(4649, 'LAT-41131', 'TEE REDUCCION CENTRAL (HHH) 25X20X25', 2.85, 6.12, 16, '2011-08-04', 31),
(4650, 'LAT-41132', 'TEE REDUCCION CENTRAL (HHH) 32X20X32', 9.31, 24.47, 16, '2011-08-04', 31),
(4651, 'LAT-41133', 'TEE REDUCCION CENTRAL (HHH) 32X25X32', 9.31, 21.53, 16, '2011-08-04', 31),
(4652, 'LAT-41241', 'REDUCC.CAMPANA (HH) (FF) 25 X 20MM.', 1.15, 2.46, 16, '2010-03-11', 31),
(4653, 'LAT-41242', 'REDUCC.CAMPANA (HH) (FF) 32 X 20MM.', 2.67, 7.01, 16, '2010-03-11', 31),
(4654, 'LAT-41243', 'REDUCC.CAMPANA (HH) (FF) 32 X 25MM.', 2.67, 7.01, 16, '2010-03-11', 31),
(4655, 'LAT-41244', 'REDUCC.CAMPANA (HH) (FF) 40 X 20MM.', 5.31, 13.94, 16, '2011-08-04', 31),
(4656, 'LAT-42131', 'TEE R. HEMBRA I.M. (HHH) (FRF) 20 X 1/2', 11.81, 25.32, 16, '2010-03-10', 31),
(4657, 'LAT-42132', 'TEE R. HEMBRA I.M. (HHH) (FRF) 25 X 3/4', 21.05, 48.66, 16, '2010-03-10', 31),
(4658, 'LAT-42133', 'TEE R. HEMBRA I.M. (HHH) (FRF) 32 X 1', 37.94, 99.64, 16, '2010-03-10', 31),
(4659, 'LAT-42201', 'COPLE MACHO I.M. (HM) (FR) 20 X 1/2', 12.52, 15.2, 16, '2010-08-09', 31),
(4660, 'LAT-42202', 'COPLE MACHO I.M. (HM) (FR) 25 X 3/4', 12.85, 29.7, 16, '2010-03-11', 31),
(4661, 'LAT-42203', 'COPLE MACHO I.M. (HM) (FR) 32 X 1', 27.6, 72.47, 16, '2010-03-11', 31),
(4662, 'LAT-42204', 'COPLE MACHO I.M. (HM) (FR) 25 x 1/2', 15.18, 32.52, 16, '2011-08-04', 31),
(4663, 'LAT-42205', 'COPLE MACHO I.M. (HM) (FR) 32 X 3/4', 24.67, 64.79, 16, '2011-08-04', 31),
(4664, 'LAT-42222', 'COPLE MACHO I.M. (HM) (FR) 63 X 2', 65.62, 151.65, 16, '2017-02-28', 31),
(4665, 'LAT-42231', 'TEE R. MACHO I.M. (HMH) (FRF) 20 X 1/2', 15.18, 32.52, 16, '2010-03-10', 31),
(4666, 'LAT-42232', 'TEE R. MACHO I.M. (HMH) (FRF) 25 X 3/4', 23.28, 53.79, 16, '2010-03-10', 31),
(4667, 'LAT-42233', 'TEE R. MACHO I.M. (HMH) (FRF) 32 X 1', 42.95, 112.8, 16, '2010-03-10', 31),
(4668, 'LAT-42234', 'TEE R. MACHO I.M. (HMH) (FRF) 25 X 1/2', 20.87, 44.72, 16, '2011-08-05', 31),
(4669, 'LAT-42241', 'COPLE HEMBRA I.M. (HH) (FR) 20 X 1/2', 8.39, 17.99, 16, '2010-03-11', 31),
(4670, 'LAT-42242', 'COPLE HEMBRA I.M. (HH) (FR) 25 X 3/4', 10.39, 24.01, 16, '2010-03-11', 31),
(4671, 'LAT-42243', 'COPLE HEMBRA I.M. (HH) (FR) 32 X 1', 20.63, 54.17, 16, '2010-03-11', 31),
(4672, 'LAT-42244', 'COPLE HEMBRA I.M. (HH) (FR) 25 X 1/2', 13.28, 28.45, 16, '2011-08-04', 31),
(4673, 'LAT-42262', 'COPLE HEMBRA I.M. (HH) (FR) 63 X 2', 57.6, 133.1, 16, '2017-02-28', 31),
(4674, 'LAT-42341', 'TUERCA UNION I.M. (HH) (FR) 20 X 1/2', 39.83, 85.34, 16, '2010-03-11', 31),
(4675, 'LAT-42342', 'TUERCA UNION I.M. (HH) (FR) 25 X 3/4', 58.8, 135.89, 16, '2010-03-11', 31),
(4676, 'LAT-42343', 'TUERCA UNION I.M. (HH) (FR) 32 X 1', 77.79, 204.27, 16, '2011-08-05', 31),
(4677, 'LAT-42441', 'TUERCA UNION I.M. (HM) (TF-RC) 20 X 1/2', 28.44, 60.93, 16, '2011-08-04', 31),
(4678, 'LAT-42442', 'TUERCA UNION I.M. (HM) (TF-RC) 25 X 3/4', 37.94, 87.68, 16, '2011-08-04', 31),
(4679, 'LAT-42443', 'TUERCA UNION I.M. (HM) (TF-RC) 32 X 1', 57.05, 149.82, 16, '2011-08-04', 31),
(4680, 'LAT-42801', 'CODO 90 MACHO I.M. (HM) (FR) 20 X 1/2', 13.31, 28.53, 16, '2010-03-10', 31),
(4681, 'LAT-42802', 'CODO 90 MACHO I.M. (HM) (FR) 25 X 3/4', 17.28, 39.93, 16, '2010-03-10', 31),
(4682, 'LAT-42803', 'CODO 90 MACHO I.M. (HM) (FR) 32 X 1', 36.04, 94.65, 16, '2010-03-10', 31),
(4683, 'LAT-42901', 'CODO 90 HEMBRA I.M. (HH) (FR) 20 X 1/2', 10.52, 22.55, 16, '2010-03-10', 31),
(4684, 'LAT-42902', 'CODO 90 HEMBRA I.M. (HH) (FR) 25 X 3/4', 15.06, 34.81, 16, '2010-03-10', 31),
(4685, 'LAT-42903', 'CODO 90 HEMBRA I.M. (HH) (FR) 32 X 1', 29.41, 77.22, 16, '2010-03-10', 31),
(4686, 'LAT-45001', 'DADO PARA TERMOFUSORA (MH) 20MM.', 56.89, 121.89, 16, '2011-08-04', 31),
(4687, 'LAT-45002', 'DADO PARA TERMOFUSORA (MH) 25MM.', 72.08, 166.56, 16, '2011-08-04', 31),
(4688, 'LAT-45003', 'DADO PARA TERMOFUSORA (MH) 32MM.', 104.34, 274, 16, '2011-08-04', 31),
(4689, 'LAT-45004', 'DADO PARA TERMOFUSORA (MH) 40MM.', 132.59, 348.17, 16, '2011-08-05', 31),
(4690, 'LAT-45005', 'DADO PARA TERMOFUSORA (MH) 50MM.', 165.02, 433.33, 16, '2011-08-05', 31),
(4691, 'LAT-45006', 'DADO PARA TERMOFUSORA (MH) 63MM.', 189.65, 498, 16, '2011-08-05', 31),
(4692, 'LAT-48201', 'TUBO TERMOFUSION PN20 20MM. X 4.00M.', 37.34, 43.4, 16, '2011-04-11', 31),
(4693, 'LAT-48201M', 'TUBO TERMOFUSION PN20 20MM. X 2.00M.', 22.09, 28.81, 16, '2011-04-11', 31),
(4694, 'LAT-48202', 'TUBO TERMOFUSION PN20 25MM. X 4.00M.', 69.76, 92.61, 16, '2011-07-26', 31),
(4695, 'LAT-48202M', 'TUBO TERMOFUSION PN20 25MM. X 2.00M.', 41.25, 54.78, 16, '2011-07-26', 31),
(4696, 'LAT-48203', 'TUBO TERMOFUSION PN20 32MM. X 4.00M.', 141.36, 186.22, 16, '2010-03-10', 31),
(4697, 'LAT-48203M', 'TUBO TERMOFUSION PN20 32MM. X 2.00M.', 86.37, 113.81, 16, '2010-03-25', 31),
(4698, 'LAT-48204', 'TUBO TERMOFUSION PN20 40MM. X 4.00M.', 226.52, 298.39, 16, '2011-08-05', 31),
(4699, 'LAT-48204M', 'TUBO TERMOFUSION PN20 40MM. X 2.00M.', 138.39, 182.35, 16, '2011-08-05', 31),
(4700, 'LAT-48205', 'TUBO TERMOFUSION PN20 50MM. X 4.00M.', 373.46, 491.96, 16, '2011-08-05', 31),
(4701, 'LAT-48205M', 'TUBO TERMOFUSION PN20 50MM. X 2.00M.', 228.16, 300.65, 16, '2013-12-10', 31),
(4702, 'LAT-48206', 'TUBO TERMOFUSION PN20 63MM. X 4.00M.', 426.92, 557.06, 16, '2017-02-28', 31),
(4703, 'LAT-48206M', 'TUBO TERMOFUSION PN20 63MM. X 2.00M.', 252.55, 329.38, 16, '2017-02-28', 31),
(4704, 'LAT-T2063', 'TERMOFUSORA CON DADOS DE 20MM. A 63MM.', 1292.75, 1878.41, 16, '2010-11-23', 31),
(4705, 'AKS-109902', 'PEGAMENTO PARA PCV BOTE 90ML.', 21.04, 38.45, 16, '2015-10-03', 32),
(4706, 'AKS-109903', 'PEGAMENTO PARA PVC BOTE 145ML.', 27.05, 49.43, 16, '2015-10-03', 32),
(4707, 'AKS-109921', 'PEGAMENTO AZUL PARA PVC TUBO  60ML.', 13.53, 14.9, 16, '2016-01-28', 32),
(4708, 'AKS-109922', 'PEGAMENTO AZUL PARA PVC BOTE  90ML.', 22.04, 24.3, 16, '2015-10-03', 32),
(4709, 'AKS-109923', 'PEGAMENTO AZUL PARA PVC BOTE 145ML.', 27.55, 50.35, 16, '2018-08-22', 32),
(4710, 'AKS-109924', 'PEGAMENTO AZUL PARA PVC BOTE 250ML.', 40.08, 73.24, 16, '2015-10-03', 32),
(4711, 'AKS-109925', 'PEGAMENTO AZUL PARA PVC BOTE 500ML.', 71.14, 130, 16, '2015-10-03', 32),
(4712, 'ANB-PEG112', 'PEGAMENTO P/PVC SANITARIO REF. TUBO 60ML', 13.62, 25.3, 16, '2013-06-15', 32),
(4713, 'ANB-PEG113', 'PEGAMENTO P/PVC SANITARIO REF. DE 1/8 LT', 23.7, 41.63, 16, '2013-06-15', 32),
(4714, 'ANB-PEG114', 'PEGAMENTO P/PVC SANITARIO REF. DE 1/4 LT', 33.9, 63.68, 16, '2013-06-15', 32),
(4715, 'ANB-PEG115', 'PEGAMENTO P/PVC SANITARIO REF. DE 1/2LTO', 59.18, 124.26, 16, '2013-06-17', 32),
(4716, 'ANB-PEG116', 'PEGAMENTO P/PVC SANITARIO REF. DE 1 LTO.', 94.15, 208.09, 16, '2013-06-15', 32),
(4717, 'ANB-RA1451', 'REJILLA CROMADA 3 ACERO INOXIDABLE', 7.11, 15.73, 16, '2017-04-06', 32),
(4718, 'ANB-RAI451', 'REJILLA DE ACERO INOXIDABLE 3-1/2', 7.53, 16.64, 16, '2014-07-10', 32),
(4719, 'ANB-REJAI4', 'REJILLA CROMADA 4 REF. ACERO INOXIDABLE', 36.04, 75.68, 16, '2010-10-06', 32),
(4720, 'ANB-REJC4', 'REJILLA CROMADA 4 ACERO INOXIDABLE', 16.59, 29.14, 16, '2010-10-06', 32),
(4721, 'HE1-AABF2691', 'ATRAPATODO P/COLADERA GARDEN TRANS.F2691', 19.05, 31.22, 16, '2014-08-12', 32),
(4722, 'HE1-AABF2692', 'ATRAPATODO P/COLADERA GARDEN VDE.F2692', 19.54, 32.02, 16, '2013-07-13', 32),
(4723, 'HE1-AABF2693', 'ATRAPATODO P/COLADERA GARDEN AMARI.F2693', 19.59, 32.1, 16, '2013-07-13', 32),
(4724, 'HE1-AABF2694', 'ATRAPATODO P/COLADERA RETICULA TRANF2694', 19.3, 31.63, 16, '2016-07-06', 32),
(4725, 'HE1-AABF2695', 'ATRAPATODO P/COLADERA RETICULA ROJOF2695', 20.44, 33.5, 16, '2013-07-13', 32),
(4726, 'HE1-AABF2696', 'ATRAPATODO P/COLADERA RETICULA AZULF2696', 19.99, 32.75, 16, '2013-07-13', 32),
(4727, 'HE1-ACOF2250', 'COLADERA SOL CROM. F2250', 20.52, 33.61, 16, '2017-04-05', 32),
(4728, 'HE1-ACOF2254', 'COLADERA UNIV. CIRC. CROM.C/TAPA F-2254', 39.1, 64.07, 16, '2013-07-13', 32),
(4729, 'HE1-ACOF2602', 'COLADERA UNIV. CUAD. CROM.S/TAPA F-2602', 38.02, 62.3, 16, '2013-07-13', 32),
(4730, 'HEP-067', 'REJILLA DE ALUMINIO MEDIA VUELTA PULIDA', 13.16, 22.16, 16, '2018-05-03', 32),
(4731, 'HEP-068', 'REJILLA PARA TRES TORNILLOS DE ALUMINIO', 14.96, 25.18, 16, '2017-06-15', 32),
(4732, 'MEX-LZ20201', 'CEMENTO CONTACT PVC ET.DORADA LATA 4oz.', 28.78, 47.16, 16, '2011-11-24', 32),
(4733, 'MEX-LZ20202', 'CEMENTO CONTACT PVC ET.DORADA LATA 8oz.', 29.41, 48.18, 16, '2011-11-24', 32),
(4734, 'MEX-LZ20203', 'CEMENTO CONTACT PVC ET.DORADA LATA 16oz.', 35.79, 58.64, 16, '2011-11-24', 32),
(4735, 'MEX-LZ20204', 'CEMENTO CONTACT PVC ET.DORADA LATA 32oz.', 59.66, 97.74, 16, '2011-11-24', 32),
(4736, 'MEX-LZ20208', 'CEMENTO CONTACT PVC ET.DORADA TUBO 60ML.', 9.74, 15.96, 16, '2011-11-24', 32),
(4737, 'MEX-LZ20402', 'CEMENTO CONTACT EXT.REF.ET.AZ.CLARO 8oz', 30.55, 50.05, 16, '2011-11-24', 32),
(4738, 'MEX-LZ20403', 'CEMENTO CONTACT EXT.REF.ET.AZ.CLARO 16oz', 42.01, 68.82, 16, '2011-11-24', 32),
(4739, 'MEX-LZ20502', 'CONTACT 205 LIMPIADOR PVC TRANSP.  8oz.', 24.78, 40.59, 16, '2011-11-24', 32),
(4740, 'MEX-LZ20503', 'CONTACT 205 LIMPIADOR PVC TRANSP. 16oz.', 33.06, 54.16, 16, '2011-11-24', 32),
(4741, 'MEX-LZ22201', 'CEMENTO CONTACT PVC ET.AZ.FTE.LATA 4oz.', 24.92, 40.83, 16, '2011-11-24', 32),
(4742, 'MEX-LZ22202', 'CEMENTO CONTACT PVC ET.AZ.FTE.LATA 8oz.', 31.82, 52.13, 16, '2011-11-24', 32),
(4743, 'MEX-LZ22203', 'CEMENTO CONTACT PVC ET.AZ.FTE.LATA 16oz.', 53.59, 87.8, 16, '2011-11-24', 32),
(4744, 'MEX-LZ22204', 'CEMENTO CONTACT PVC ET.AZ.FTE.LATA 32oz.', 91.47, 149.86, 16, '2011-11-24', 32),
(4745, 'MEX-LZ22208', 'CEMENTO CONTACT PVC ET.AZ.FTE.TUBO 60ML.', 19.45, 31.86, 16, '2011-11-24', 32),
(4746, 'TMR-CPP0139', 'CODO PVC PESADO 13MM 1Y2', 3.16, 7.39, 16, '2017-11-21', 32),
(4747, 'TOO-TC1628', 'CEMENTO PARA PVC USO SANITARIO DE 4oz.', 17.21, 27.16, 16, '2008-12-05', 32),
(4748, 'TOO-TC1629', 'CEMENTO PARA PVC USO SANITARIO DE 8oz.', 27.63, 47.23, 16, '2008-12-05', 32),
(4749, 'TOO-TC1630', 'CEMENTO PARA PVC USO SANITARIO DE 16oz.', 48.25, 89.95, 16, '2008-12-05', 32),
(4750, 'TOO-TC2692', 'CEMENTO SANITARIO 60ML. P/PVC CLARO', 9.65, 16.49, 16, '2010-05-08', 32),
(4751, 'TPC-00101-A', 'TUBO PVC DE 1-1/2 X 6 MTS. LIG. SANITARI', 42.84, 62.35, 16, '2005-01-05', 32),
(4752, 'TPC-00102-A', 'TUBO PVC DE 2 X 6 MTS. LIG. SANITARIA', 46.26, 57.8, 16, '2005-01-05', 32),
(4753, 'TPC-00102-B', 'TUBO PVC DE 2 X 3 MTS. LIG. SANITARIA', 25.44, 41.35, 16, '2010-03-19', 32),
(4754, 'TPC-00103-A', 'TUBO PVC DE 3 X 6 MTS. LIG. SANITARIA', 64.25, 104.41, 16, '2005-01-05', 32),
(4755, 'TPC-00103-B', 'TUBO PVC DE 3 X 3 MTS. LIG. SANITARIA', 35.33, 57.42, 16, '2010-03-19', 32),
(4756, 'TPC-00104-A', 'TUBO PVC DE 4 X 6 MTS. LIG. SANITARIA', 92.53, 115.6, 16, '2005-01-05', 32),
(4757, 'TPC-00104-B', 'TUBO PVC DE 4 X 3 MTS. LIG. SANITARIA', 50.89, 82.7, 16, '2010-03-19', 32),
(4758, 'TPC-00105-A', 'TUBO PVC DE 6 X 6 MTS. LIG. SANITARIA', 212.04, 344.58, 16, '2005-01-05', 32),
(4759, 'TPC-00107-B', 'TUBO PVC DE 1-1/2 X 3 MTS. NORMA SANITAR', 26.99, 39.29, 16, '2010-04-24', 32),
(4760, 'TPC-00108-A', 'TUBO PVC DE 2 X 6 MTS. NORMA SANITARIA', 63.79, 111.59, 16, '2007-05-07', 32),
(4761, 'TPC-00108-B', 'TUBO PVC DE 2 X 3 MTS. NORMA SANITARIA', 31.89, 46.42, 16, '2010-04-24', 32),
(4762, 'TPC-00109-A', 'TUBO PVC DE 3 X 6 MTS. NORMA SANITARIA', 93.72, 163.93, 16, '2007-05-07', 32),
(4763, 'TPC-00109-B', 'TUBO PVC DE 3 X 3 MTS. NORMA SANITARIA', 51.54, 75.02, 16, '2010-04-24', 32),
(4764, 'TPC-00110-A', 'TUBO PVC DE 4 X 6 MTS. NORMA SANITARIA', 137.65, 240.78, 16, '2007-05-07', 32),
(4765, 'TPC-00110-B', 'TUBO PVC DE 4 X 3 MTS. NORMA SANITARIA', 68.82, 100.17, 16, '2010-04-24', 32),
(4766, 'TPC-00110-C', 'TUBO PVC DE 4 X 6 MTS. NORMA SANIT. BEST', 120.49, 210.77, 16, '1905-08-08', 32),
(4767, 'TPC-00110-D', 'TUBO PVC DE 4 X 3 MTS. NORMA SANIT. BEST', 60.24, 87.69, 16, '2017-08-08', 32),
(4768, 'TPC-00111-A', 'TUBO PVC DE 6 X 6 MTS. NORMA SANITARIA', 440.81, 771.08, 16, '2013-07-05', 32),
(4769, 'TPC-00111-B', 'TUBO PVC DE 6 X 3 MTS. NORMA SANITARIA', 148.45, 216.07, 16, '2010-04-24', 32),
(4770, 'TPC-00113-A', 'CODO PVC DE 90 X 1-1 /2 SANITARIA', 1.83, 2.77, 16, '2005-01-05', 32),
(4771, 'TPC-00114-A', 'CODO PVC DE 90 X 2 SANITARIA', 1.91, 2.2, 16, '2005-01-05', 32),
(4772, 'TPC-00115-A', 'CODO PVC DE 90 X 3 SANITARIA', 5.15, 6, 16, '2005-01-05', 32),
(4773, 'TPC-00116-A', 'CODO PVC DE 90 X 4 SANITARIA', 9.67, 11.2, 16, '2005-01-05', 32),
(4774, 'TPC-00117-A', 'CODO PVC DE 90 X 6 SANITARIA', 24.86, 37.6, 16, '2005-01-05', 32),
(4775, 'TPC-00119-A', 'CODO PVC DE 45 X 1-1/2 SANITARIA', 1.49, 2.62, 16, '2005-01-05', 32),
(4776, 'TPC-00120-A', 'CODO PVC DE 45 X 2 SANITARIA', 1.79, 3.12, 16, '2005-01-05', 32),
(4777, 'TPC-00121-A', 'CODO PVC DE 45 X 3 SANITARIA', 5.57, 6.4, 16, '2005-01-05', 32),
(4778, 'TPC-00122-A', 'CODO PVC DE 45 X 4 SANITARIA', 6.9, 8, 16, '2005-01-05', 32),
(4779, 'TPC-00123-A', 'CODO PVC DE 45 X 6 SANITARIA', 19.11, 28.91, 16, '2005-01-05', 32),
(4780, 'TPC-00125-A', 'TEE SENCILLA PVC DE 1-1/2 SANITARIA', 2.17, 3.65, 16, '2005-01-05', 32),
(4781, 'TPC-00126-A', 'TEE SENCILLA PVC DE 2 SANITARIA', 4.5, 6.48, 16, '2005-01-05', 32),
(4782, 'TPC-00127-A', 'TEE SENCILLA PVC DE 3 SANITARIA', 7.99, 13.45, 16, '2005-01-05', 32),
(4783, 'TPC-00128-A', 'TEE SENCILLA PVC DE 4 SANITARIA', 12.35, 14.4, 16, '2005-01-05', 32),
(4784, 'TPC-00129-A', 'TEE SENCILLA PVC DE 6 SANITARIA', 37.26, 62.75, 16, '2005-01-05', 32),
(4785, 'TPC-00131-A', 'TEE SENCILLA PVC DE 4 X 2 SANITARIA', 12.12, 17.46, 16, '2005-01-05', 32),
(4786, 'TPC-00133-A', 'TEE DOBLE PVC DE 4 X 2 SANITARIA', 22.5, 36.75, 16, '2011-08-01', 32),
(4787, 'TPC-00134-A', 'TEE DOBLE PVC DE 4 X 4 SANITARIA', 25.09, 40.98, 16, '2011-09-13', 32),
(4788, 'TPC-00137-A', 'YEE PVC DE 1-1/2 SANITARIA', 3.45, 5.66, 16, '2005-01-05', 32),
(4789, 'TPC-00138-A', 'YEE PVC DE 2 SANITARIA', 4.52, 7.7, 16, '2005-01-05', 32),
(4790, 'TPC-00139-A', 'YEE PVC DE 3 SANITARIA', 11.97, 19.62, 16, '2005-01-05', 32),
(4791, 'TPC-00140-A', 'YEE PVC DE 4 SANITARIA', 17.52, 29.81, 16, '2005-01-05', 32),
(4792, 'TPC-00141-A', 'YEE PVC DE 6 SANITARIA', 77.05, 126.23, 16, '2005-01-05', 32),
(4793, 'TPC-00143-A', 'YEE PVC DE 4 X 2 SANITARIA', 10.08, 17.15, 16, '2005-01-05', 32),
(4794, 'TPC-00144-A', 'YEE PVC DE 6 X 4 SANITARIA', 50.82, 83.26, 16, '2005-01-05', 32),
(4795, 'TPC-00149-A', 'COPLE PVC DE 1-1/2 SANITARIA', 1, 2.03, 16, '2005-01-05', 32),
(4796, 'TPC-00150-A', 'COPLE PVC DE 2 SANITARIA', 1.29, 2.61, 16, '2005-01-05', 32),
(4797, 'TPC-00151-A', 'COPLE PVC DE 3 SANITARIA', 3.61, 7.28, 16, '2005-01-05', 32),
(4798, 'TPC-00152-A', 'COPLE PVC DE 4 SANITARIA', 5.52, 6.2, 16, '2005-01-05', 32),
(4799, 'TPC-00153-A', 'COPLE PVC DE 6 SANITARIA', 11.34, 22.86, 16, '2005-01-05', 32),
(4800, 'TPC-00155-A', 'REDUCC.BUSHING PVC DE 2 X 1-1/2 SANITARI', 2.54, 4.15, 16, '2005-01-05', 32),
(4801, 'TPC-00156-A', 'REDUCC.BUSHING PVC DE 3 X 2 SANITARIA', 4.16, 6.8, 16, '2005-01-05', 32),
(4802, 'TPC-00157-A', 'REDUCC.BUSHING PVC DE 4 X 2 SANITARIA', 6.86, 8, 16, '2005-01-05', 32),
(4803, 'TPC-00158-A', 'REDUCC.BUSHING PVC DE 4 X 3 SANITARIA', 7.56, 12.34, 16, '2005-01-05', 32),
(4804, 'TPC-00159-A', 'REDUCC.BUSHING PVC DE 6 X 4 SANITARIA', 18.25, 28.94, 16, '2005-01-05', 32),
(4805, 'TPC-00161-A', 'TAPA DE INSERCION DE PVC DE 1-1/2 SANITA', 2.05, 4.13, 16, '2005-01-05', 32),
(4806, 'TPC-00162-A', 'TAPA DE INSERCION DE PVC DE 2 SANITARIA', 2.35, 2.7, 16, '2005-01-05', 32),
(4807, 'TPC-00163-A', 'TAPA DE INSERCION DE PVC DE 3 SANITARIA', 4.86, 9.8, 16, '2005-01-05', 32),
(4808, 'TPC-00164-A', 'TAPA DE INSERCION DE PVC DE 4 SANITARIA', 6.96, 8.1, 16, '2005-01-05', 32),
(4809, 'TPC-00165-A', 'TAPA DE INSERCION DE PVC DE 6 SANITARIA', 32.61, 65.77, 16, '2015-12-23', 32),
(4810, 'TPC-00166-A', 'CODO PVC DE 90 X 4 CON 1 SAL.LATERAL SAN', 13.68, 20.69, 16, '2005-01-05', 32),
(4811, 'TPC-00167-A', 'CODO PVC DE 90 X 1 SAL.TRASERA SANITARIA', 14.2, 21.48, 16, '2005-01-05', 32),
(4812, 'TPC-00168-A', 'CODO PVC DE 90 X 4 CON 2 SAL.TRASERA SAN', 12.87, 19.47, 16, '2018-05-09', 32),
(4813, 'TPC-00169-A', 'CODO PVC DE 90 X 2 SALIDAS SANITARIA', 16.22, 23.37, 16, '2005-01-05', 32),
(4814, 'TPC-00170-A', 'CESPOL DE 1 SALIDA DE 2 REJILLA CROM.SAN', 19.72, 29.83, 16, '2005-01-05', 32),
(4815, 'TPC-00171-A', 'CESPOL DE 2 SALIDAS C/REJILLA CROMADA', 23.32, 35.28, 16, '2010-03-18', 32),
(4816, 'TPC-00172-A', 'COLADERA PVC UNIV. REJILLA CROM. 4 SANIT', 34.84, 21.5, 16, '2005-01-05', 32),
(4817, 'TPC-00184-A', 'CRUZ PVC DE 4 X 4 SANITARIA', 15.89, 30.89, 16, '2013-07-27', 32),
(4818, 'TPC-0106', 'PEGAMNETO CONTACTO 700 TUBO DE 60ML', 19.27, 28.66, 16, '2016-10-28', 32),
(4819, 'TPC-01107-B', 'TUBO PVC DE 1-1/2 X6 MTS. NORMA SANITARI', 70.91, 103.21, 16, '2017-04-27', 32),
(4820, 'TPC-0904', 'PEGAMENTO PVC PRESTO LATA 236 ML', 46.11, 68.57, 16, '2016-10-08', 32),
(4821, 'TPC-0906', 'PEGAMENTO PVC PRESTO TUBO 60ML.', 16.51, 24.56, 16, '2015-10-02', 32),
(4822, 'TPC-0908', 'PEGAMENTO PVC PRESTO LATA 118ML.', 32.34, 48.1, 16, '2015-08-07', 32),
(4823, 'TPC-1014', 'PEGAMENTO PU PRESTO RAPID FRASCO DE 250G', 64.7, 96.23, 16, '2013-11-21', 32),
(4824, 'TPC-9602', 'PEGAMENTO AZUL PRESTO PVC W.B.LATA 473ML', 97.97, 154.36, 16, '2016-07-15', 32),
(4825, 'TPC-9604', 'PEGAMENTO AZUL PRESTO PVC W.B.LATA 236ML', 60.34, 95.06, 16, '2010-03-05', 32),
(4826, 'TPC-9606', 'PEGAMENTO AZUL PRESTO PVC W.B.TUBO  60ML', 16.86, 26.57, 16, '2011-08-05', 32),
(4827, 'TPC-9608', 'PEGAMENTO AZUL PRESTO PVC W.B.LATA 120ML', 36.49, 57.49, 16, '2010-03-05', 32),
(4828, 'TPC-9702', 'PEGAMENTO PVC EL DORADA LATA DE 473ML.', 67.45, 100.32, 16, '2016-07-15', 32),
(4829, 'TPC-9704', 'PEGAMENTO PVC EL DORADO LATA DE 236ML.', 32.97, 49.03, 16, '2007-01-07', 32),
(4830, 'TPC-9707', 'PEGAMENTO PVC EL DORADO TUBO DE  60ML.', 15.46, 23, 16, '2007-02-07', 32),
(4831, 'TPC-9708', 'PEGAMENTO PVC EL DORADO LATA DE 118ML.', 27.18, 40.42, 16, '2007-01-07', 32),
(4832, 'TPC-PEAZOM12', 'PEGAMENTO AZUL P/PVC OMEGA PITBULL 1/2LT', 68.23, 110.28, 16, '2010-04-15', 32),
(4833, 'TPC-PEAZOM18', 'PEGAMENTO AZUL P/PVC OMEGA PITBULL 1/8LT', 28.54, 46.14, 16, '2010-07-19', 32),
(4834, 'TPC-PECLOED1', 'CEMENTO TRANSPARENTE P/PVC 1LTO. OATEY', 132.78, 267.83, 16, '2012-10-18', 32),
(4835, 'TPC-PEGAM300', 'PEGAMOLDURAS CARTUCHO DE 300ML.', 55.98, 90.49, 16, '2016-12-23', 32),
(4836, 'TPC-S13604-9', 'COLADERA SANITARIA INTRAREX DE 4', 14.15, 17.6, 16, '2005-01-05', 32),
(4837, 'TPH-CNPL013', 'CONECTOR PVC LIGERO 13MM 1/2', 1.48, 2.42, 16, '2017-10-25', 32),
(4838, 'TPH-TPVCCL13', 'TUBO PVC CONDUIT LIGERO 13MM 1/2 X 3MTS', 7.57, 12.3, 16, '2018-04-23', 32),
(4839, 'TPH-TPVCCL19', 'TUBO PVC CONDUIT LIGERO 19MM 3/4 X 3 MTS', 9.44, 15.34, 16, '2016-03-31', 32),
(4840, 'TPH-TPVCCL25', 'TUBO PVC CONDUIT LIGERO 25MM 1 X 3 MTS.', 13.59, 22.09, 16, '2016-03-31', 32),
(4841, 'TPH-TPVCCL32', 'TUBO PVC CONDUIT LIGERO 32MM 1 1/4X3 MTS', 23.29, 37.85, 16, '2016-03-31', 32),
(4842, 'TPH-TPVCCL38', 'TUBO PVC CONDUIT LIGERO 38MM 1 1/2X3 MTS', 29.78, 48.39, 16, '2016-03-31', 32),
(4843, 'TPH-TPVCCL50', 'TUBO PVC CONDUIT LIGERO 50MM 2 X 3 MTS', 35.14, 57.11, 16, '2016-03-31', 32),
(4844, 'TPH-TPVCCP10', 'TUBO PVC CONDUIT PESADO 100MM 4 X 3 MTS', 132.01, 214.52, 16, '2016-03-31', 32),
(4845, 'TPH-TPVCCP13', 'TUBO PVC CONDUIT PESADO 13MM 1/2 X 3MTS', 12.54, 20.38, 16, '2016-06-08', 32),
(4846, 'TPH-TPVCCP19', 'TUBO PVC CONDUIT PESADO 19MM 3/4 X 3 MTS', 14.94, 24.27, 16, '2016-03-31', 32),
(4847, 'TPH-TPVCCP25', 'TUBO PVC CONDUIT PESADO 25MM 1 X 3 MTS.', 18.9, 30.72, 16, '2016-03-31', 32),
(4848, 'TPH-TPVCCP32', 'TUBO PVC CONDUIT PESADO 32MM 1 1/4X3 MTS', 25.67, 41.71, 16, '2016-03-31', 32),
(4849, 'TPH-TPVCCP38', 'TUBO PVC CONDUIT PESADO 38MM 1 1/2X3 MTS', 34.84, 56.62, 16, '2016-03-31', 32),
(4850, 'TPH-TPVCCP50', 'TUBO PVC CONDUIT PESADO 50MM 2 X 3 MTS.', 52.72, 85.68, 16, '2016-03-31', 32),
(4851, 'TPH-TPVCCP60', 'TUBO PVC CONDUIT PESADO 60MM 2 1/2X3 MTS', 68, 110.51, 16, '2016-03-31', 32),
(4852, 'TPH-TPVCCP75', 'TUBO PVC CONDUIT PESADO 75MM 3 X 3 MTS.', 95.28, 154.84, 16, '2016-03-31', 32),
(4853, 'AKS-109701', 'VALVULA PARA GAS 1/2X3/8 ROSCABLE', 36.07, 65.91, 16, '2015-10-03', 33),
(4854, 'AKS-109702', 'VALVULA PARA GAS 1/2 X 5/16 ROSCABLE', 36.07, 65.91, 16, '2015-09-12', 33),
(4855, 'AKS-110003', 'VALVULA PARA INFLAR BALONES BOLSA 100PZS', 90.18, 176.23, 16, '2015-07-23', 33),
(4856, 'AKS-110003PZ', 'VALVULA PARA INFLAR BALONES PZA.', 0.85, 1.67, 16, '2016-01-26', 33),
(4857, 'ANB-VE1010', 'VALVULA DE ENTRADA PARA WC DE 10', 22.38, 46.99, 16, '2014-01-10', 33),
(4858, 'ANB-VE620', 'VALVULA DE ENTRADA PARA SANITARIO', 59.18, 124.26, 16, '2017-08-11', 33),
(4859, 'ANB-VS1012', 'VALVULAS DE SALIDA PARA SANITARIOS 2', 18.83, 35.38, 16, '2017-06-28', 33),
(4860, 'ANB-VS1212', 'VALVULA SILLETA 1/2 X 1/2 X 1/4 CROMADA', 62.41, 117.24, 16, '2015-10-29', 33),
(4861, 'ANB-VS14', 'VALVULA SILLETA 1/4', 37.33, 69.31, 16, '2015-10-29', 33),
(4862, 'ANB-VS38', 'VALVULA SILLETA 3/8', 34.97, 73.43, 16, '2015-10-29', 33),
(4863, 'ANB-VSB12', 'VALVULA DE SEG. P/BOILER BRONCE 1/2', 54.52, 101.22, 16, '2019-01-17', 33),
(4864, 'ANB-VSB34', 'VALVULA DE SEG. P/BOILER BRONCE 3/4', 99.55, 184.82, 16, '2019-01-17', 33),
(4865, 'ANB-VSS1204', 'VALVULA DE SALIDA PARA SANITARIO', 172.17, 361.49, 16, '2016-08-11', 33),
(4866, 'ANB-VTA12B', 'VALVULA PARA TANQUE ALTO BRONCE 1/2', 42.41, 79.8, 16, '2017-04-25', 33),
(4867, 'ANB-VTA34B', 'VALVULA PARA TANQUE ALTO BRONCE 3/4', 90.39, 189.78, 16, '2010-08-09', 33),
(4868, 'ANB-VTA703', 'VALVULA PARA TANQUE ALTO BRONCE 1/2', 38.51, 67.64, 16, '2015-01-12', 33),
(4869, 'ANB-VTG1050', 'VALVULA PARA TANQUE DE GAS ANBEC', 93.62, 175.87, 16, '2016-02-26', 33),
(4870, 'EPQ-VHAP', 'VALVULA HORIZONTAL A.P.', 18.48, 32.82, 16, '2018-11-21', 33),
(4871, 'HBA-1801', 'CHECK PARA COMPRESOR DE AIRE MOD.DXF-03', 22.38, 33.84, 16, '2017-07-07', 33),
(4872, 'HBA-1802', 'CHECK PARA COMPRESOR DE AIRE MOD.DXF-04', 35.89, 54.28, 16, '2017-07-07', 33),
(4873, 'HBA-1805', 'CHECK MOD. DXF-07', 43.76, 66.19, 16, '2017-07-07', 33),
(4874, 'HBA-8875', 'VALVULA DE SELENOIDE MOD.3V1-06', 105.26, 159.21, 16, '2017-07-07', 33),
(4875, 'HBA-AQF01', 'VALVULA DE ALIVIO COMPRESOR AQF-01', 15.73, 24.83, 16, '2014-11-25', 33),
(4876, 'HBA-B10821/2', 'VALVULA ESFERA ROSCABLE DE 1/2 B1082-1/2', 32.14, 46.31, 16, '2010-06-10', 33),
(4877, 'HBA-B1121-3/', 'VALVULA ESFERA ROSCABLE 3/8', 31.16, 49.1, 16, '2014-07-01', 33),
(4878, 'HBA-B11211/2', 'VALVULA ESFERA ROSCABLE 1/2 B1121-1/2', 45.25, 71.3, 16, '2010-07-05', 33),
(4879, 'HBA-B6001-1', 'VALVULA CHECK UNIVERSAL 1 B6001-1', 53.88, 84.9, 16, '2010-08-09', 33),
(4880, 'HBA-B6001-11', 'VALVULA CHECK UNIVERSAL 1 1/2 B6001-11/2', 153.33, 241.63, 16, '2016-08-19', 33),
(4881, 'HBA-B6001-12', 'VALVULA CHECK UNIVERSAL 1/2 B6001-1/2', 29.34, 42.27, 16, '2011-07-14', 33),
(4882, 'HBA-B6001-14', 'VALVULA CHECK UNIVERSAL 1 1/4 B6001-11/4', 96.14, 151.5, 16, '2016-08-19', 33),
(4883, 'HBA-B6001-2', 'VALVULA CHECK UNIVERSAL DE 2 B6001-2', 217.16, 342.21, 16, '2016-08-19', 33),
(4884, 'HBA-B6001-3', 'VALVULA CHECK UNIVERSAL 3 B6001-3', 570.26, 898.64, 16, '2012-01-23', 33),
(4885, 'HBA-B6001-34', 'VALVULA CHECK UNIVERSAL 3/4 B6001-3/4', 50.14, 72.25, 16, '2011-07-14', 33),
(4886, 'HBA-B6001-4', 'VALVULA CHECK UNIVERSAL 4 B6001-4', 886.88, 1397.58, 16, '2016-08-19', 33),
(4887, 'HBA-B6002-1', 'VALVULA DE PIE 1 B6002-1', 48.07, 75.75, 16, '2011-11-10', 33),
(4888, 'HBA-B6002-12', 'VALVULA DE PIE 1 1/2 B6002-1 1/2', 99.46, 156.74, 16, '2016-08-19', 33),
(4889, 'HBA-B6002-14', 'VALVULA DE PIE 1 1/4 B6002-1 1/4', 78.32, 123.42, 16, '2016-08-19', 33),
(4890, 'HBA-B6002-2', 'VALVULA DE PIE 2 B6002-2', 173.23, 272.98, 16, '2016-08-19', 33),
(4891, 'HBA-B6002-3', 'VALVULA DE PIE 3 B6002-3', 546.22, 860.76, 16, '2016-08-19', 33),
(4892, 'HBA-B6002-34', 'VALVULA DE PIE 3/4 B6002-3/4', 34.15, 49.2, 16, '2011-07-13', 33),
(4893, 'HBA-B6002-4', 'VALVULA DE PIE 4 B6002-4', 561.14, 884.26, 16, '2016-08-19', 33),
(4894, 'HBA-B8001-1', 'VALVULA CHECK COLUMPIO 1 B8001-1', 106.92, 168.48, 16, '2011-07-14', 33),
(4895, 'HBA-B8001-11', 'VALVULA CHECK DE COLUMPIO 1 1/2 B8001-11', 237.88, 374.87, 16, '2016-08-01', 33),
(4896, 'HBA-B8001-12', 'VALVULA CHECK DE COLUMPIO 1/2 B8001-1/2', 46.99, 67.7, 16, '2011-07-14', 33),
(4897, 'HBA-B8001-2', 'VALVULA CHECK DE COLUMPIO 2 B8001-2', 339.84, 535.53, 16, '2016-08-19', 33),
(4898, 'HBA-B8001-3', 'VALVULA CHECK DE COLUMPIO B8001-3', 707.02, 1114.15, 16, '2016-08-19', 33),
(4899, 'HBA-B8001-34', 'VALVULA CHECK COLUMPIO 3/4 B8001-3/4', 81.64, 117.64, 16, '2011-07-14', 33),
(4900, 'HBA-B8001-4', 'VALVULA CHECK DE COLUMPIO 4 B8001-4', 1417.35, 2233.51, 16, '2016-08-19', 33),
(4901, 'HE1-019', 'VALVULA DE TANQUE BAJO TRADICIONAL', 34.92, 58.79, 16, '2017-06-15', 33),
(4902, 'HE1-020', 'VALVULA DE TANQUE BAJO O ADMISION C/SEG', 15.27, 25.71, 16, '2017-06-15', 33),
(4903, 'HE1-VALLEF23', 'VALVULA DE LLENADO TANQUE ALTO 1/2 F2438', 25.09, 29.2, 16, '2013-07-13', 33),
(4904, 'HE1-VALLEF24', 'VALVULA DE LLENADO TANQUE ALTO 3/4 F2446', 29.89, 48.97, 16, '2013-07-13', 33),
(4905, 'HE1-VLE', 'VALVULA DE LLENADO TANQUE ESTAC. 1 1/4', 153.73, 251.86, 16, '2015-10-14', 33),
(4906, 'HE1-VSE', 'VALVULA DE SERVICIO TANQUE ESTACIONARIO', 90.06, 147.54, 16, '2015-10-14', 33),
(4907, 'HEP-FM200A', 'VALVULA TANQUE BAJO FLUIDMASTER', 105.58, 159.65, 16, '2005-01-05', 33),
(4908, 'HEP-FM400A', 'VALVULA TANQUE BAJO TELESCOPICA', 233.15, 352.56, 16, '2005-01-05', 33),
(4909, 'HEP-FM400LS', 'VALVULA PARA TANQ. BAJO TELES. C/CAND.', 283.99, 429.43, 16, '2005-01-05', 33),
(4910, 'HEP-FM747', 'VALVULA DE TINACO Y CISTERNA', 208.82, 315.77, 16, '2005-01-05', 33),
(4911, 'HEP-IT39212', 'VALVULA ESFERA PARA LAVADORA CROMADA', 82.18, 124.27, 16, '2005-01-05', 33),
(4912, 'MGA-112H-12', 'VALVULA DE COMPUERTA 3/4 200 PSI', 59.44, 119.9, 16, '2009-12-19', 33),
(4913, 'MGA-112H-16', 'VALVULA DE COMPUERTA 1 200 PSI', 84.47, 170.38, 16, '2009-12-19', 33),
(4914, 'MGA-112H-32', 'VALVULA DE COMPUERTA 2 200 PSI', 297.74, 600.54, 16, '2009-12-19', 33),
(4915, 'MGA-112H-48', 'VALVULA DE COMPUERTA 3 200 PSI', 702.47, 1416.86, 16, '2009-12-19', 33),
(4916, 'MGA-112H-64', 'VALVULA DE COMPUERTA 4 200 PSI', 1098.23, 2215.1, 16, '2009-12-19', 33),
(4917, 'MGA-112H-8', 'VALVULA DE COMPUERTA 1/2 200 PSI', 42.5, 85.73, 16, '2009-12-21', 33),
(4918, 'MGA-115S-12', 'VALVULA DE COMPUERTA 3/4 200 PSI SOLDABL', 58.54, 118.07, 16, '2017-06-15', 33);
INSERT INTO `productos` (`reg`, `folio`, `descripcion`, `costo`, `precio_venta`, `iva`, `f_reg`, `categoria`) VALUES
(4919, 'MGA-115S-16', 'VALVULA DE COMPUERTA 1 200 PSI SOLDABLE', 90.05, 181.64, 16, '2009-12-19', 33),
(4920, 'MGA-115S-32', 'VALVULA DE COMPUERTA 2 200 PSI SOLDABLE', 306.2, 617.6, 16, '2009-12-19', 33),
(4921, 'MGA-115S-8', 'VALVULA DE COMPUERTA 1/2 200 PSI SOLDABL', 45.73, 92.24, 16, '2009-12-19', 33),
(4922, 'MGA-40S-12', 'VALVULA DE ESFERA 3/4 300 PSI SOLDABLE', 54.98, 110.91, 16, '2009-12-17', 33),
(4923, 'MGA-40S-16', 'VALVULA DE ESFERA 1 300 PSI SOLDABLE', 104.83, 211.44, 16, '2009-12-17', 33),
(4924, 'MGA-40S-8', 'VALVULA DE ESFERA 1/2 300 PSI SOLDABLE', 40.21, 81.11, 16, '2009-12-17', 33),
(4925, 'MGA-40SB-12', 'VALVULA DE ESFERA 3/4 300PSI SOLD.MAN.M', 58.02, 117.02, 16, '2009-12-17', 33),
(4926, 'MGA-40SB-16', 'VALVULA DE ESFERA 1 300PSI SOLD.MAN.MAR', 108.02, 217.87, 16, '2009-12-17', 33),
(4927, 'MGA-40SB-8', 'VALVULA DE ESFERA 1/2 300PSI SOLD.MAN.M', 40.21, 81.11, 16, '2009-12-17', 33),
(4928, 'MGA-86H-12', 'VALVULA DE ESFERA 3/4 300 PSI', 63.89, 128.87, 16, '2009-12-17', 33),
(4929, 'MGA-86H-16', 'VALVULA DE ESFERA 1 300 PSI', 111.94, 225.79, 16, '2009-12-17', 33),
(4930, 'MGA-86H-4', 'VALVULA DE ESFERA 1/4 300 PSI', 28.48, 57.45, 16, '2009-12-17', 33),
(4931, 'MGA-86H-6', 'VALVULA DE ESFERA 3/8 300 PSI', 33.63, 67.83, 16, '2009-12-17', 33),
(4932, 'MGA-86H-8', 'VALVULA DE ESFERA 1/2 300 PSI', 42.18, 85.08, 16, '2009-12-17', 33),
(4933, 'MGA-86HB-12', 'VALVULA DE ESFERA 3/4 300 PSI MAN.MARIP', 63.89, 128.87, 16, '2009-12-17', 33),
(4934, 'MGA-86HB-16', 'VALVULA DE ESFERA 1 300 PSI MAN.MARIPOS', 111.94, 225.79, 16, '2009-12-17', 33),
(4935, 'MGA-86HB-4', 'VALVULA DE ESFERA 1/4 300 PSI MAN.MARIP', 28.48, 57.45, 16, '2009-12-17', 33),
(4936, 'MGA-86HB-6', 'VALVULA DE ESFERA 3/8 300 PSI MAN.MARIP', 33.63, 67.83, 16, '2009-12-17', 33),
(4937, 'MGA-86HB-8', 'VALVULA DE ESFERA 1/2 300 PSI MAN.MARIP', 47.17, 95.14, 16, '2009-12-17', 33),
(4938, 'MGA-CMA-E', '"VALVULA ANGULAR 1/2""""COMPRESION 1/2""""MACHO"""""', 29.43, 59.36, 16, '2009-12-17', 33),
(4939, 'MGA-CMR', '"VALVULA RECTA 1/2""""COMPRES.1/2""""MACHO REF."""""', 45.5, 91.77, 16, '2009-12-17', 33),
(4940, 'MGA-HMA-E', '"VALVULA ANGULAR 1/2""""HEMBRA 1/2""""MACHO 90G"""""', 23.52, 47.44, 16, '2009-12-17', 33),
(4941, 'MVA-0600327', 'VALVULA P/TANQUE ESTACIONARIO 3/4 26CM', 144.36, 291.17, 16, '2015-08-31', 33),
(4942, 'MVA-090VP212', 'VALVULA DE PIE CHECK BRONCE DE 2-1/2', 693.48, 1398.75, 16, '2005-01-05', 33),
(4943, 'MVA-100VP4', 'VALVULA DE PIE CHECK BRONCE DE 4', 1712.26, 3453.59, 16, '2005-01-05', 33),
(4944, 'MVA-19397', 'VALVULA CHECK COLUMPIO BRONCE 1/2 VCHC12', 29.97, 32.3, 16, '2005-01-05', 33),
(4945, 'MVA-19398', 'VALVULA CHECK COLUMPIO BRONCE 3/4 VCHC34', 150.47, 303.51, 16, '2005-01-05', 33),
(4946, 'MVA-19399', 'VALVULA CHECK COLUMPIO BRONCE 1 VCHC1', 70.42, 142.04, 16, '2005-01-05', 33),
(4947, 'MVA-19425', 'VALVULA CHECK HORIZONTAL DE 1 CON ROSCA', 303.86, 612.87, 16, '2005-01-05', 33),
(4948, 'MVA-21901', 'VALVULA DE PIE o PICHANCHA DE 1/2', 67.96, 137.07, 16, '2010-08-30', 33),
(4949, 'MVA-21903', 'VALVULA DE PIE o PICHANCHA DE 1', 100.54, 202.79, 16, '2010-07-07', 33),
(4950, 'MVA-28212', 'VALVULA TANQUE ALTO DE 1/2', 59.17, 119.35, 16, '2005-01-05', 33),
(4951, 'MVA-28213', 'VALVULA TANQUE ALTO DE 3/4', 163.14, 329.05, 16, '2016-06-30', 33),
(4952, 'MVA-28214', 'VALVULA TANQUE ALTO DE 1', 383.22, 772.95, 16, '2005-01-05', 33),
(4953, 'MVA-28222', 'VALVULA TANQUE ALTO COMPACTA DE 1/2', 58.65, 118.3, 16, '2010-07-07', 33),
(4954, 'MVA-3553C06', 'VALVULA ESFERA REDUCIDA ROSCABLE 1-1/4', 133.17, 268.61, 16, '2007-08-02', 33),
(4955, 'MVA-3553C13', 'VALVULA ESFERA REDUCIDA ROSCABLE 1-1/2', 226.19, 456.22, 16, '2005-01-05', 33),
(4956, 'MVA-3553C50', 'VALVULA ESFERA REDUCIDA ROSCABLE DE 2', 631.48, 1273.69, 16, '2011-02-25', 33),
(4957, 'MVA-402R112', 'VALVULA COMPUERTA P/T ROSCADA DE 1-1/2', 332.26, 670.17, 16, '2013-04-17', 33),
(4958, 'MVA-402R114', 'VALVULA COMPUERTA P/T ROSCADA DE 1-1/4', 244.32, 492.79, 16, '2013-04-17', 33),
(4959, 'MVA-402R2', 'VALVULA COMPUERTA P/T ROSCADA DE 2', 535.89, 1080.88, 16, '2013-04-17', 33),
(4960, 'MVA-402R212', 'VALVULA COMPUERTA P/T ROSCADA DE 2-1/2', 1138.79, 2296.92, 16, '2013-04-17', 33),
(4961, 'MVA-402R3', 'VALVULA COMPUERTA P/T ROSCADA DE 3', 1318.7, 2659.79, 16, '2013-04-17', 33),
(4962, 'MVA-402R4', 'VALVULA COMPUERTA P/T ROSCADA DE 4', 1366, 2755.2, 16, '2013-04-18', 33),
(4963, 'MVA-4044.38', 'VALVULA DE PIE o PICHANCHA DE 1-1/2', 263.68, 531.84, 16, '2008-02-20', 33),
(4964, 'MVA-4044.51', 'VALVULA DE PIE o PICHANCHA DE 2', 364.46, 735.1, 16, '2005-01-05', 33),
(4965, 'MVA-4065.19', 'VALVULA GLOBO COMPUERTA ROSCABLE DE 3/4', 105.7, 213.19, 16, '2005-01-05', 33),
(4966, 'MVA-44T100', 'VALVULA CHECK VERTICAL DE 4', 8209.17, 16557.7, 16, '2013-08-06', 33),
(4967, 'MVA-693', 'VALVULA COMPUERTA ROSCABLE 150LBS', 2081.32, 4197.97, 16, '2016-06-29', 33),
(4968, 'MVA-8526-2', 'VALVULA DE CONTROL ANGULAR 1/2X1/2', 34.86, 70.31, 16, '2014-09-22', 33),
(4969, 'MVA-8533-2', 'VALVULA DE 1/2 LATON PALANCA AZUL', 57.2, 115.38, 16, '2014-09-22', 33),
(4970, 'MVA-8540-2', 'VALVULA P/LAV. Y JARDIN DE 1/2', 57.2, 115.38, 16, '2014-09-22', 33),
(4971, 'MVA-8564-2', 'VALVULA P/LAV. Y JARDOIN ESFERA DE 1/2', 33.96, 68.51, 16, '2014-09-22', 33),
(4972, 'MVA-8601-2', 'VALVULA P/JARDIN ESFERA DOB.SAL.1/2X3/4', 88.48, 95.5, 16, '2014-09-22', 33),
(4973, 'MVA-AFLF2456', 'BALANCIN P/VALVULA TANQUE ALTO BRONCE', 51.85, 104.58, 16, '2013-07-13', 33),
(4974, 'MVA-B30-100', 'VALVULA DE BANQUETA HIERR-HIERR DE 4', 1614.29, 3255.99, 16, '2008-07-04', 33),
(4975, 'MVA-B30-25', 'VALVULA DE BANQUETA HIERR-HIERR DE 1', 704.66, 1421.28, 16, '2008-07-04', 33),
(4976, 'MVA-B30-32', 'VALVULA DE BANQUETA HIERR-HIERR DE 11/4', 856.31, 1727.17, 16, '2008-07-04', 33),
(4977, 'MVA-IT1031', 'VALVULA CHECK DE RESORTE YORK DE 1', 169.96, 267.78, 16, '2005-01-05', 33),
(4978, 'MVA-IT103112', 'VALVULA CHECK DE RESORTE YORK DE 1-1/2', 349.37, 550.45, 16, '2007-10-03', 33),
(4979, 'MVA-IT10312', 'VALVULA CHECK DE RESORTE YORK DE 1/2', 66.22, 104.34, 16, '2005-01-05', 33),
(4980, 'MVA-IT10334', 'VALVULA CHECK DE RESORTE YORK DE 3/4', 137.52, 216.67, 16, '2005-01-05', 33),
(4981, 'MVA-IT1301', 'VALVULA CHECK DE COLUMPIO DE 1', 283.92, 447.32, 16, '2005-01-05', 33),
(4982, 'MVA-IT13012', 'VALVULA CHECK DE COLUMPIO DE 1/2', 55.99, 88.22, 16, '2005-01-05', 33),
(4983, 'MVA-IT13034', 'VALVULA CHECK DE COLUMPIO DE 3/4', 196.43, 309.49, 16, '2005-01-05', 33),
(4984, 'MVA-RPLUS1', 'VALVULA ESFERA ROSCADA (PT-HH) 1', 90.09, 147.15, 16, '2011-08-09', 33),
(4985, 'MVA-RPLUS112', 'VALVULA ESFERA ROSCADA (PT-HH) 1-1/2', 245.3, 400.66, 16, '2011-08-09', 33),
(4986, 'MVA-RPLUS114', 'VALVULA ESFERA ROSCADA (PT-HH) 1-1/4', 130.15, 212.58, 16, '2011-08-09', 33),
(4987, 'MVA-RPLUS12', 'VALVULA ESFERA ROSCADA (PT-HH) 1/2', 40.02, 65.36, 16, '2011-08-09', 33),
(4988, 'MVA-RPLUS14', 'VALVULA ESFERA ROSCADA (PT-HH) 1/4', 32.54, 53.15, 16, '2011-08-09', 33),
(4989, 'MVA-RPLUS2', 'VALVULA ESFERA ROSCADA (PT-HH) 2', 342.84, 559.97, 16, '2013-04-04', 33),
(4990, 'MVA-RPLUS3', 'VALVULA ESFERA ROSCADA (PT-HH) 3', 1251.15, 2043.55, 16, '2013-09-11', 33),
(4991, 'MVA-RPLUS38', 'VALVULA ESFERA ROSCADA (PT-HH) 3/8', 46.3, 75.63, 16, '2011-08-09', 33),
(4992, 'MVA-RU6025', 'VALVULA ESFERA DE 1-1/4 PARA AGUA', 198.4, 324.06, 16, '2005-01-05', 33),
(4993, 'MVA-RU6026', 'VALVULA ESFERA ROSCABLE 1-1/2 LLAER112', 225.72, 368.67, 16, '2005-01-05', 33),
(4994, 'MVA-RU6027', 'VALVULA ESFERA ROSCABLE 2 LLAER2', 326.04, 532.53, 16, '2005-01-05', 33),
(4995, 'MVA-RU6032', 'VALVULA CHECK DE 1/2 DE BRONCE', 81.93, 133.82, 16, '2009-12-21', 33),
(4996, 'MVA-RU6070', 'VALVULA ESFERA DE 2-1/2 AGUA', 752.88, 1229.7, 16, '2005-01-05', 33),
(4997, 'MVA-RU6072', 'VALVULA ESFERA DE 4 AGUA', 2324.13, 3796.08, 16, '2005-01-05', 33),
(4998, 'MVA-RU6099', 'VALVULA FLOTADOR DE 1/2', 75.88, 123.95, 16, '2005-01-05', 33),
(4999, 'MVA-VAL2', 'VALUVLA A.P. 2 CON FLOTADOR No. 10', 1816.4, 3249.64, 16, '2017-09-07', 33),
(5000, 'MVA-VAPA13', 'VALVULA DE PASO CROMADA DE 1/2', 164.42, 268.55, 16, '2008-07-04', 33),
(5001, 'MVA-VTBWC', 'VALVULA TANQUE BAJO P/WC', 21.56, 35.22, 16, '2012-06-27', 33),
(5002, 'MVA-VW1021', 'VALVULA ESFERA ROSCADA (PT-HH) 1 ZAMAC', 67.58, 110.38, 16, '2011-08-09', 33),
(5003, 'MVA-VW10212', 'VALVULA ESFERA ROSCADA (PT-HH) 1/2 ZAMAC', 29.5, 48.19, 16, '2011-08-09', 33),
(5004, 'MVA-VW10234', 'VALVULA ESFERA ROSCADA (PT-HH) 3/4 ZAMAC', 45.06, 73.59, 16, '2011-08-09', 33),
(5005, 'MVA-ZMP114', 'VALVULA CHECK HORIZONTAL BRONCE 1-1/4', 200.4, 327.32, 16, '2011-08-09', 33),
(5006, 'MVA-ZMP1161', 'VALVULA CHECK TIPO YORK BRONCE 1', 58.08, 94.86, 16, '2011-08-09', 33),
(5007, 'MVA-ZMP11612', 'VALVULA CHECK TIPO YORK BRONCE 1/2', 29.71, 48.52, 16, '2011-08-09', 33),
(5008, 'MVA-ZMP121', 'VALVULA CHECK HORIZONTAL BRONCE 1', 136.99, 223.75, 16, '2011-08-09', 33),
(5009, 'MVA-ZMP12112', 'VALVULA CHECK HORIZONTAL BRONCE 1-1/2', 316.14, 516.36, 16, '2011-08-09', 33),
(5010, 'MVA-ZMP1212', 'VALVULA CHECK HORIZONTAL BRONCE 1/2', 52.68, 86.04, 16, '2011-08-09', 33),
(5011, 'MVA-ZMP1234', 'VALVULA CHECK HORIZONTAL BRONCE 3/4', 84.31, 137.7, 16, '2011-08-09', 33),
(5012, 'RO1-2015015', 'VALVULA DE LLENADO DE 1/2', 123.13, 248.35, 16, '2007-08-02', 33),
(5013, 'RO1-2015016', 'VALVULA DE LLENADO DE 3/4', 132.85, 267.96, 16, '2006-04-06', 33),
(5014, 'TOO-RO8201', 'VALVULA PARA INFLAR BALONES', 0.5, 1.15, 16, '2008-09-27', 33),
(5015, 'TOO-TC0378', 'VALVULA PARA GAS DE 1/2 X 3/8 ROSCABLE', 29.72, 50.8, 16, '2008-12-05', 33),
(5016, 'TOO-TC0379', 'VALVULA PARA GAS DE 1/2 X 5/16 ROSCABLE', 29.72, 50.8, 16, '2008-12-05', 33),
(5017, 'TOO-TC1616', 'VALVULA COMPUERTA ROSCABLE DE 1/2', 45.27, 71.44, 16, '2008-12-05', 33),
(5018, 'TOO-TC1617', 'VALVULA COMPUERTA ROSCABLE DE 3/4', 54.79, 93.66, 16, '2008-12-05', 33),
(5019, 'TOO-TC1618', 'VALVULA COMPUERTA ROSCABLE DE 1', 81.6, 152.15, 16, '2008-12-05', 33),
(5020, 'TOO-TC1619', 'VALVULA COMPUERTA SOLDABLE DE 1/2', 38.71, 61.09, 16, '2008-12-05', 33),
(5021, 'TOO-TC1620', 'VALVULA COMPUERTA SOLDABLE DE 3/4', 53.6, 91.63, 16, '2008-12-05', 33),
(5022, 'TOO-TC1621', 'VALVULA COMPUERTA SOLDABLE DE 1', 71.48, 133.27, 16, '2008-12-05', 33),
(5023, 'TOO-TC1622', 'VALVULA ESFERA ROSCABLE DE 1/2', 46.06, 72.69, 16, '2008-12-05', 33),
(5024, 'TOO-TC1623', 'VALVULA ESFERA ROSCABLE DE 3/4', 43.48, 74.32, 16, '2008-12-05', 33),
(5025, 'TOO-TC1624', 'VALVULA ESFERA ROSCABLE DE 1', 76.25, 142.16, 16, '2008-12-05', 33),
(5026, 'TOO-TC1625', 'VALVULA ESFERA SOLDABLE DE 1/2', 26.92, 42.49, 16, '2008-12-05', 33),
(5027, 'TOO-TC1626', 'VALVULA ESFERA SOLDABLE DE 3/4', 42.29, 72.28, 16, '2008-12-05', 33),
(5028, 'TOO-TC1627', 'VALVULA ESFERA SOLDABLE DE 1', 71.48, 133.27, 16, '2008-12-05', 33),
(5029, 'TOO-TC2274', 'VALVULA DE PIE o PICHANCHA DE 3/4', 41.7, 65.8, 16, '2008-09-27', 33),
(5030, 'TOO-TC2275', 'VALVULA DE PIE o PICHANCHA DE 1', 51.23, 87.57, 16, '2008-09-27', 33),
(5031, 'TOO-TC2276', 'VALVULA DE PIE o PICHANCHA DE 1-1/4', 77.44, 132.37, 16, '2008-09-27', 33),
(5032, 'TOO-TC2277', 'VALVULA DE PIE o PICHANCHA DE 1-1/2', 120.92, 206.7, 16, '2008-09-27', 33),
(5033, 'TOO-TC2278', 'VALVULA DE PIE o PICHANCHA DE 2', 162.62, 303.2, 16, '2008-09-27', 33),
(5034, 'TOO-TC2279', 'VALVULA DE LLENADO DE TANQUE 100LBS.DE 2', 119.21, 305.61, 16, '2008-09-27', 33),
(5035, 'TOO-TC2281', 'VALVULA DE TANQUE ALTO DE 100LBS. DE 1/2', 63.93, 100.88, 16, '2008-09-27', 33),
(5036, 'TOO-TC3334', 'VALVULA ESFERA DE PVC 1/2 ROSCABLE', 10.54, 16.64, 16, '2010-11-10', 33),
(5037, 'TOO-TC3335', 'VALVULA ESFERA DE PVC 3/4 ROSCABLE', 14.47, 24.74, 16, '2010-11-10', 33),
(5038, 'TOO-TC3336', 'VALVULA ESFERA DE PVC 1 ROSCABLE', 19.36, 36.1, 16, '2010-11-10', 33),
(5039, 'TOO-TC3337', 'VALVULA ESFERA DE PVC 1/2 CEMENTAR', 14.89, 23.49, 16, '2010-11-10', 33),
(5040, 'TOO-TC3338', 'VALVULA ESFERA DE PVC 3/4 CEMENTAR', 14.47, 24.74, 16, '2010-11-10', 33),
(5041, 'TOO-TC3339', 'VALVULA ESFERA DE PVC 1 CEMENTAR', 27.62, 51.5, 16, '2010-11-10', 33),
(5042, 'TOO-TC3380', 'VALVULA DE LATON PARA SOPLETE', 102.45, 161.67, 16, '2010-08-27', 33),
(5043, 'TPH-JS500R', 'VALVULA ESFERA ROSCADA PVC DE 1/2 JS500R', 7.2, 11.81, 16, '2012-10-11', 33),
(5044, 'TPH-VACCR019', 'VALVULA CHECK COLUMPIO 3/4 ROSCABLE', 123.19, 186.32, 16, '2011-10-11', 33),
(5045, 'TPH-VACKC013', 'VALVULA CHECK RESORTE PVC C40 CEM 1/2', 68.88, 99.24, 16, '2013-12-12', 33),
(5046, 'TPH-VACKC019', 'VALVULA CHECK RESORTE PVC C40 CEM 3/4', 64.83, 98.06, 16, '2013-12-12', 33),
(5047, 'TPH-VACKC025', 'VALVULA CHECK RESORTE PVC C-40 CEM 1', 110.6, 174.29, 16, '2013-12-12', 33),
(5048, 'TPH-VAEKC013', 'VALVULA ESFERA PVC C40 CEM DE 1/2 (KBI)', 20.74, 31.38, 16, '2011-06-21', 33),
(5049, 'TPH-VAEKC019', 'VALVULA ESFERA PVC C40 CEM DE 3/4 (KBI)', 30.76, 48.48, 16, '2011-06-21', 33),
(5050, 'TPH-VAEKC025', 'VALVULA ESFERA PVC C40 CEM DE 1 (KBI)', 42.52, 69.67, 16, '2011-06-21', 33),
(5051, 'TPH-VAEKC038', 'VALVULA ESFERA PVC C40 CEM DE 1-1/2 (KBI', 73.63, 120.63, 16, '2014-01-28', 33),
(5052, 'TPH-VAEKC050', 'VALVULA ESFERA PVC C40 CEM DE 2', 118.93, 203.86, 16, '2013-07-27', 33),
(5053, 'TPH-VAEKR013', 'VALVULA ESFERA PVC C40 ROS DE 1/2 (KBI)', 20.74, 31.38, 16, '2011-06-21', 33),
(5054, 'TPH-VAEKR019', 'VALVULA ESFERA PVC C40 ROS DE 3/4 (KBI)', 30.76, 48.48, 16, '2011-06-21', 33),
(5055, 'TPH-VAEKR025', 'VALVULA ESFERA PVC C40 ROS DE 1 (KBI)', 42.84, 70.18, 16, '2011-06-21', 33),
(5056, 'TPH-VAEPC013', 'VALVULA ESFERA PVC COMPACTA CEM DE 1/2', 13.72, 20.76, 16, '2010-04-15', 33),
(5057, 'TPH-VAEPC019', 'VALVULA ESFERA PVC COMPACTA CEM DE 3/4', 21.87, 34.47, 16, '2010-04-15', 33),
(5058, 'TPH-VAEPC025', 'VALVULA ESFERA PVC COMPACTA CEM DE 1', 37.84, 62, 16, '2010-04-15', 33),
(5059, 'TPH-VAEPC032', 'VALVULA ESFERA PVC COMPACTA CEM DE 1-1/4', 53.34, 91.43, 16, '2016-06-14', 33),
(5060, 'TPH-VAEPC038', 'VALVULA ESFERA PVC COMPACTA CEM DE 1-1/2', 58.11, 99.62, 16, '2010-04-15', 33),
(5061, 'TPH-VAEPC051', 'VALVULA ESFERA PVC COMPACTA CEM DE 2', 88.59, 151.86, 16, '2015-06-09', 33),
(5062, 'TPH-VAEPC063', 'VALVULA ESFERA PVC COMPACTA CEM DE 2-1/2', 101.28, 173.61, 16, '2016-06-14', 33),
(5063, 'TPH-VAEPC076', 'VALVULA ESFERA PVC COMPACTA CEM DE 3', 352.38, 604.03, 16, '2015-06-09', 33),
(5064, 'TPH-VAEPC101', 'VALVULA ESFERA PVC COMPACTA CEM DE 4', 552.76, 947.53, 16, '2015-06-09', 33),
(5065, 'TPH-VAEPR013', 'VALVULA ESFERA PVC COMPACTA ROSCAR 1/2', 13.72, 20.76, 16, '2010-06-18', 33),
(5066, 'TPH-VAEPR019', 'VALVULA ESFERA PVC COMPACTA ROSCAR 3/4', 23.6, 37.19, 16, '2011-06-02', 33),
(5067, 'TPH-VAEPR025', 'VALVULA ESFERA PVC COMPACTA ROSCAR 1', 33.86, 55.48, 16, '2011-06-02', 33),
(5068, 'TPH-VAEPR032', 'VALVULA ESFERA PVC COMPACTA ROSCAR 1-1/4', 53.34, 91.43, 16, '2016-06-14', 33),
(5069, 'TPH-VAEPR038', 'VALVULA ESFERA PVC COMPACTA ROSCAR 1-1/2', 59.31, 101.67, 16, '2016-06-14', 33),
(5070, 'TPH-VAEPR051', 'VALVULA ESFERA PVC COMPACTA ROSCAR 2', 90.31, 154.8, 16, '2016-06-14', 33),
(5071, 'TPH-VAEPR063', 'VALVULA ESFERA PVC COMPACTA ROSCAR 2-1/2', 101.28, 173.61, 16, '2016-06-14', 33),
(5072, 'TPH-VAEPR076', 'VALVULA ESFERA PVC COMPACTA ROSCAR 3', 352.38, 604.03, 16, '2016-06-20', 33),
(5073, 'TPH-VAERZ013', 'VALVULA ESFERA AFER ZINC 13 MM', 19.8, 31.2, 16, '2013-06-25', 33),
(5074, 'TPH-VAGKC102', 'VALVULA GLOBO CPVC CEM 013MM 1/2CRESCO K', 66.69, 108.93, 16, '2017-11-13', 33),
(5075, 'VYM-362496', 'PIGTAIL FLEXIBLE C/PUNTA SUAVE Y MANERAL', 31.51, 55.95, 16, '2011-12-02', 33),
(5076, 'VYM-40379', 'VALUVLA PARA ESTUFA 1/4 X 1/2', 39.66, 70.4, 16, '2013-08-13', 33),
(5077, 'VYM-50PIGMA', 'PIGTAIL FLEXIBLE PARA GAS 1/4 6X55CMS', 57.7, 102.43, 16, '2005-01-05', 33),
(5078, 'VYM-QVDA', 'VALVULA DE ALTA SENCILLA MAN.TRANSVERSAL', 32.63, 57.93, 16, '2005-01-05', 33),
(5079, 'VYM-VA-1013', 'VALVULA DE ALIVIO', 27.44, 48.71, 16, '2005-01-05', 33),
(5080, 'VYM-VAFF0606', 'VALVULA AGUJA DE 1/4 X 1/4', 20.29, 36.03, 16, '2005-01-05', 33),
(5081, 'VYM-VAFS1013', 'VALVULA AGUJA DE 3/8 X 1/2', 23.06, 40.94, 16, '2005-01-05', 33),
(5082, 'VYM-VAHH', 'VALVULA AGUJA HEMB. A HEMB. DE 1/4 X 1/4', 36.94, 65.58, 16, '2005-01-05', 33),
(5083, 'VYM-VPFF-6', 'VALVULA DE PASO DE 1/4', 23.2, 41.18, 16, '2006-11-06', 33),
(5084, 'VYM-VPFF1313', 'VALVULA DE PASO DE 1/2 X 1/2', 25.68, 45.6, 16, '2005-01-05', 33),
(5085, 'AKS-107601', 'LLAVE DE ESFERA DE 1/2', 22.54, 36.93, 16, '2015-08-25', 34),
(5086, 'ANB-V3003', 'VASTAGO PARA MEZCLADORA MEZB4067C', 29.05, 64.2, 16, '2015-12-10', 34),
(5087, 'ANB-V3006', 'VASTAGO PARA MEZCLADORA MEZF9220', 34.43, 76.1, 16, '2015-07-09', 34),
(5088, 'ANB-V3010', 'VASTAGO PARA MEZCLADORA MEZL117', 23.13, 51.13, 16, '2015-07-09', 34),
(5089, 'ANB-V3025', 'VASTAGO P/FREGADERO Y LAVABO BRONCE', 23.67, 52.32, 16, '2010-05-11', 34),
(5090, 'ANB-V3026', 'VASTAGO P/LLAVE DE EMPOTRAR BRONCE', 29.63, 52.03, 16, '2010-05-11', 34),
(5091, 'ANB-V3027', 'VASTAGO PARA REGADERA TINA CENTRAL MEZRT', 80.71, 169.45, 16, '2010-05-11', 34),
(5092, 'ANB-V3037', 'VASTAGO PARA MEZCLADORA MEZL4202 (KCP2)', 30.13, 66.59, 16, '2015-12-10', 34),
(5093, 'ANB-V3054', 'VASTAGO PARA MEZCLADORA MEZTY842WCC1', 43.04, 80.86, 16, '2014-12-20', 34),
(5094, 'ANB-V3058', 'VASTAGO PARA MEZCLADORA VUELTA COMPELTA', 30.13, 66.59, 16, '2014-12-20', 34),
(5095, 'ANB-V3065', 'VASTAGO PARA MEZCLADORA MEZF472', 28.51, 63.01, 16, '2014-12-20', 34),
(5096, 'ANB-V3066', 'VASTAGO PARA JUEGO DE EMPOTRAR TIPO RUGO', 23.71, 52.41, 16, '2014-12-20', 34),
(5097, 'ANB-V3067', 'VASTAGO PARA MEZCLADORA MEZL794C', 37.66, 83.24, 16, '2014-12-20', 34),
(5098, 'ANB-VRC01', 'VASTAGO PARA MEZCLADORA CUERDA FINA 3/4', 36.04, 67.71, 16, '2014-12-20', 34),
(5099, 'MVA-13405', 'VASTAGO PARA MEZCLADORA 405', 46, 92.79, 16, '2008-10-30', 34),
(5100, 'VYC-13006', 'ADAPTADOR VASTAGO ANTIGUO A CHAPETON', 37.3, 66.21, 16, '2011-10-04', 34),
(5101, 'VYC-13402', 'VASTAGO PARA MEZCLADORA FREG. 03402', 54.67, 97.05, 16, '2005-01-05', 34),
(5102, 'VYC-13405', 'VASTAGO PARA MEZCLADORA 405', 31.97, 56.76, 16, '2014-02-22', 34),
(5103, 'VYC-13412', 'VASTAGO PARA MEZCLADORA 412', 55.92, 99.28, 16, '2014-12-19', 34),
(5104, 'VYC-13419', 'VASTAGO PARA MEZCLADORA 04621', 29.87, 53.02, 16, '2006-08-06', 34),
(5105, 'VYC-13424', 'VASTAGO PARA MEZCLADORA 03424-03428', 100.37, 178.18, 16, '2014-02-22', 34),
(5106, 'VYC-13472', 'VASTAGO CERAMICO PARA 03472 03482', 54.67, 97.05, 16, '2006-08-06', 34),
(5107, 'VYC-13475', 'VASTAGO PARA MEZCLADORA 03475', 37.44, 66.46, 16, '2010-05-27', 34),
(5108, 'VYC-13480', 'VASTAGO PARA MEZCLADORA 04480', 29.89, 53.06, 16, '2005-01-05', 34),
(5109, 'VYC-13601', 'VASTAGO PARA VALVULA EMPOTRAR COMPACTA', 25.34, 44.99, 16, '2011-10-04', 34),
(5110, 'VYC-13602', 'VASTAGO PARA MEZCLADORA 602', 38.77, 68.83, 16, '2010-05-27', 34),
(5111, 'VYC-13613', 'VASTAGO PARA JUEGO DE EMPOTRAR', 36.29, 64.43, 16, '2011-10-04', 34),
(5112, 'VYC-13615', 'VASTAGO CERAMICO P/MEZCLADORA MAN. LEDA', 61.89, 109.87, 16, '2011-10-04', 34),
(5113, 'VYC-13616', 'VASTAGO GIOVANNI ANTIGUO DE LATON', 96.36, 171.06, 16, '2008-05-06', 34),
(5114, 'VYC-13617', 'VASTAGO CERAMICO PARA VAL. DE REGADERA', 28.99, 51.47, 16, '2008-05-06', 34),
(5115, 'VYC-13621', 'VASTAGO CERAMICO P/MEZCLADORA (JUEGO)', 29.87, 53.02, 16, '2010-05-25', 34),
(5116, 'VYC-13626', 'VASTAGO PARA MEZCLADORA 04626', 39.51, 70.14, 16, '2008-05-06', 34),
(5117, 'VYC-13628', 'VASTAGO CERAMICO PARA MEZCLADORA 04628', 32.11, 57.01, 16, '2011-10-04', 34),
(5118, 'VYC-30251', '"VASTAGO DE BRONCE P/MEZCLADORA 4"""" Y 8"""""""""', 36.73, 65.21, 16, '2011-10-04', 34),
(5119, 'VYC-32125', 'VASTAGO PVC', 30.42, 54, 16, '2011-10-04', 34),
(5120, 'VYC-REDDOB', 'REDUCCION DOBLE', 14.74, 26.17, 16, '2011-03-02', 34),
(5121, 'VYC-VAS01', 'VASTAGO ANTIGUO UNIVERSAL #1', 109.62, 194.6, 16, '2010-01-01', 34),
(5122, 'VYC-VAS02', 'VASTAGO ANTIGUO URREA T.A.#2', 116.46, 206.74, 16, '2010-01-01', 34),
(5123, 'VYC-VAS03', 'VASTAGO ANTIGUO MEDIANO URREA #3', 67.33, 119.53, 16, '2010-01-01', 34),
(5124, 'VYC-VAS04', 'VASTAGO ANTIGUO ROMZCO #4', 72.29, 128.34, 16, '2010-01-01', 34),
(5125, 'VYC-VAS05', 'VASTAGO METALFLU P/MEZC. FREG. #5', 65.19, 115.72, 16, '2010-01-01', 34),
(5126, 'VYC-VAS06', 'VASTAGO P/MEZC. FREG. MET. 1/4 #6', 56.88, 100.98, 16, '2010-01-01', 34),
(5127, 'VYC-VAS07', 'VASTAGO MET.CORTO P/LLAVE #7', 60.59, 107.56, 16, '2010-01-01', 34),
(5128, 'VYC-VAS08', 'VASTAGO RUGO ANTIGUO #8', 48.09, 85.37, 16, '2010-01-01', 34),
(5129, 'VYC-VAS09', 'VASTAGO ALAN CORTO #9', 44.2, 78.46, 16, '2010-01-01', 34),
(5130, 'VYC-VAS10C', 'VASTAGO RUGO CORTO ACT. CUADRADO #10C', 49.08, 87.13, 16, '2010-01-01', 34),
(5131, 'VYC-VAS10E', 'VASTAGO RUGO CORTO ACT. ESTRIAS #10E', 49.08, 87.13, 16, '2010-01-01', 34),
(5132, 'VYC-VAS11', 'VASTAGO CORTO D.R. ACUAMATICO #11', 47.95, 85.13, 16, '2010-01-01', 34),
(5133, 'VYC-VAS12', 'VASTAGO CORTO URREA P/LAVABO #12', 55.27, 98.11, 16, '2010-01-01', 34),
(5134, 'VYC-VAS13', 'VASTAGO ROMZCO CORTO #13', 74.77, 132.74, 16, '2010-01-01', 34),
(5135, 'VYC-VAS14', 'VASTAGO CORTO URREA P/LLAVE EMP. #14', 50.01, 106.02, 16, '2010-01-01', 34),
(5136, 'VYC-VAS15', 'VASTAGO ORION AR001 P/LAVABO #15', 134.99, 239.63, 16, '2010-01-01', 34),
(5137, 'VYC-VAS16', 'VASTAGO LARGO RUGO ACTUAL #16', 49.3, 87.52, 16, '2010-01-01', 34),
(5138, 'VYC-VAS17', 'VASTAGO COMP.S/PULIR RUGO 17', 19.46, 34.56, 16, '2017-05-22', 34),
(5139, 'VYC-VAS19', 'VASTAGO CROMADO COMPLETO RUGO #19', 21.45, 38.07, 16, '2010-01-01', 34),
(5140, 'VYC-VAS20', 'VASTAGO COMPLETO CROMADO RUGO #20', 50.8, 90.18, 16, '2010-01-01', 34),
(5141, 'VYC-VAS21', 'VASTAGO BLANCO A.F. NEOP.RUGO #21', 41.78, 74.17, 16, '2010-01-01', 34),
(5142, 'VYC-VAS22', 'VASTAGO ROJO A.C. NEOPRENO RUGO #22', 41.78, 74.17, 16, '2010-01-01', 34),
(5143, 'VYC-VAS23', 'VASTAGO ORION ARO11 ANT. FREG. #23', 180.63, 320.65, 16, '2010-01-01', 34),
(5144, 'VYC-VAS24', 'VASTAGO ORION ARO04 MED. LAV. FREG. #24', 171.55, 304.54, 16, '2010-01-01', 34),
(5145, 'VYC-VAS25', 'VASTAGO ORION ARO36 (EMP) CORTO #25', 176.37, 313.08, 16, '2010-01-01', 34),
(5146, 'VYC-VAS26', 'VASTAGO ORION AR005 (EMP) LARGO #26', 219.23, 389.18, 16, '2010-01-01', 34),
(5147, 'VYC-VAS27', 'VASTAGO RUGO ACT. LARGO ESTRIAS #27', 49.3, 87.52, 16, '2010-01-01', 34),
(5148, 'VYC-VAS28', 'VASTAGO MET. COR. P/MEZ. FREG. IMP. #28', 53.76, 95.44, 16, '2010-01-01', 34),
(5149, 'VYC-VAS29', 'VASTAGO COR. CROM. LAV. FREG. I.RUGO #29', 67.04, 119.01, 16, '2010-01-01', 34),
(5150, 'VYC-VAS30', 'VASTAGO RUGO ANTIGUO ESTRIAS #30', 48.09, 85.37, 16, '2010-01-01', 34),
(5151, 'VYC-VAS31', 'VASTAGO P/EMP. ROSCA CORTA RUGO #31', 38.25, 67.91, 16, '2010-01-01', 34),
(5152, 'VYC-VAS32', 'VASTAGO MEZC. LAV. I. CROM. RUGO #32', 53.76, 95.44, 16, '2010-01-01', 34),
(5153, 'VYC-VAS33', 'VASTAGO BRONCE LARGO RUGO F38Q39Q #33', 34.79, 61.75, 16, '2010-01-01', 34),
(5154, 'VYC-VAS34', 'VASTAGO BRONCE CORTO RUGO F38Q39Q #34', 26.09, 46.31, 16, '2010-01-01', 34),
(5155, 'VYC-VAS35', 'VASTAGO CELCON LAR. RUGO F38Q39Q #35', 19.83, 35.21, 16, '2010-01-01', 34),
(5156, 'VYC-VAS36', 'VASTAGO CELCON COR. RUGO F38Q39Q #36', 19.08, 33.88, 16, '2010-01-01', 34),
(5157, 'VYC-VAS37', 'VASTAGO FUTURA P/EMP. LARGO 9/16 #37', 69.71, 123.76, 16, '2010-01-01', 34),
(5158, 'VYC-VAS38', 'VASTAGO FUTURA LARGO 11/64 #38', 73.71, 130.85, 16, '2010-01-01', 34),
(5159, 'VYC-VAS39', 'VASTAGO CERAMICO RB72C #39', 78.17, 138.77, 16, '2010-01-01', 34),
(5160, 'VYC-VAS40', 'VASTAGO TIPO RUGO MIXTO (LAV) #40', 69.91, 124.11, 16, '2010-01-01', 34),
(5161, 'VYC-VAS41', 'VASTAGO TIPO NIBCO #2 (EMP) BARRA #41', 76.1, 135.09, 16, '2010-01-01', 34),
(5162, 'VYC-VAS42', 'VASTAGO MONOBLOCK T/MIBER #42', 177.79, 315.62, 16, '2010-01-01', 34),
(5163, 'VYC-VAS43', 'VASTAGO T/HELVEX EMP. IZQ. Y DER. #43', 153.95, 273.29, 16, '2010-01-01', 34),
(5164, 'VYC-VAS44', 'VASTAGO T/HELVEX FREG. IZQ. Y DER. #44', 153.95, 273.29, 16, '2010-01-01', 34),
(5165, 'VYC-VAS45', 'VASTAGO CER. MEZC. RB73F (FRIA) #45', 63.98, 113.57, 16, '2010-01-01', 34),
(5166, 'VYC-VAS46', 'VASTAGO CER. MEZC. RB73C (CALIENTE) #46', 63.98, 113.57, 16, '2010-01-01', 34),
(5167, 'VYC-VAS47', 'VASTAGO CERAMICO MEZC. RB73F-73C #47', 63.98, 113.57, 16, '2010-01-01', 34),
(5168, 'VYC-VAS48', 'VASTAGO CERAMICO 71C #48', 60.23, 106.93, 16, '2010-01-01', 34),
(5169, 'VYC-VAS49', 'VASTAGO CER. MEZC. EMP. RC-36C #49', 149.77, 265.87, 16, '2010-01-01', 34),
(5170, 'VYC-VAS50', 'VASTAGO CER. MEZC. LAV. 12 RI36C #50', 149.77, 265.87, 16, '2010-01-01', 34),
(5171, 'VYC-VAS51', 'VASTAGO T/ROMZCO 13 ESTRIAS ESTANDAR #51', 51.56, 91.53, 16, '2010-01-01', 34),
(5172, 'VYC-VAS52', 'VASTAGO ORION MOD. EMPORTAR #52', 177.79, 315.62, 16, '2010-01-01', 34),
(5173, 'VYC-VAS53', 'VASTAGO ORION MOD. FREGADERO #53', 177.79, 315.62, 16, '2010-01-01', 34),
(5174, 'VYC-VAS54', 'VASTAGO CERAMICO 13573 #54', 61.15, 108.56, 16, '2010-01-01', 34),
(5175, 'VYC-VAS55', 'VASTAGO CERAMICO 13472 LARGO #55', 64.83, 115.09, 16, '2010-01-01', 34),
(5176, 'VYC-VAS56', 'VASTAGO CERAMICO 13621 P/04621 #56', 54.42, 96.6, 16, '2010-01-01', 34),
(5177, 'VYC-VAS57', 'VASTAGO P/MEZCLADORA 13419 #57', 54.42, 96.6, 16, '2010-01-01', 34),
(5178, 'VYC-VAS58', 'VASTAGO P/MEZCLADORA 13626 #58', 46.97, 83.39, 16, '2010-01-01', 34),
(5179, 'VYC-VAS59', 'VASTAGO CERAMICO 13673 #59', 46.33, 82.24, 16, '2010-01-01', 34),
(5180, 'VYC-VAS60', 'VASTAGO CERAMICO 13430 #60', 61.15, 108.56, 16, '2010-01-01', 34),
(5181, 'VYC-VAS61', 'VASTAGO CERAMICO P/REG. 13617 #61', 43.25, 76.78, 16, '2010-01-01', 34),
(5182, 'VYC-VAS62', 'VASTAGO METALFLU CERMICO 13628 #62', 61.15, 108.56, 16, '2010-01-01', 34),
(5183, 'VYC-VAS63', 'VASTAGO METLAFLU P/MEZC. 13424 #63', 65.29, 115.91, 16, '2010-01-01', 34),
(5184, 'VYC-VAS64', 'VASTAGO TIPO URREA ROSC. STD. #64', 76.1, 135.09, 16, '2010-01-01', 34),
(5185, 'VYC-VAS65', 'VASTAGO 3010 LAV. ANBEC #65', 55.59, 98.69, 16, '2010-01-01', 34),
(5186, 'VYC-VAS66', 'VASTAGO 3004 EMP. FREG. 8009 #66', 55.59, 98.69, 16, '2010-01-01', 34),
(5187, 'VYC-VAS67', 'VASTAGO 3005 T/BAR Y LAV. #67', 57.73, 102.49, 16, '2010-01-01', 34),
(5188, 'VYC-VAS68', 'VASTAGO FUTURA CORTO 11/64 #68', 73.2, 129.95, 16, '2010-01-01', 34),
(5189, 'VYC-VAS69', 'VASTAGO 3018 MEZC. 8010 ANBEC #69', 55.59, 98.69, 16, '2010-01-01', 34),
(5190, 'VYC-VAS70', 'VASTAGO P/EMPOTRAR TIPO DICA #70', 76.1, 135.09, 16, '2010-01-01', 34),
(5191, 'VYC-VAS71', 'VASTAGO FUTURA CORTO 11/64 #71', 57.1, 101.37, 16, '2010-01-01', 34),
(5192, 'VYC-VAS72', 'VASTAGO CERAMICO P/MEZC. 4 RUGO #72', 55.92, 99.28, 16, '2010-11-24', 34),
(5193, 'VYC-VAS73', 'VASTAGO PVC R/FINA AZUL #73', 57.1, 101.37, 16, '2012-01-26', 34),
(5194, 'VYC-VAS74', 'VASTAGO PVC R/FINA ROJO #74', 57.1, 101.37, 16, '2010-01-01', 34),
(5195, 'VYC-VAS75', 'VASTAGO PVC R/ESTANDAR #75', 52.13, 92.55, 16, '2010-01-01', 34),
(5196, 'VYC-VAS76', 'VASTAGO COMPRESION RUGO BRONCE #76', 64.89, 115.19, 16, '2010-11-24', 34),
(5197, 'VYC-VAS77', 'VASTAGO CERAM.ALAN 1/4V.(ROJO/AZUL) #77', 61.15, 108.56, 16, '2010-01-01', 34),
(5198, 'VYC-VAS78', 'VASTAGO P/MEZCLADORA 3055 #78', 45.84, 81.39, 16, '2010-11-24', 34),
(5199, 'VYC-VAS79', 'VASTAGO P/MEZC. LAV. URREA 3054 1/4V #79', 68.54, 121.67, 16, '2010-11-24', 34),
(5200, 'VYC-VAS80', 'VASTAGO BRONCE CORTO #80', 68.54, 121.67, 16, '2018-11-12', 34),
(5201, 'VYC-VAS81', 'VASTAGO BRONCE MET. #81', 68.54, 121.67, 16, '2015-07-31', 34),
(5202, 'VYC-VAS83', 'VASTAGO CERAMICO XL.D. R. FINO #83', 64.6, 114.68, 16, '2017-02-07', 34),
(5203, 'VYC-VAS84', 'VASTAGO CARTUCHO CERAM.P/MOD.2220-S #84', 61.15, 108.56, 16, '2013-08-07', 34),
(5204, 'VYC-VAS91', 'VASTAGO CERAM. GRANDE STD #91', 61.15, 108.56, 16, '2016-05-23', 34),
(5205, 'LAT-LT12001', 'CODO MARRON 45 X 1/2 PPM-R', 4.73, 10.14, 16, '2014-02-25', 36),
(5206, 'LAT-LT13001', 'TEE MARRON 1/2 PPM-R', 4.73, 12.43, 16, '2014-02-25', 36),
(5207, 'LAT-LT240R02', 'REDUCC.CAMPANA MARRON 3/4 X 1/2 PM', 5.33, 12.32, 16, '2014-02-25', 36),
(5208, 'LAT-LT241R02', 'REDUCC.BUSHING MARRON 3/4 X 1/2 PM', 2.15, 4.97, 16, '2014-02-25', 36),
(5209, 'LAT-LT241R04', 'REDUCC.BUSHING MARRON 1 X 1/2 PM', 4.8, 12.61, 16, '2016-01-14', 36),
(5210, 'LAT-LT241R08', 'REDUCC.BUSHING MARRON 1 1/2 X 1/2 PM', 11.63, 30.55, 16, '2016-01-14', 36),
(5211, 'LAT-LT27001', 'COPLE MARRON 1/2 PPM-R', 2.55, 5.47, 16, '2014-02-25', 36),
(5212, 'LAT-LT28001', 'NIPLE CON TUERCA MARRON 1/2 PPM-R', 1.92, 4.12, 16, '2014-02-25', 36),
(5213, 'LAT-LT29001', 'TAPON MACHO MARRON 1/2 PPM-R', 1.75, 3.75, 16, '2014-02-25', 36),
(5214, 'LAT-LT30101', 'TAPON CAPA MARRON 1/2 PPM-R', 1.92, 4.12, 16, '2014-02-25', 36),
(5215, 'LAT-LT34201', 'TUERCA UNION MARRON 1/2 PPM-R', 9.86, 21.12, 16, '2014-02-25', 36),
(5216, 'LAT-LT60001', 'NIPLE MARRON 1/2 X  6 PPM-R', 2.6, 5.57, 16, '2014-02-25', 36),
(5217, 'LAT-LT62001', 'NIPLE MARRON 1/2 X 10 PPM-R', 4.55, 9.74, 16, '2014-02-25', 36),
(5218, 'LAT-LT9001', 'CODO MARRON 90 X 1/2 PPM-R', 3.75, 8.04, 16, '2014-02-25', 36),
(5219, 'LAT-LT9001CN', 'CODO NIPLE MARRON 1/2 PPM-R', 3.75, 8.04, 16, '2014-02-25', 36),
(5220, 'LAT-LTTAR12', 'TARRAJA ALUMINIO 1/2 A 1', 123.37, 264.32, 16, '2014-03-31', 36),
(5221, 'LAT-LTTUB124', 'TUBO P.P. ROSCADO MARRON 1/2 X 4MTS', 53.09, 113.75, 16, '2014-02-25', 36),
(5222, 'AKS-117041', 'ALAMBRE GALV. CAL.12.5 ROLLO DE 1 KILO', 32.07, 35.4, 16, '2016-12-12', 37),
(5223, 'AKS-117043', 'ALAMBRE GALV. CAL.16 ROLLO DE 1 KILO', 34.07, 37.6, 16, '2017-04-01', 37),
(5224, 'AKS-117044', 'ALAMBRE GALV. CAL.18 ROLLO DE 1 KILO', 36.57, 53, 16, '2017-04-01', 37),
(5225, 'AKS-117045', 'ALAMBRE GALV. CAL.20 ROLLO DE 1 KILO', 36.57, 53, 16, '2017-04-01', 37),
(5226, 'AKS-117046', 'ALAMBRE GALV. CAL 22 ROLLO DE 1KG', 36.57, 53, 16, '2017-01-06', 37),
(5227, 'AKS-117051', 'ALAMBRE DE PUAS LINEA RANCHERO CAL.12.5', 1002.04, 1452.22, 16, '2017-06-03', 37),
(5228, 'AKS-117053', 'ALAMBRE DE PUAS CORRALERO CAL.15.5', 701.42, 1016.55, 16, '2017-06-03', 37),
(5229, 'AKS-117054', 'ALAMBRE DE PUAS LINEA CORRALERO CAL.15.5', 576.17, 835.02, 16, '2017-09-26', 37),
(5230, 'AKS-117721', 'PISTOLA PARA LIMPIEZA DE MOTORES 80 PSI', 122.74, 177.89, 16, '2017-04-01', 37),
(5231, 'ANB-TPGW16', 'ALAMBRE GALV. CAL.16 ROLLO DE 1 KILO', 33.18, 61.61, 16, '2019-01-08', 37),
(5232, 'AY2-094BU', 'ALAMBRE DE ACERO CAL.22 GIMEXSA (1KGO)', 410.26, 574.43, 16, '2005-01-05', 37),
(5233, 'AY2-096BU', 'ALAMBRE DE ACERO CAL.20 GIMEXSA (1KGO)', 379.83, 531.83, 16, '2005-01-05', 37),
(5234, 'AY2-097BU', 'ALAMBRE DE ACERO CAL.18 GIMEXSA (1KGO)', 342.76, 479.93, 16, '2005-01-05', 37),
(5235, 'AY2-099BU', 'ALAMBRE DE ACERO CAL.16 GIMEXSA (1KGO)', 322.06, 450.94, 16, '2005-01-05', 37),
(5236, 'AY2-100BU', 'ALAMBRE DE ACERO CAL.14 GIMEXSA (1KGO)', 217.19, 304.11, 16, '2005-01-05', 37),
(5237, 'AYC-1304', 'ALAMBRE GALVANIZADO No.08 X KILO', 20.16, 28.22, 16, '2005-01-05', 37),
(5238, 'AYC-1307', 'ALAMBRE GALVANIZADO No.10 X KILO', 16.96, 23.75, 16, '2005-01-05', 37),
(5239, 'AYC-1406', 'ALAMBRE GALVANIZADO No.16 X KILO', 25.37, 35.53, 16, '2005-01-05', 37),
(5240, 'AYC-1431', 'ALAMBRE GALVANIZADO No. 18 (1)', 25.95, 36.34, 16, '2016-06-30', 37),
(5241, 'AYC-1446', 'ALAMBRE GALVANIZADO No.12 X KILO', 16.96, 23.75, 16, '2005-01-05', 37),
(5242, 'AYC-1486', 'ALAMBRE GALVANIZADO No.14 X KILO', 16.96, 23.75, 16, '2005-01-05', 37),
(5243, 'AYC-2703', 'BOBINA DE ALAMBRE CAL.14.5 45K.(OFERTA)', 725.59, 1006.08, 16, '2005-01-05', 37),
(5244, 'AYC-31039', 'ALAMBRE GALVANIZADO SUAVE No. 16 X KILO', 24.94, 34.58, 16, '2005-01-05', 37),
(5245, 'AYC-31040', 'ALAMBRE GALVANIZADO SUAVE NO.18 X KILO', 27.49, 38.12, 16, '2016-12-17', 37),
(5246, 'AYC-31041', 'ALAMBRE GALVANIZADA SUAVE NO.20 X KILO', 28.87, 40.04, 16, '2016-12-17', 37),
(5247, 'AYC-3537', 'ALAMBRE DE PUAS VAQUERO 1 360MTS RLL', 470.98, 653.04, 16, '2016-12-17', 37),
(5248, 'AYC-3739', 'ALAMBRE DE PUAS JUMBO 12.5 34KG', 980.76, 2008.1, 16, '2017-12-19', 37),
(5249, 'AYC-3755', 'ALAMBRE DE PUAS B.JUMBO 324M 30KG', 909.34, 1861.89, 16, '2017-12-19', 37),
(5250, 'AYC-37601', 'ALAMBRE GALVANIZADO SUAVE No. 14 X KILO', 16.99, 23.56, 16, '2005-01-05', 37),
(5251, 'AYC-4038', 'ALAMBRE DE PUAS VAQUERO 1 300MTS.(OF)RLL', 334.14, 463.31, 16, '2005-01-05', 37),
(5252, 'AYC-813/3739', 'ALAMBRE DE PUAS JUMBO 34KILOS(OFERTA)RLL', 528.9, 733.36, 16, '2005-01-05', 37),
(5253, 'EAV-1201/120', 'ALAMBRE RECOCIDO POR KILO (BASICO)', 17.95, 23.6, 16, '2005-01-05', 37),
(5254, 'EAV-2241', 'ALAMBRON DE 1/4 POR KILO (BASICO)', 17.21, 22.8, 16, '2005-01-05', 37),
(5255, 'EAV-ALRECFLO', 'ALAMBRE RECOCIDO PARA FLOR POR KILO', 33.94, 47.08, 16, '2007-06-13', 37),
(5256, 'GOS-41', 'ALAMBRE GALVANIZADO CAL. 22 1KGO.', 28.57, 46.8, 16, '2018-12-03', 37),
(5257, 'TCG-37115RLL', 'TELA MOSQUITERA LIG 0.90X30 OFE.(RLL)', 821.55, 1200.33, 16, '2013-08-07', 37),
(5258, 'TOO-TC2489', 'ALAMBRE GALVANIZADO CAL. No. 12.5 (KILO)', 32.86, 44.92, 16, '2008-09-27', 37),
(5259, 'TOO-TC2490', 'ALAMBRE GALVANIZADO CAL. No. 14.5 (KILO)', 29.67, 43.48, 16, '2008-09-27', 37),
(5260, 'TOO-TC2491', 'ALAMBRE GALVANIZADO CAL. No. 16 (KILO)', 35.69, 56.32, 16, '2008-09-27', 37),
(5261, 'TOO-TC2492', 'ALAMBRE GALVANIZADO CAL. No. 18 (KILO)', 37.04, 54.27, 16, '2008-09-27', 37),
(5262, 'TOO-TC2493', 'ALAMBRE GALVANIZADO CAL. No. 20 (KILO)', 34.39, 54.27, 16, '2008-09-27', 37),
(5263, 'TOO-TC2494', 'ALAMBRE GALVANIZADO CAL. No. 22 (KILO)', 36.4, 53.33, 16, '2008-09-27', 37),
(5264, 'TOO-TC2495', 'ALAMBRE DE PUAS MONTANA CAL.14.5RLL.325M', 863.76, 1107.51, 16, '2008-09-27', 37),
(5265, 'TOO-TC2497', 'ALAMBRE DE PUAS TEXAS CAL.16.5 RLL.300MT', 605.22, 776.01, 16, '2008-09-27', 37),
(5266, 'EAV-701', 'ARMEX DE 15X15X4 (BASICO)', 126.99, 160.05, 16, '2005-01-05', 38),
(5267, 'EAV-702', 'ARMEX DE 15X20X4 (BASICO)', 128.11, 161.46, 16, '2005-01-05', 38),
(5268, 'EAV-709', 'ARMEX DE 15X15X3 (BASICO)', 112.99, 156.64, 16, '2005-01-05', 38),
(5269, 'EAV-712', 'ARMEX DE 12X12X4 (BASICO)', 126.99, 160.05, 16, '2006-12-06', 38),
(5270, 'EAV-713', 'ARMEX DE 12X20X4 (BASICO)', 121.44, 168.36, 16, '2011-12-16', 38),
(5271, 'BLO-AD1010CA', 'ADOQUIN 10X10 CAFE ADOBE', 2.2, 3.06, 16, '2010-03-17', 39),
(5272, 'BLO-AD1020NE', 'ADOQUIN 10X20 NEGRO', 2.31, 3.2, 16, '2010-03-17', 39),
(5273, 'BLO-AD1515AM', 'ADOQUIN 15X15 AMARILLO', 2.38, 3.3, 16, '2010-03-17', 39),
(5274, 'BLO-AD1515NG', 'ADOQUIN 15X15 NEGRO', 2.2, 3.06, 16, '2011-07-30', 39),
(5275, 'BLO-ADTIPIRO', 'ADOQUIN TIPO I ROJO', 2.64, 3.67, 16, '2010-03-17', 39),
(5276, 'BLO-BLOCK-A', 'BLOCK 12X20X40 (BASICO)', 7.58, 9.94, 16, '2005-01-05', 39),
(5277, 'BLO-BLOCK-B', 'BLOCK 15X20X40 (BASICO)', 7.34, 9.62, 16, '2005-01-05', 39),
(5278, 'BLO-BLOCK-C', 'BLOCK 20X20X40 (BASICO)', 7.52, 11.16, 16, '2008-11-11', 39),
(5279, 'BLO-BLOCK12U', 'BLOCK 12X20X40 TIPO U', 5.07, 7.03, 16, '2010-03-21', 39),
(5280, 'BLO-BLOCK15U', 'BLOCK 15X20X40 TIPO U', 6.36, 8.82, 16, '2010-03-21', 39),
(5281, 'BLO-GARBLRL2', 'GARDEN BLOCK RL-210', 12.32, 17.08, 16, '2010-03-21', 39),
(5282, 'BLO-SPLBLOCA', 'SPLIT BLOCK 15X20X40 CAFE ADOBE(C.PIEDRA', 8.44, 11.7, 16, '2010-03-17', 39),
(5283, 'BLO-SPLBLOSA', 'SPLIT BLOCK 15X20X40 SALMON(CARA PIEDRA)', 8.44, 11.7, 16, '2010-03-17', 39),
(5284, 'PYA-0015', 'JUNTEADOR ALUMINIO S/ARENA CAJA 5 KILOS', 71.46, 100.14, 16, '2014-12-04', 40),
(5285, 'PYA-0016', 'JUNTEADOR AVELLANA S/ARENA CAJA 5 KILOS', 71.46, 100.14, 16, '2014-12-04', 40),
(5286, 'PYA-0017', 'JUNTEADOR BLANCO S/ARENA CAJA 5 KILOS', 71.46, 85.8, 16, '2014-12-04', 40),
(5287, 'PYA-0018', 'JUNTEADOR CAPUCCINO S/ARENA CAJA 5 KILOS', 71.46, 85.8, 16, '2014-12-04', 40),
(5288, 'PYA-0019', 'JUNTEADOR CREMA S/ARENA CAJA 5 KILOS', 71.46, 100.14, 16, '2014-12-04', 40),
(5289, 'PYA-0020', 'JUNTEADOR GAMUZA S/ARENA CAJA 5 KILOS', 71.46, 100.14, 16, '2014-12-04', 40),
(5290, 'PYA-0021', 'JUNTEADOR LADRILLO S/ARENA CAJA 5 KILOS', 71.46, 100.14, 16, '2014-12-04', 40),
(5291, 'PYA-0022', 'JUNTEADOR MEDITERRANEO S/ARENA CAJA 5 KI', 71.46, 100.14, 16, '2014-12-04', 40),
(5292, 'PYA-0023', 'JUNTEADOR NEGRO S/ARENA CAJA 5 KILOS', 71.46, 100.14, 16, '2014-12-04', 40),
(5293, 'PYA-0024', 'JUNTEADOR OLIVO S/ARENA CAJA 5 KILOS', 71.46, 100.14, 16, '2014-12-04', 40),
(5294, 'PYA-0025', 'JUNTEADOR PERLA S/ARENA CAJA 5 KILOS', 71.46, 100.14, 16, '2014-12-04', 40),
(5295, 'PYA-0026', 'JUNTEADOR PETALO S/ARENA CAJA 5 KILOS', 71.46, 100.14, 16, '2014-12-04', 40),
(5296, 'PYA-0081', 'BOQUILLA NEGRA BULTO CON 10 KILOS', 49.53, 59.4, 16, '2005-01-05', 40),
(5297, 'PYA-0082', 'BOQUILLA CHOCOLATE BULTO CON 10 KILOS', 49.53, 59.4, 16, '2005-01-05', 40),
(5298, 'PYA-0083', 'BOQUILLA ROJA BULTO CON 10 KILOS', 49.53, 59.4, 16, '2005-01-05', 40),
(5299, 'PYA-0084', 'BOQUILLA ARENA BULTO CON 10 KILOS', 48.85, 59.4, 16, '2005-01-05', 40),
(5300, 'PYA-0085', 'BOQUILLA CAFE BULTO CON 10 KILOS', 48.85, 59.4, 16, '2005-01-05', 40),
(5301, 'PYA-0087', 'BOQUILLA ROSA BULTO CON 10 KILOS', 49.53, 69.41, 16, '2005-01-05', 40),
(5302, 'PYA-0088', 'BOQUILLA BLANCO ANTIGUO BULTO CON 10 KIL', 49.53, 69.41, 16, '2005-01-05', 40),
(5303, 'PYA-0089', 'BOQUILLA GRIS BULTO CON 10 KILOS', 49.53, 69.41, 16, '2005-01-05', 40),
(5304, 'PYA-0090', 'BOQUILLA ALMENDRA BULTO CON 10 KILOS', 49.53, 69.41, 16, '2009-12-05', 40),
(5305, 'PYA-0091', 'BOQUILLA VERDE BULTO CON 10 KILOS', 49.53, 69.41, 16, '2005-01-05', 40),
(5306, 'PYA-0092', 'BOQUILLA BEIGE BULTO CON 10 KILOS', 49.53, 69.41, 16, '2005-01-05', 40),
(5307, 'PYA-0093', 'BOQUILLA TIERRA BULTO CON 10 KILOS', 49.53, 69.41, 16, '2009-12-05', 40),
(5308, 'PYA-BOQ-001', 'BOQUILLA NEGRA BULTO CON 10 KILOS (1)', 38.06, 62.37, 16, '2005-01-05', 40),
(5309, 'PYA-BOQ-002', 'BOQUILLA CHOCOLATE BULTO CON 10 KILOS (1', 35.88, 58.79, 16, '2005-01-05', 40),
(5310, 'PYA-BOQ-003', 'BOQUILLA BLANCO BULTO CON 10 KILOS (1)', 35.88, 58.79, 16, '2007-07-31', 40),
(5311, 'PYA-BOQ-004', 'BOQUILLA ROSA BULTO CON 10 KILOS (1)', 35.88, 58.79, 16, '2007-07-31', 40),
(5312, 'PYA-BOQ-005', 'BOQUILLA CAFE BULTO CON 10 KILOS (1)', 38.06, 62.37, 16, '2007-07-31', 40),
(5313, 'AKS-113801', 'CADENA GALVANIZADA 1/8 CUBETA 25KG', 1302.65, 1887.88, 16, '2016-11-18', 41),
(5314, 'AKS-113801KG', 'CADENA GALVANIZADA 1/8 POR KILO', 51.6, 74.78, 16, '2017-05-08', 41),
(5315, 'AKS-113802', 'CADENA GALVANIZADA 3/16 CUBETA 25KG', 1182.4, 1713.61, 16, '2016-02-23', 41),
(5316, 'AKS-113802KG', 'CADENA GALVANIZADA 3/16 POR KILO', 46.83, 67.88, 16, '2017-05-08', 41),
(5317, 'AKS-113803', 'CADENA GALVANIZADA 1/4 CUBETA 25KG', 1152.34, 1670.05, 16, '2016-02-23', 41),
(5318, 'AKS-113803KG', 'CADENA GALVANIZADA 1/4 POR KILO', 45.64, 66.14, 16, '2017-05-08', 41),
(5319, 'AKS-113804', 'CADENA GALVANIZADA 5/16 25KG.', 1152.34, 1670.05, 16, '2016-10-24', 41),
(5320, 'AKS-113804KG', 'CADENA GALVANIZADA 5/16 POR KILO', 45.64, 66.14, 16, '2017-07-08', 41),
(5321, 'AKS-113805', 'CADENA GALVANIZADA 3/8 CUBETA 25KG', 1152.34, 1670.05, 16, '2017-07-08', 41),
(5322, 'AKS-113805KG', 'CADENA GALVANIZADA 3/8 POR KILO', 45.64, 66.14, 16, '2017-07-08', 41),
(5323, 'AKS-113806', 'CADENA GALVANIZADA 1/2 CUBETA 25KGS', 1152.34, 1670.05, 16, '2017-07-29', 41),
(5324, 'AKS-113806KG', 'CADENA GALVANIZADA 1/2 POR KILO', 45.64, 66.14, 16, '2017-07-29', 41),
(5325, 'ANB-TPCP963', 'CADENA GALVANIZADA 1/4 X 35MTS. CUBETA', 1111.13, 1951.39, 16, '2019-01-10', 41),
(5326, 'ANB-TPCV968', 'CADENA TIPO VICTOR DE 2.50MM. 30MTS.', 197.33, 346.56, 16, '2019-01-08', 41),
(5327, 'ANB-TPCV968M', 'CADENA TIPO VICTOR DE 2.50MM. (POR MTO)', 13.38, 23.5, 16, '2019-01-08', 41),
(5328, 'AY1-0290', 'CADENA VICTOR CON ACABADO # 16', 6.26, 10.17, 16, '2005-01-05', 41),
(5329, 'AYC-30476', 'CADENA PULIDA DE 1/8 X KILO', 18.22, 25.27, 16, '2017-06-16', 41),
(5330, 'AYC-30477', 'CADENA PULIDA DE 5/32 X KILO', 20.54, 28.48, 16, '2017-06-16', 41),
(5331, 'AYC-30478', 'CADENA PULIDA DE 3/16 X KILO', 25.67, 35.6, 16, '2017-06-16', 41),
(5332, 'AYC-30479', 'CADENA PULIDA DE 1/4 X KILO', 30.81, 42.72, 16, '2017-06-16', 41),
(5333, 'AYC-30480', 'CADENA PULIDA DE 5/16 X KILO', 35.94, 49.84, 16, '2017-06-16', 41),
(5334, 'AYC-30481', 'CADENA PULIDA DE 3/8 (OFERTA) X KILO', 18.22, 25.27, 16, '2005-01-05', 41),
(5335, 'AYC-30482', 'CADENA PULIDA DE 1/2 (OFERTA) X KILO', 22.8, 31.62, 16, '2005-01-05', 41),
(5336, 'AYC-30483', 'CADENA GALVANIZADA DE 1/8 X KILO', 20.54, 28.48, 16, '2017-06-16', 41),
(5337, 'AYC-30484', 'CADENA GALVANIZADA DE 5/32 X KILO', 25.67, 35.6, 16, '2017-06-16', 41),
(5338, 'AYC-30485', 'CADENA GALVANIZADA DE 3/16 X KILO', 35.94, 49.84, 16, '2017-06-16', 41),
(5339, 'AYC-30486', 'CADENA GALVANIZADA DE 1/4 X KILO', 41.08, 56.96, 16, '2017-06-16', 41),
(5340, 'AYC-30487', 'CADENA GALVANIZADA DE 5/16 X KILO', 51.35, 71.2, 16, '2017-06-16', 41),
(5341, 'AYC-30488', 'CADENA GALVANIZADA DE 3/8 X KILO', 56.48, 78.32, 16, '2017-06-16', 41),
(5342, 'AYC-30489', 'CADENA GALVANIZADA DE 1/2 X KILO', 61.62, 85.44, 16, '2017-06-16', 41),
(5343, 'AYC-37916', 'CADENA PULIDA DE 1/8 (OFERTA) X KILO', 26.64, 36.93, 16, '2007-10-30', 41),
(5344, 'AYC-37918', 'CADENA PULIDA 1/4 25KG', 1054.99, 2160.09, 16, '2017-12-19', 41),
(5345, 'AYC-37924KG', 'CADENA ELECTROGALVANIZADA 1/4 X KILO', 108.19, 221.52, 16, '2017-12-19', 41),
(5346, 'AYC-38575', 'CADENA DOBLE ESLABON 2.0MM. X MTO.', 2.99, 4.15, 16, '2012-07-16', 41),
(5347, 'AYC-38576', 'CADENA DOBLE ESLABON 2.5MM. X MTO.', 4.03, 5.59, 16, '2012-07-16', 41),
(5348, 'TOO-TC0899', 'CADENA PULIDA DE 1/8 CUBETA CON 25KILOS', 817.91, 1048.73, 16, '2008-09-27', 41),
(5349, 'TOO-TC0899MT', 'CADENA PULIDA DE 1/8 POR KILO', 36.35, 67.78, 16, '2010-03-20', 41),
(5350, 'TOO-TC0900', 'CADENA PULIDA 5/32 CUBETA CON 25KILOS', 824.43, 1057.08, 16, '2008-09-27', 41),
(5351, 'TOO-TC0900MT', 'CADENA PULIDA DE 5/32 POR KILO', 36.27, 67.62, 16, '2010-03-20', 41),
(5352, 'TOO-TC0901', 'CADENA PULIDA DE 3/16 CUBETA CON 25KILOS', 732.69, 939.46, 16, '2008-09-27', 41),
(5353, 'TOO-TC0901MT', 'CADENA PULIDA DE 3/16 POR KILO', 32.23, 60.1, 16, '2010-03-20', 41),
(5354, 'TOO-TC0902', 'CADENA PULIDA DE 5/16 CUBETA CON 25KILOS', 716.02, 918.08, 16, '2008-09-27', 41),
(5355, 'TOO-TC0902MT', 'CADENA PULIDA DE 5/16 POR KILO', 31.49, 58.71, 16, '2010-03-20', 41),
(5356, 'TOO-TC0903', 'CADENA PULIDA DE 3/8 CUBETA CON 25KILOS', 709.46, 909.67, 16, '2008-09-27', 41),
(5357, 'TOO-TC0903MT', 'CADENA PULIDA DE 3/8 POR KILO', 31.21, 58.19, 16, '2010-03-20', 41),
(5358, 'TOO-TC0904', 'CADENA PULIDA DE 1/2 CUBETA CON 25KILOS', 745.8, 956.27, 16, '2008-09-27', 41),
(5359, 'TOO-TC0904MT', 'CADENA PULIDA DE 1/2 POR KILO', 32.8, 61.16, 16, '2010-03-20', 41),
(5360, 'TOO-TC0905', 'CADENA PULIDA DE 1/4 CUBETA CON 25KILOS', 705.88, 905.09, 16, '2008-09-27', 41),
(5361, 'TOO-TC0905MT', 'CADENA PULIDA DE 1/4 POR KILO', 31.05, 57.9, 16, '2010-03-20', 41),
(5362, 'TOO-TC1083', 'CADENA TIPO VICTOR DE 2.0MMX30MTS.', 159.64, 218.22, 16, '2008-09-27', 41),
(5363, 'TOO-TC1083MT', 'CADENA TIPO VICTOR DE 2.00 POR METRO', 5.91, 12.12, 16, '2010-03-29', 41),
(5364, 'TOO-TC1084', 'CADENA TIPO VICTOR DE 2.5MMX30MTS.', 197.76, 270.33, 16, '2008-09-27', 41),
(5365, 'TOO-TC1084MT', 'CADENA TIPO VICTOR DE 2.5MM POR METRO', 7.32, 15.02, 16, '2010-03-29', 41),
(5366, 'TOO-TC1085', 'CADENA TIPO VICTOR DE 3.0MMX30MTS.', 265.67, 363.16, 16, '2008-09-27', 41),
(5367, 'TOO-TC1085MT', 'CADENA TIPO VICTOR DE 3.00MM POR METRO', 9.84, 20.18, 16, '2010-03-29', 41),
(5368, 'TOO-TC1086', 'CADENA TIPO VICTOR DE 3.5MMX30MTS.', 325.84, 445.41, 16, '2008-09-27', 41),
(5369, 'TOO-TC1086MT', 'CADENA TIPO VICTOR DE 3.5MM POR METRO', 12.07, 24.75, 16, '2010-03-29', 41),
(5370, 'TOO-TC1087', 'CADENA TIPO VICTOR DE 4.0MMX30MTS.', 449.74, 614.77, 16, '2008-09-27', 41),
(5371, 'TOO-TC1087MT', 'CADENA TIPO VICTOR DE 4.0MM POR METRO', 15.57, 31.94, 16, '2010-03-29', 41),
(5372, 'TOO-TC1088', 'CADENA TIPO VICTOR DE 2.0MMX250MTS.', 1303.38, 1781.65, 16, '2008-09-27', 41),
(5373, 'TOO-TC1088MT', 'CADENA TIPO VICTOR DE 2.0MM POR METRO', 5.79, 11.88, 16, '2010-03-29', 41),
(5374, 'TOO-TC1089', 'CADENA TIPO VICTOR DE 2.5MMX192MTS.', 1172.93, 1603.33, 16, '2008-09-27', 41),
(5375, 'TOO-TC1089MT', 'CADENA TIPO VICTOR DE 2.5MM POR METRO', 11.9, 24.41, 16, '2010-03-29', 41),
(5376, 'TOO-TC1090', 'CADENA TIPO VICTOR DE 3.0MMX122MTS.', 1071.65, 1464.89, 16, '2008-09-27', 41),
(5377, 'TOO-TC1090MT', 'CADENA TIPO VICTOR DE 3.0MM POR METRO', 9.75, 20.01, 16, '2010-03-29', 41),
(5378, 'TOO-TC1091', 'CADENA TIPO VICTOR DE 3.5MMX100MTS.', 1056.76, 1444.53, 16, '2008-09-27', 41),
(5379, 'TOO-TC1091MT', 'CADENA TIPO VICTOR DE 3.5MM POR METRO', 11.74, 24.07, 16, '2010-03-29', 41),
(5380, 'TOO-TC1092', 'CADENA TIPO VICTOR DE 4.0MMX64.9MTS.', 973.37, 1330.54, 16, '2008-09-27', 41),
(5381, 'TOO-TC1092MT', 'CADENA TIPO VICTOR DE 4.0MM POR METRO', 14.97, 30.7, 16, '2010-03-29', 41),
(5382, 'TOO-TC1103', 'CADENA GALVANIZADA DE 1/8 CUBETA 25KILOS', 867.33, 1112.1, 16, '2008-09-27', 41),
(5383, 'TOO-TC1103KG', 'CADENA GALVANIZADA DE 1/8 POR KILO', 38.55, 71.87, 16, '2010-03-20', 41),
(5384, 'TOO-TC1104', 'CADENA GALVANIZADA DE 5/32 CUBETA 25KILO', 847.67, 1086.89, 16, '2008-09-27', 41),
(5385, 'TOO-TC1104KG', 'CADENA GALVANIZADA DE 5/32 POR KILO', 37.67, 70.24, 16, '2010-03-20', 41),
(5386, 'TOO-TC1105', 'CADENA GALVANIZADA DE 3/16 CUBETA 25KILO', 802.4, 1028.84, 16, '2008-09-27', 41),
(5387, 'TOO-TC1105KG', 'CADENA GALVANIZADA DE 3/16 POR KILO', 35.65, 66.48, 16, '2010-03-20', 41),
(5388, 'TOO-TC1106', 'CADENA GALVANIZADA DE 3/8 CUBETA 25KILOS', 766.06, 982.25, 16, '2008-09-27', 41),
(5389, 'TOO-TC1106KG', 'CADENA GALVANIZADA DE 3/8 POR KILO', 34.04, 63.47, 16, '2010-03-21', 41),
(5390, 'TOO-TC1107', 'CADENA GALVANIZADA DE 1/2 CUBETA 25KILOS', 792.87, 1016.63, 16, '2008-09-27', 41),
(5391, 'TOO-TC1107KG', 'CADENA GALVANIZADA DE 1/2 POR KILO', 35.23, 65.69, 16, '2010-03-20', 41),
(5392, 'TOO-TC1108', 'CADENA GALVANIZADA DE 1/4 CUBETA 25KILOS', 782.74, 1003.63, 16, '2008-09-27', 41),
(5393, 'TOO-TC1108KG', 'CADENA GALVANIZADA DE 1/4 POR KILO', 34.78, 64.85, 16, '2010-03-20', 41),
(5394, 'TOO-TC1109', 'CADENA GALVANIZADA DE 5/16 CUBETA 25KILO', 766.06, 982.25, 16, '2008-09-27', 41),
(5395, 'TOO-TC1109KG', 'CADENA GALVANIZADA DE 5/16 POR KILO', 34.04, 63.47, 16, '2010-03-20', 41),
(5396, 'CAL-001BTO', 'CAL BULTO DE 25 KGS. PIRACAL (BASICO)', 33.91, 68.82, 16, '2005-01-05', 42),
(5397, 'CAL-001KGO', 'CAL BOLSA DE KILO', 3.94, 6.7, 16, '2010-03-12', 42),
(5398, 'CAL-002BTO', 'CAL BULTO DE 25 KGS. (HIDROCAL)', 33.9, 44.9, 16, '2015-10-02', 42),
(5399, 'CCO-CASE0122', 'CASETON .50X.60X.07 0.0210 OFERTA', 16.8, 23.71, 16, '2005-01-05', 43),
(5400, 'CCO-CASE0126', 'CASETON .50X.60X.10 0.0300 OFERTA', 24.58, 33.59, 16, '2005-01-05', 43),
(5401, 'CCO-CASE0129', 'CASETON .50X.60X.12 0.0360 OFERTA', 19.76, 27.01, 16, '2005-01-05', 43),
(5402, 'CCO-CASE0133', 'CASETON .50X.60X.15 0.0450 OFERTA', 35.33, 49.87, 16, '2005-01-05', 43),
(5403, 'CCO-CASE0137', 'CASETON .50X.60X.20 0.0600 OFERTA', 43.05, 60.76, 16, '2005-01-05', 43),
(5404, 'CCO-CASE0138', 'CASETON .50X.60X.25 OFERTA', 58.5, 92.18, 16, '2010-04-09', 43),
(5405, 'CCO-CASE0139', 'CASETON .50X.60X.30 OFERTA', 56.16, 88.49, 16, '2010-04-09', 43),
(5406, 'CCO-CASE0140', 'CASETON .60X.60X.30 OFERTA', 62.97, 99.23, 16, '2016-01-15', 43),
(5407, 'CCO-PLAC1202', 'PLACA 0.61 X 1.22 X 1/2', 7.45, 11.27, 16, '2012-03-22', 43),
(5408, 'CCO-PLAC1204', 'PLACA 0.61 X 1.22 X 1', 14.91, 22.55, 16, '2012-03-22', 43),
(5409, 'CCO-PLAC1212', 'PLACA 1.22 X 1.22 X 1/2 INSB D12', 17.4, 26.32, 16, '2011-09-05', 43),
(5410, 'CCO-PLAC1423', '"PLACA 1.22 X 2.44 X 1"""" INSB D12"""""', 92.33, 139.62, 16, '2010-06-28', 43),
(5411, 'CCO-PLAC1426', 'PLACA 1.22 X 2.44 X 1/2 INSB D12', 51.73, 78.23, 16, '2008-10-31', 43),
(5412, 'SAN-LAV-BCO2', 'LAVABO BLANCO PREMIER COMERCIAL 2', 182.1, 343.09, 16, '2017-06-30', 43),
(5413, 'CEM-1304BTO', 'CEMENTO MORTERO BULTO 50KGS. (BASICO)', 111.07, 160.5, 16, '2005-01-05', 44),
(5414, 'CEM-5049BTO', 'CEMENTO GRIS BULTO 50KGS. (BASICO)', 135.26, 190.4, 16, '2005-01-05', 44),
(5415, 'CEM-5049KGO', 'CEMENTO GRIS BOLSA DE KILO', 5.76, 9.79, 16, '2010-03-12', 44),
(5416, 'CEM-5050BTO', 'CEMENTO IMPERCEM GRIS BULTO 50KGS.', 148.18, 196.4, 16, '2017-10-03', 44),
(5417, 'CEM-5051BTO', 'MULTIPLAST SACO 40 KG', 90.08, 119.4, 16, '2017-10-03', 44),
(5418, 'CEM-5052BTO', 'CEMENTO GRIS BULTO 25KGS. (BASICO)', 77.4, 114.5, 16, '2005-01-05', 44),
(5419, 'CEM-5077BTO', 'CEMENTO BLANCO BULTO 50KGS. (BASICO)', 220.43, 311.22, 16, '2005-01-05', 44),
(5420, 'CEM-5077KGO', 'CEMENTO BLANCO BOLSA DE KILO', 7.04, 11.97, 16, '2010-03-12', 44),
(5421, 'CEM-5078BTO', 'CEMENTO BLANCO BULTO 25KGS. (BASICO)', 117.08, 165.31, 16, '2005-01-05', 44),
(5422, 'CEM-CONCRETO', 'CONCRETO ESPECIALES DURAMAX 166891', 7180.8, 9955.2, 16, '2010-06-28', 44),
(5423, 'CEM-CONTAMBO', 'CEMENTO SUELTO CON TAMBO INCLUIDO', 552.65, 766.18, 16, '2013-02-15', 44),
(5424, 'CEM-SINTAMBO', 'CEMENTO SUELTO SIN TAMBO', 394.76, 547.28, 16, '2013-02-15', 44),
(5425, 'LAF-41303BTO', 'CEMENTO BLANCO MAGNO BULTO 50KGS.(BASICO', 288.96, 408.5, 16, '2015-02-21', 44),
(5426, 'LAF-41321BTO', 'CEMENTO GRIS MAGNO BULTO 50KGS.(BASICO)', 125.12, 179.52, 16, '2014-11-07', 44),
(5427, 'LAF-41321TON', 'CEMENTO GRIS MAGNO BULTO 50KGS. (BASICO)', 2292.25, 3173.38, 16, '2017-12-27', 44),
(5428, 'AKS-117101', 'CLAVO ESTANDAR 1 CON CABEZA', 30.56, 44.29, 16, '2015-12-10', 45),
(5429, 'AKS-117103', 'CLAVO ESTANDAR 1-1/2 CON CABEZA', 30.56, 44.29, 16, '2015-12-10', 45),
(5430, 'AKS-117104', 'CLAVO ESTANDAR 2 CON CABEZA (KILO)', 27.05, 39.2, 16, '2016-02-23', 45),
(5431, 'AKS-117105', 'CLAVO ESTANDAR 2 1/2 CON CABEZA (KILO)', 27.06, 29.8, 16, '2016-02-23', 45),
(5432, 'AKS-117106', 'CLAVO ESTANDAR 3 CON CABEZA (KILO)', 27.05, 39.2, 16, '2017-04-01', 45),
(5433, 'AKS-117108', 'CLAVO ESTANDARD 4 CON CABEZA', 27.05, 39.2, 16, '2016-07-13', 45),
(5434, 'AKS-117109', 'CLAVO ESTANDARD 5  CON CABEZA', 27.05, 39.2, 16, '2016-08-18', 45),
(5435, 'AKS-117114', 'CLAVO SIN CABEZA PUNTA DIAM. 2-1/2 (KILO', 27.06, 39.22, 16, '2017-06-07', 45),
(5436, 'AKS-117121', 'CLAVO PARA CONCRETO 1 GALVANIZADO', 41.58, 60.26, 16, '2015-05-11', 45),
(5437, 'AKS-117122', 'CLAVO PARA CONCRETO 1 1/2 GALVA CAJA 1KL', 41.58, 60.26, 16, '2016-12-23', 45),
(5438, 'AKS-117123', 'CLAVO PARA CONCRETO 2 GALVANIZADO', 41.58, 60.26, 16, '2015-05-11', 45),
(5439, 'AKS-117124', 'CLAVO PARA CONCRETO 2 1/2 GALV. (KILO)', 37.44, 54.26, 16, '2017-04-13', 45),
(5440, 'AKS-117125', 'CLAVO PARA CONCRETO 3 GALVANIZADO', 26.45, 69.03, 16, '2015-05-11', 45),
(5441, 'AKS-117127', 'CLAVO PARA CONCRETO 4 GALVANIZADO', 26.45, 69.03, 16, '2015-05-11', 45),
(5442, 'AKS-117131', 'CLAVO PARA CONCRETO 1 NEGRO', 36.07, 52.27, 16, '2016-12-12', 45),
(5443, 'AKS-117132', 'CLAVO PARA CONCRETO 1 1/2 NEGRO', 36.07, 52.27, 16, '2016-02-23', 45),
(5444, 'AKS-117133', 'CLAVO PARA CONCRETO 2 NEGRO', 36.07, 52.27, 16, '2016-02-23', 45),
(5445, 'AKS-117134', 'CLAVO PARA CONCRETO 2 1/2 NEGRO', 36.07, 52.27, 16, '2016-02-23', 45),
(5446, 'AKS-117135', 'CLAVO PARA CONCRETO 3 NEGRO', 36.07, 52.27, 16, '2016-02-23', 45),
(5447, 'AKS-117147', 'CLAVO ALFILERILLO S/CABEZA 3/4 CAJA 1KG', 32.56, 47.19, 16, '2016-07-15', 45),
(5448, 'AKS-117148', 'CLAVO ALFILERILLO SIN CABEZA 3/4 (KILO)', 32.56, 47.19, 16, '2016-07-15', 45);
INSERT INTO `productos` (`reg`, `folio`, `descripcion`, `costo`, `precio_venta`, `iva`, `f_reg`, `categoria`) VALUES
(5449, 'CSA-1159', 'CLAVO ALFILERILLO SIN CABEZA 5/8 X KILO', 28.7, 51.37, 16, '2005-01-05', 45),
(5450, 'CSA-1160', 'CLAVO ALFILERILLO SIN CABEZA 3/4 X KILO', 28.7, 51.37, 16, '2005-01-05', 45),
(5451, 'CSA-1161', 'CLAVO ALFILERILLO SIN CABEZA 1 X KILO', 28.7, 51.37, 16, '2005-01-05', 45),
(5452, 'CSA-1162', 'CLAVO ALFILERILLO CON CABEZA 5/8 X KILO', 28.7, 51.37, 16, '2005-01-05', 45),
(5453, 'CSA-1163', 'CLAVO ALFILERILLO CON CABEZA 3/4 X KILO', 28.7, 51.37, 16, '2005-01-05', 45),
(5454, 'CSA-1164', 'CLAVO ALFILERILLO CON CABEZA 1 X KILO', 28.7, 51.37, 16, '2005-01-05', 45),
(5455, 'CSA-1241', 'CLAVO STD.CON CABEZA 1 (KILO)', 28.7, 51.37, 16, '2005-01-05', 45),
(5456, 'CSA-1241CJA', 'CLAVO STD. CON CABEZA 1 25KG', 1002.66, 2022.34, 16, '2017-12-19', 45),
(5457, 'CSA-1242', 'CLAVO STD.CON CABEZA 1-1/4 (KILO)', 28.7, 51.37, 16, '2005-01-05', 45),
(5458, 'CSA-1244', 'CLAVO STD.CON CABEZA 2 OFERTA (KILO)', 12.67, 19.72, 16, '2005-01-05', 45),
(5459, 'CSA-1246', 'CLAVO STD.CON CABEZA 3 OFERTA (KILO)', 12.14, 21.73, 16, '2005-01-05', 45),
(5460, 'CSA-1249', 'CLAVO STD.SIN CABEZA 1 (KILO)', 28.7, 51.37, 16, '2005-01-05', 45),
(5461, 'CSA-1250', 'CLAVO STD.SIN CABEZA 1-1/2 (KILO)', 28.7, 51.37, 16, '2005-01-05', 45),
(5462, 'CSA-1251', 'CLAVO STD.SIN CABEZA 2 (KILO)', 29.95, 46.61, 16, '2005-01-05', 45),
(5463, 'CSA-1252', 'CLAVO TOMATERO # 3 DE 1-1/4 OFERTA(KILO)', 18.43, 32.99, 16, '2005-01-05', 45),
(5464, 'CSA-1253', 'CLAVO TOMATERO # 4 DE 1-3/8 OFERTA(KILO)', 18.43, 32.99, 16, '2005-01-05', 45),
(5465, 'CSA-1256', 'CLAVO STD.CON CABEZA 5 (KILO)', 12.14, 21.73, 16, '2005-01-05', 45),
(5466, 'CSA-1262', 'CLAVO ROLADO 2 (OFERTA) (KILO)', 24.59, 38.28, 16, '2005-01-05', 45),
(5467, 'CSA-30493', 'CLAVO PARAGUAS GALVANIZADO 2-1/2 X KILO', 52.99, 82.47, 16, '2012-04-30', 45),
(5468, 'CSA-30733', 'CLAVO STD.SIN CABEZA 2-1/2 (KILO)', 29.95, 46.61, 16, '2005-01-05', 45),
(5469, 'CSA-30916', 'CLAVO STD.CON CABEZA 6 (KILO)', 36.42, 65.18, 16, '2005-01-05', 45),
(5470, 'CSA-30917', 'CLAVO STD.CON CABEZA 7 (KILO)', 37.51, 67.14, 16, '2005-01-05', 45),
(5471, 'CSA-31182', 'CLAVO STD.CON CABEZA 8 (KILO)', 39.83, 71.29, 16, '2005-01-05', 45),
(5472, 'CSA-3119', 'CLAVO STD.CON CABEZA 1-1/2 (KILO)', 28.7, 51.37, 16, '2005-01-05', 45),
(5473, 'CSA-3119CJA', 'CLAVO STD. CON CABEZA 1-1/2 25 KG', 1002.66, 2022.34, 16, '2017-12-19', 45),
(5474, 'CSA-3120', 'CLAVO STD.CON CABEZA 2-1/2 OFERTA (KILO)', 12.67, 19.72, 16, '2005-01-05', 45),
(5475, 'CSA-3122', 'CLAVO STD.CON CABEZA 3-1/2 OFERTA (KILO)', 12.14, 21.73, 16, '2005-01-05', 45),
(5476, 'CSA-3124', 'CLAVO STD.CON CABEZA 4 OFERTA (KILO)', 29.49, 52.79, 16, '2005-01-05', 45),
(5477, 'CSA-3127', 'CLAVO ROLADO 2-1/2 OFERTA (KILO)', 35.32, 63.23, 16, '2005-01-05', 45),
(5478, 'CSA-38464', 'CLAVO PARA CONCRETO NEGRO DE 1 (20)', 32.96, 59, 16, '2005-01-05', 45),
(5479, 'CSA-38465', 'CLAVO PARA CONCRETO NEGRO DE 1-1/2 (20)', 32.96, 59, 16, '2005-01-05', 45),
(5480, 'CSA-38466', 'CLAVO PARA CONCRETO NEGRO DE 2 (20)', 32.96, 48.16, 16, '2005-01-05', 45),
(5481, 'CSA-38467', 'CLAVO PARA CONCRETO NEGRO DE 2-1/2 (20)', 32.96, 48.16, 16, '2005-01-05', 45),
(5482, 'CSA-38468', 'CLAVO PARA CONCRETO NEGRO DE 3 (20)', 32.96, 59, 16, '2005-01-05', 45),
(5483, 'CSA-38470', '"CLAVO PARA CONCRETO GALVANIZADO DE 1"""""""""', 28.24, 48.28, 16, '2017-06-17', 45),
(5484, 'CSA-38471', 'CLAVO PARA CONCRETO GALVANIZADO DE 1 1/2', 28.24, 48.28, 16, '2017-06-17', 45),
(5485, 'CSA-38472', '"CLAVO PARA CONCRETO GALVANIZADO DE 2"""""""""', 28.24, 52.66, 16, '2017-06-17', 45),
(5486, 'CSA-38473', 'CLAVO PARA CONCRETO GALVANIZADO DE 2 1/2', 28.24, 44.57, 16, '2017-06-17', 45),
(5487, 'CSA-41893', 'CLAVO PARA CONCRETO DELGADO 1 (20)', 25.64, 45.9, 16, '2006-10-06', 45),
(5488, 'CSA-935', 'GRAPA GALVANIZADA 1-1/4 OFERTA (25)', 25.39, 45.44, 16, '2005-01-05', 45),
(5489, 'CSA-935CJA', 'GRAPA GALVANIZADA CORRUGADA 9 1-1/4 31MM', 971.8, 1960.1, 16, '2017-12-19', 45),
(5490, 'CSA-MU1617', 'CLAVO PARA HERRAR # 5 (PZA)', 0.69, 1.07, 16, '2005-01-05', 45),
(5491, 'CSA-MU1617CJ', 'CLAVO PARA HERRAR # 5 (CAJA C/3000PZS)', 1729.97, 2527.58, 16, '2013-12-20', 45),
(5492, 'CSA-MU1618', 'CLAVO PARA HERRAR # 6 (PZA)', 0.81, 1.27, 16, '2005-01-05', 45),
(5493, 'CSA-MU1618CJ', 'CLAVO PARA HERRAR # 6 (CAJA C/3000PZS)', 2050.93, 2996.51, 16, '2013-12-20', 45),
(5494, 'CSA-MU1620', 'CLAVO PARA HERRAR MUSTAD 4  (6000)', 0.49, 0.88, 16, '2005-01-05', 45),
(5495, 'STK-113000', 'CLAVO STD.1 100G (12)', 12.05, 24.31, 16, '2005-01-05', 45),
(5496, 'STK-113001', 'CLAVO STD.1-1/2 100G (12)', 12.05, 24.31, 16, '2005-01-05', 45),
(5497, 'STK-113002', 'CLAVO STD.2 100G (12)', 12.05, 24.31, 16, '2005-01-05', 45),
(5498, 'STK-113004', 'CLAVO STD.3 100G (12)', 12.05, 24.31, 16, '2005-01-05', 45),
(5499, 'STK-113005', 'CLAVO ALFILERILLO 1/2 90G. (12)', 13.24, 26.71, 16, '2005-01-05', 45),
(5500, 'STK-113007', 'CLAVO ALFILERILLO 3/4 90G. (12)', 13.24, 26.71, 16, '2005-01-05', 45),
(5501, 'STK-113008', 'CLAVO ALFILERILLO 1 90G. (12)', 13.24, 26.71, 16, '2005-01-05', 45),
(5502, 'STK-113009', 'CLAVO PARA CONCRETO 1 100G (12)', 20.47, 41.3, 16, '2005-01-05', 45),
(5503, 'STK-113010', 'CLAVO ALFILERILLO 1-1/2 100G (12)', 20.47, 41.3, 16, '2005-01-05', 45),
(5504, 'STK-113011', 'CLAVO PARA CONCRETO 2 100G (12)', 20.47, 41.3, 16, '2005-01-05', 45),
(5505, 'STK-113012', 'CLAVO PARA CONCRETO 2-1/2 100G (12)', 20.47, 41.3, 16, '2005-01-05', 45),
(5506, 'STK-113013', 'CLAVO PARA CONCRETO 3 100G (12)', 20.47, 41.3, 16, '2005-01-05', 45),
(5507, 'STK-113021', 'CLAVO PARA CONCRETO GALV.1 1KGO.', 66.79, 134.72, 16, '2016-06-30', 45),
(5508, 'STK-113022', 'CLAVO PARA CONCRETO GALV.1-1/2 1KGO. (6)', 751.47, 1515.7, 16, '2005-01-05', 45),
(5509, 'STK-113024', 'CLAVO PARA CONCRETO GALV.2-1/2 1KGO. (6)', 751.47, 1515.7, 16, '2005-01-05', 45),
(5510, 'STK-113044', 'CLAVO CONCRETO 38 X 2-1/2 NEGRO(1)', 671.43, 1354.26, 16, '2005-01-05', 45),
(5511, 'TOO-TC0941', 'CLAVO PARA CONCRETO GALVANIZADO 1', 35.31, 60.36, 16, '2008-09-27', 45),
(5512, 'TOO-TC0942', 'CLAVO PARA CONCRETO GALVANIZADO 1-1/2', 35.31, 65.84, 16, '2008-09-27', 45),
(5513, 'TOO-TC0943', 'CLAVO PARA CONCRETO GALVANIZADO 2', 35.31, 55.72, 16, '2008-09-27', 45),
(5514, 'TOO-TC0944', 'CLAVO PARA CONCRETO GALVANIZADO 2-1/2', 35.31, 51.74, 16, '2008-09-27', 45),
(5515, 'TOO-TC0945', 'CLAVO PARA CONCRETO GALVANIZADO 3', 35.31, 65.84, 16, '2008-09-27', 45),
(5516, 'TOO-TC0946', 'CLAVO PARA CONCRETO NEGRO DE 1 (KILO)', 40.35, 68.98, 16, '2008-09-27', 45),
(5517, 'TOO-TC0947', 'CLAVO PARA CONCRETO NEGRO DE 1-1/2 (KILO', 40.23, 75.02, 16, '2008-09-27', 45),
(5518, 'TOO-TC0948', 'CLAVO PARA CONCRETO NEGRO DE 2', 40.73, 64.27, 16, '2008-09-27', 45),
(5519, 'TOO-TC0949', 'CLAVO PARA CONCRETO NEGRO DE 2-1/2 (KILO', 28.01, 41.04, 16, '2008-09-27', 45),
(5520, 'TOO-TC0950', 'CLAVO PARA CONCRETO NEGRO DE 3', 28.01, 52.22, 16, '2008-09-27', 45),
(5521, 'TOO-TC2498', 'CLAVO STANDARD CON CABEZA 2 (KILO)', 27.3, 40, 16, '2008-09-27', 45),
(5522, 'TOO-TC2499', 'CLAVO STANDARD CON CABEZA 2-1/2 (KILO)', 26.98, 36.88, 16, '2008-09-27', 45),
(5523, 'TOO-TC2500', 'CLAVO STANDARD CON CABEZA 3 (KILO)', 28.76, 49.17, 16, '2008-09-27', 45),
(5524, 'TOO-TC2501', 'CLAVO STANDARD CON CABEZA 3-1/2 (KILO)', 21.57, 36.87, 16, '2008-09-27', 45),
(5525, 'TOO-TC2502', 'CLAVO STANDARD CON CABEZA 4 (KILO)', 28.76, 49.17, 16, '2008-09-27', 45),
(5526, 'TOO-TC3527', 'CLAVO STANDARD SIN CABEZA 1 (KILO)', 25.72, 43.97, 16, '2012-04-24', 45),
(5527, 'TOO-TC3528', 'CLAVO STANDARD SIN CABEZA 1-1/2 (KILO)', 584.38, 998.89, 16, '2012-04-24', 45),
(5528, 'TOO-TC3530', 'CLAVO STANDARD SIN CABEZA 2-1/2 (KILO)', 25.21, 36.94, 16, '2012-04-24', 45),
(5529, 'VBD-DMC120', 'DOMO DE MARCO CERRADO 120X120CMS. BCO.', 1360.53, 2143.55, 16, '2005-01-05', 46),
(5530, 'VBD-DMC3030', 'DOMO DE MARCO CERRADO  30X30CMS. BCO.', 269.41, 424.47, 16, '2010-03-12', 46),
(5531, 'VBD-DMC4444', 'DOMO DE MARCO CERRADO  44X44CMS. BCO.', 269.41, 424.47, 16, '2005-01-05', 46),
(5532, 'VBD-DMC6060', 'DOMO DE MARCO CERRADO  60X60CMS. BCO.', 431.06, 679.15, 16, '2005-01-05', 46),
(5533, 'VBD-DMC6090', 'DOMO DE MARCO CERRADO  60X90CMS. BCO.', 452.82, 713.44, 16, '2010-05-26', 46),
(5534, 'VBD-DMC9090', 'DOMO DE MARCO CERRADO  90X90CMS. BCO.', 831.59, 1310.19, 16, '2005-01-05', 46),
(5535, 'VBD-DV3030', 'DOMO CON VENTANILLA  30X30CMS. BCO.', 331.38, 522.1, 16, '2010-03-12', 46),
(5536, 'VBD-DV4444', 'DOMO CON VENTANILLA  44X44CMS. BCO.', 331.38, 522.1, 16, '2005-01-05', 46),
(5537, 'VBD-DV6060', 'DOMO CON VENTANILLA  60X60CMS. BCO.', 520.86, 820.63, 16, '2005-01-05', 46),
(5538, 'VBD-DV6090', 'DOMO CON VENTANILLA  60X90CMS. BCO.', 500.77, 788.98, 16, '2010-05-26', 46),
(5539, 'VBD-DV9090', 'DOMO CON VENTANILLA  90X90CMS. BCO.', 961.22, 1514.43, 16, '2005-01-05', 46),
(5540, 'EAV-1100163', 'HOJA CALIENTE C-3/16X36X10 BC', 1388.5, 2059.09, 16, '2012-08-02', 47),
(5541, 'EAV-1100452', 'POLIN MONTEN NEGRO CAL.14 4X2X6MTS.', 385.68, 571.96, 16, '2014-02-18', 47),
(5542, 'EAV-1100453', 'POLIN MONTEN NEGRO CAL.14 5X2X6MTS.', 275.6, 408.71, 16, '2014-02-18', 47),
(5543, 'EAV-1100454', 'POLIN MONTEN NEGRO CAL.14 6X2X6MTS.', 314.93, 467.04, 16, '2013-05-10', 47),
(5544, 'EAV-1100455', 'POLIN NEGRO C-14X12X12M BC', 1077.11, 1597.32, 16, '2012-10-04', 47),
(5545, 'EAV-1100464', 'POLIN NEGRO C-14X8X8M BC', 521.23, 772.96, 16, '2012-08-02', 47),
(5546, 'EAV-1100507', 'SOLERA SLITTER C-1/8X1/2X6.10M BC', 32.51, 48.21, 16, '2012-05-03', 47),
(5547, 'EAV-1100508', 'SOLERA SLITTER C-1/8X1X6.10M BC', 65.02, 96.43, 16, '2012-05-03', 47),
(5548, 'EAV-1100524', 'SOLERA SLITTER C-3/16X3/4X6.10M BC', 55.92, 82.92, 16, '2012-05-03', 47),
(5549, 'EAV-1100525', 'SOLERA SLITTER C-3/16X1X6.10M', 97.54, 144.65, 16, '2014-02-18', 47),
(5550, 'EAV-1100526', 'SOLERA SLITTER C-1/4X1X6.10M', 130.05, 192.87, 16, '2014-02-18', 47),
(5551, 'EAV-1100527', 'SOLERA SLITTER C-1/4X2X6.10M', 177.48, 263.2, 16, '2014-02-18', 47),
(5552, 'EAV-1100528', 'SOLERA DE 3/8X6', 787.33, 1167.59, 16, '2013-11-04', 47),
(5553, 'EAV-1100529', 'SOLERA DE 1/4X4', 538.96, 799.27, 16, '2018-04-17', 47),
(5554, 'EAV-1100906', 'PTR 1-1/2X1-1/2X6 CAL.14 AZUL', 256.49, 380.36, 16, '2012-05-03', 47),
(5555, 'EAV-1100909', 'PTR 1-1/2X1-1/2X6 CAL.12 BLANCO', 183.94, 272.78, 16, '2013-05-06', 47),
(5556, 'EAV-1100910', 'PTR 1-1/4X1-1/4X6 CAL.14 AZUL', 218.49, 324.01, 16, '2012-05-03', 47),
(5557, 'EAV-1100911', 'PTR 1 X 6 CAL. 14 AZUL', 176.12, 261.17, 16, '2012-05-03', 47),
(5558, 'EAV-1100912', 'PTR 2 X 6 CAL. 14 NEGRO', 341.99, 507.15, 16, '2015-09-07', 47),
(5559, 'EAV-1100913', 'PTR 1-1/4 X 6 CAL. 16 NEGRO', 173.95, 257.96, 16, '2015-09-07', 47),
(5560, 'EAV-1100918', 'PTR 2X2X6 CAL.14 AZUL', 217.98, 323.25, 16, '2012-05-03', 47),
(5561, 'EAV-1100919', 'PTR 2X2X6 BLANCO', 474.98, 704.38, 16, '2012-05-03', 47),
(5562, 'EAV-1100920', 'PTR 3X3X6 CAL.14 AZUL', 334.48, 496.02, 16, '2014-02-18', 47),
(5563, 'EAV-1100923', 'TUBO PERT 3X2 BLANCO 6M.(36 K)', 432.57, 641.48, 16, '2012-08-27', 47),
(5564, 'EAV-1100925', 'TUBO PERT 3X2 VERDE 6M.(40 K)', 472.42, 700.58, 16, '2012-09-06', 47),
(5565, 'EAV-1100926', 'TUBO NEGRO 1-1/2X6 CAL.13 AMARILLO', 192, 285.38, 16, '2013-05-08', 47),
(5566, 'EAV-1100927', 'TUBO NEGRO 1-1/4X6 CAL.13 AMARILLO', 138.79, 205.83, 16, '2013-05-08', 47),
(5567, 'EAV-1100928', 'TUBO NEGRO 2-1/2X6 CAL.12 BLANCO', 289.96, 430, 16, '2013-05-08', 47),
(5568, 'EAV-1100929', 'PTR 3/4 X 6 CAL. 14 AZUL', 73.86, 109.53, 16, '2014-05-13', 47),
(5569, 'EAV-1100930', 'PTR 3/4X3/4X6 CAL.18', 62.54, 92.75, 16, '2013-08-02', 47),
(5570, 'EAV-1100931', 'PTR 1X1X6 CAL.18', 84.88, 125.87, 16, '2013-08-02', 47),
(5571, 'EAV-1100932', 'PTR 1-1/4 X 6 CAL. 18', 107.21, 159, 16, '2013-08-02', 47),
(5572, 'EAV-1100933', 'PTR 1-1/2X1-1/2X6 CAL.18', 131.04, 194.33, 16, '2013-08-02', 47),
(5573, 'EAV-1100934', 'PTR 2X2X3.8 ROJO', 388.14, 575.6, 16, '2013-09-02', 47),
(5574, 'EAV-1100935', 'PTR 3X1-1/2X6 CAL.14', 275.11, 407.98, 16, '2013-09-27', 47),
(5575, 'EAV-1100936', 'PTR 3X3X6 COLOR ROJO', 606.8, 899.86, 16, '2013-10-08', 47),
(5576, 'EAV-1100950', 'TUBO CED40 1X6.40', 328.87, 487.71, 16, '2014-02-18', 47),
(5577, 'EAV-1100951', 'TUBO CED40 2X6.40', 677.32, 1004.44, 16, '2014-02-18', 47),
(5578, 'EAV-1100952', 'TUBO ROLADO CAL.12 1.315 X6', 136.18, 201.94, 16, '2016-01-26', 47),
(5579, 'EAV-1100955', 'PERFIL TUBULAR VENTANA 101', 87.4, 129.62, 16, '2014-02-18', 47),
(5580, 'EAV-1100956', 'PERFIL TUBULAR VENTANA 103', 103.01, 152.77, 16, '2014-02-18', 47),
(5581, 'EAV-1100957', 'PERFIL TUBULAR VENTANA 116', 140.47, 208.31, 16, '2014-02-18', 47),
(5582, 'EAV-1100958', 'PERFIL TUBULAR VENTANA 121', 96.77, 143.51, 16, '2014-02-18', 47),
(5583, 'EAV-1100959', 'PERFIL TUBULAR VENTANA 122', 103.01, 152.77, 16, '2014-02-18', 47),
(5584, 'EAV-1100960', 'PERFIL TUBULAR VENTANA 123', 103.01, 152.77, 16, '2014-02-18', 47),
(5585, 'EAV-1100961', 'PERFIL CANALETA 154', 18.73, 27.77, 16, '2014-02-18', 47),
(5586, 'EAV-1100962', 'PERFIL PUERTA P300', 165.44, 245.35, 16, '2014-02-18', 47),
(5587, 'EAV-1100963', 'PERFIL PUERTA P400', 196.67, 291.65, 16, '2014-02-18', 47),
(5588, 'EAV-1100964', 'PERFIL PUERTA K300', 181.06, 268.5, 16, '2014-02-18', 47),
(5589, 'EAV-1100965', 'PERFIL MARCO M300', 103.01, 152.77, 16, '2014-02-18', 47),
(5590, 'EAV-1100966', 'PERFIL MARCO M525', 137.35, 203.68, 16, '2014-02-18', 47),
(5591, 'EAV-1100967', 'PERFIL CUAD. C100 1X1', 67.11, 99.52, 16, '2014-02-18', 47),
(5592, 'EAV-1100968', 'PERFIL CUAD. C150 1-1/2X1-1/2', 103.01, 152.77, 16, '2014-02-18', 47),
(5593, 'EAV-1100969', 'PERFIL CUAD. R175 3/4X1-3/4', 84.28, 124.99, 16, '2014-02-18', 47),
(5594, 'EAV-1100970', 'PERFIL CUAD. R300', 149.84, 222.22, 16, '2014-02-18', 47),
(5595, 'EAV-1300070', 'ANGULO C-1/8X3/4X6.10M.', 60.66, 89.96, 16, '2014-02-18', 47),
(5596, 'EAV-1300071', 'ANGULO C-1/8X1-1/2X6.10M A36/G50', 167.77, 248.79, 16, '2012-05-03', 47),
(5597, 'EAV-1300075', 'ANGULO C-1/8X1-1/4X6.10M A36/G50', 142.23, 210.93, 16, '2012-05-03', 47),
(5598, 'EAV-1300083', 'ANGULO C-1/8X1X6.10M A36/G50', 111.91, 165.96, 16, '2012-05-03', 47),
(5599, 'EAV-1300084', 'ANGULO C-1/2X2X6.10M.', 208.29, 308.89, 16, '2017-07-22', 47);

--
-- Disparadores `productos`
--
DELIMITER $$
CREATE TRIGGER `productos_BDEL` BEFORE DELETE ON `productos` FOR EACH ROW INSERT INTO del_productos(reg, folio, descripcion, costo, precio_venta, iva, categoria, deleted)
VALUES (OLD.reg, OLD.folio, OLD.descripcion, OLD.costo,OLD.precio_venta, OLD.iva, OLD.categoria, NOW())
$$
DELIMITER ;
DELIMITER $$
CREATE TRIGGER `productos_BUPD` AFTER UPDATE ON `productos` FOR EACH ROW INSERT INTO del_productos(reg, folio, descripcion, costo, precio_venta, categoria, updated)
VALUES (OLD.reg, OLD.folio, OLD.descripcion, OLD.costo,OLD.precio_venta, OLD.categoria, NOW())
$$
DELIMITER ;

-- --------------------------------------------------------

--
-- Estructura de tabla para la tabla `ruta_ciudades`
--

CREATE TABLE `ruta_ciudades` (
  `ruta` int(11) NOT NULL,
  `ciudad` int(11) NOT NULL
) ENGINE=InnoDB DEFAULT CHARSET=utf8 COLLATE=utf8_unicode_ci;

--
-- Volcado de datos para la tabla `ruta_ciudades`
--

INSERT INTO `ruta_ciudades` (`ruta`, `ciudad`) VALUES
(3001, 2003),
(3002, 2020),
(3003, 2008),
(3004, 2001),
(3005, 2007),
(3006, 2013),
(3007, 2034),
(3008, 2043),
(3009, 2053),
(3010, 2069),
(3011, 2046),
(3012, 2050),
(3013, 2073),
(3014, 2071),
(3015, 2045),
(3016, 2087),
(3017, 2097),
(3018, 2099),
(3019, 2102),
(3020, 2109),
(3021, 2108),
(3022, 2123),
(3023, 2155),
(3024, 2137),
(3025, 2146),
(3026, 2149),
(3027, 2167),
(3028, 2186),
(3029, 2187),
(3030, 2191);

-- --------------------------------------------------------

--
-- Estructura de tabla para la tabla `rutas`
--

CREATE TABLE `rutas` (
  `cve` int(11) NOT NULL,
  `nombre` varchar(33) COLLATE utf8_unicode_ci NOT NULL,
  `distancia` varchar(12) COLLATE utf8_unicode_ci DEFAULT NULL
) ENGINE=InnoDB DEFAULT CHARSET=utf8 COLLATE=utf8_unicode_ci;

--
-- Volcado de datos para la tabla `rutas`
--

INSERT INTO `rutas` (`cve`, `nombre`, `distancia`) VALUES
(3001, 'TRC - Monclova', '368.0 km'),
(3002, 'TRC - Viesca', '73.1 km'),
(3003, 'TRC - Ramos Arizpe', '266.7 km'),
(3004, 'TRC - Saltillo', '256.9 km'),
(3005, 'TRC - San Pedro', '62.3 km'),
(3006, 'TRC - Parras', '159.2 km'),
(3007, 'TRC - Hidalgo', '597.6 km'),
(3008, 'TRC - Durango', '242.8 km'),
(3009, 'TRC - Nazas', '132.3 km'),
(3010, 'TRC - Santiago Papasquiaro', '404.8 km'),
(3011, 'TRC - Guadalupe Victoria', '175.3 km'),
(3012, 'TRC - Lerdo', '15.8 km'),
(3013, 'TRC - Tlahualilo', '80.8 km'),
(3014, 'TRC - Tamazula', '770.4 km'),
(3015, 'TRC - Gómez Palacio', '15.3 km'),
(3016, 'TRC - Fresnillo', '331.6 km'),
(3017, 'TRC - Jerez', '395.5 km'),
(3018, 'TRC - Juan Aldama', '187.2 km'),
(3019, 'TRC - Luis Moya', '450.9 km'),
(3020, 'TRC - Morelos', '379.8 km'),
(3021, 'TRC - Monte Escobedo', '480.5 km'),
(3022, 'TRC - Tepetongo', '423.0 km'),
(3023, 'TRC - Delicias', '383.6 km'),
(3024, 'TRC - Aldama', '490.1 km'),
(3025, 'TRC - Camargo', '316.9 km'),
(3026, 'TRC - Chihuahua', '468.1 km'),
(3027, 'TRC - Ignacio Zaragoza', '759.1 km'),
(3028, 'TRC - Ojinaga', '559.2 km'),
(3029, 'TRC - Parral', '327.5 km'),
(3030, 'TRC - Rosario', '450.2 km');

-- --------------------------------------------------------

--
-- Estructura de tabla para la tabla `salarios`
--

CREATE TABLE `salarios` (
  `reg` int(11) NOT NULL,
  `vendedor` int(11) NOT NULL,
  `salario` float NOT NULL,
  `comision` float NOT NULL
) ENGINE=InnoDB DEFAULT CHARSET=utf8 COLLATE=utf8_unicode_ci;

--
-- Volcado de datos para la tabla `salarios`
--

INSERT INTO `salarios` (`reg`, `vendedor`, `salario`, `comision`) VALUES
(1, 22, 2000, 0.02),
(2, 23, 2000, 0.02),
(3, 24, 2000, 0.02),
(4, 25, 2000, 0.02),
(5, 26, 1000, 0.01),
(6, 27, 1000, 0.01),
(7, 28, 1000, 0.01),
(8, 29, 1000, 0.01),
(9, 30, 1000, 0.01),
(10, 31, 1000, 0.01),
(11, 32, 1000, 0.01),
(12, 33, 1000, 0.01),
(13, 34, 1000, 0.01),
(14, 35, 1000, 0.01),
(15, 36, 1000, 0.01),
(16, 37, 1000, 0.01),
(17, 38, 1000, 0.01),
(18, 39, 1000, 0.01),
(19, 40, 1000, 0.01),
(20, 41, 1000, 0.01),
(21, 42, 1000, 0.01);

-- --------------------------------------------------------

--
-- Estructura de tabla para la tabla `tipo_usuario`
--

CREATE TABLE `tipo_usuario` (
  `id` int(11) NOT NULL,
  `Tipo` varchar(15) COLLATE utf8_unicode_ci NOT NULL,
  `Descripción` varchar(50) COLLATE utf8_unicode_ci DEFAULT NULL
) ENGINE=InnoDB DEFAULT CHARSET=utf8 COLLATE=utf8_unicode_ci;

--
-- Volcado de datos para la tabla `tipo_usuario`
--

INSERT INTO `tipo_usuario` (`id`, `Tipo`, `Descripción`) VALUES
(1, 'Administrador', NULL),
(2, 'Vendedor', NULL),
(3, 'Lector', NULL);

-- --------------------------------------------------------

--
-- Estructura de tabla para la tabla `upd_productos`
--

CREATE TABLE `upd_productos` (
  `reg` int(11) DEFAULT NULL,
  `folio` varchar(20) COLLATE utf8_unicode_ci DEFAULT NULL,
  `costo` float DEFAULT NULL,
  `precio_venta` float DEFAULT NULL,
  `categoria` int(11) DEFAULT NULL,
  `updated` datetime DEFAULT NULL
) ENGINE=InnoDB DEFAULT CHARSET=utf8 COLLATE=utf8_unicode_ci;

-- --------------------------------------------------------

--
-- Estructura de tabla para la tabla `usuarios`
--

CREATE TABLE `usuarios` (
  `id` int(11) NOT NULL,
  `nombre` varchar(33) COLLATE utf8_unicode_ci NOT NULL,
  `apellidos` varchar(55) COLLATE utf8_unicode_ci NOT NULL,
  `correo` varchar(55) COLLATE utf8_unicode_ci NOT NULL,
  `telefono` varchar(11) COLLATE utf8_unicode_ci DEFAULT NULL,
  `fecha_nac` date DEFAULT NULL,
  `domicilio` varchar(66) COLLATE utf8_unicode_ci DEFAULT NULL,
  `fecha_reg` date DEFAULT NULL,
  `tipo_usuario` int(11) DEFAULT NULL,
  `contraseña` varchar(500) COLLATE utf8_unicode_ci NOT NULL DEFAULT 'Contraseña01'
) ENGINE=InnoDB DEFAULT CHARSET=utf8 COLLATE=utf8_unicode_ci;

--
-- Volcado de datos para la tabla `usuarios`
--

INSERT INTO `usuarios` (`id`, `nombre`, `apellidos`, `correo`, `telefono`, `fecha_nac`, `domicilio`, `fecha_reg`, `tipo_usuario`, `contraseña`) VALUES
(22, 'CHRISTIAN', 'DE LA ROSA CUEVAS', 'CHRIS.DLAROSAC@GMAIL.COM', '8712667925', '1998-11-03', 'Lorem ipsum dolor sit amet 1', '2020-07-30', 1, 'Contraseña01'),
(23, 'NAYELI', 'ESQUIVEL LUNA', 'NAYELIESQUIVELLUNA@GMAIL.COM', '8712610119', '2001-09-03', 'Lorem ipsum dolor sit amet 2', '2020-07-30', 1, 'Contraseña01'),
(24, 'CESAR DANIEL', 'CALDERA LUNA', 'OTROCESARDANIEL@HOTMAIL.COM', '8711360307', '2001-06-12', 'Lorem ipsum dolor sit amet 3', '2020-07-30', 1, 'Contraseña01'),
(25, 'KAREN', 'DE LA ROSA CUEVAS', 'KAREN.DLAROSA@GMAIL.COM', '8712345678', '1990-11-17', 'Lorem ipsum dolor sit amet 4', '2020-07-30', 1, 'Contraseña01'),
(26, 'ARTURO', 'ZAPATA', 'ARTURO.ZAPATA@GMAIL.COM', '8712345679', '1990-11-18', 'Lorem ipsum dolor sit amet 5', '2020-07-30', 2, 'Contraseña01'),
(27, 'PEDRO', 'LOPEZ', 'PEDRO.LOPEZ@GMAIL.COM', '8712345680', '1990-11-19', 'Lorem ipsum dolor sit amet 6', '2020-07-30', 2, 'Contraseña01'),
(28, 'SEBASTIAN', 'LOPEZ', 'SEBASTIAN.LOPEZ@GMAIL.COM', '8712345681', '1990-11-20', 'Lorem ipsum dolor sit amet 7', '2020-07-30', 2, 'Contraseña01'),
(29, 'JAZMIN', 'GONZALEZ', 'JAZMIN.GONZALEZ@GMAIL.COM', '8712345682', '1990-11-21', 'Lorem ipsum dolor sit amet 8', '2020-07-30', 2, 'Contraseña01'),
(30, 'CECY', 'CILLER', 'CECY.CILLER@GMAIL.COM', '8712345683', '1990-11-22', 'Lorem ipsum dolor sit amet 9', '2020-07-30', 2, 'Contraseña01'),
(31, 'TANIA', 'GUTIERREZ', 'TANIA.GUTIERREZ@GMAIL.COM', '8712345684', '1990-11-23', 'Lorem ipsum dolor sit amet 10', '2020-07-30', 2, 'Contraseña01'),
(32, 'ARMANDO', 'RUIZ', 'ARMANDO.RUIZ@GMAIL.COM', '8712345685', '1990-11-24', 'Lorem ipsum dolor sit amet 11', '2020-07-30', 2, 'Contraseña01'),
(33, 'VERONICA', 'MARTINEZ', 'VERONICA.MARTINEZ@GMAIL.COM', '8712345686', '1990-11-25', 'Lorem ipsum dolor sit amet 12', '2020-07-30', 2, 'Contraseña01'),
(34, 'ISELA ', 'CHAIRES', 'ISELA.CHAIRES@GMAIL.COM', '8712345687', '1990-11-26', 'Lorem ipsum dolor sit amet 13', '2020-07-30', 2, 'Contraseña01'),
(35, 'LIDIA', 'MARTINEZ', 'LIDIA.MARTINEZ@GMAIL.COM', '8712345688', '1990-11-27', 'Lorem ipsum dolor sit amet 14', '2020-07-30', 2, 'Contraseña01'),
(36, 'ANDREA ', 'GAMBOA', 'ANDREA.GAMBOA@GMAIL.COM', '8712345689', '1990-11-28', 'Lorem ipsum dolor sit amet 15', '2020-07-30', 2, 'Contraseña01'),
(37, 'ALEJADRA', 'MARTINEZ', 'ALEJADRA.MARTINEZ@GMAIL.COM', '8712345690', '1996-03-05', 'Lorem ipsum dolor sit amet 16', '2020-07-30', 2, 'Contraseña01'),
(38, 'MICHEL', 'MARTINEZ', 'MICHEL.MARTINEZ@GMAIL.COM', '8712345691', '1990-11-30', 'Lorem ipsum dolor sit amet 17', '2020-07-30', 2, 'Contraseña01'),
(39, 'CINTHIA', 'BUENDIA', 'CINTHIA.BUENDIA@GMAIL.COM', '8712345692', '1990-12-01', 'Lorem ipsum dolor sit amet 18', '2020-07-30', 2, 'Contraseña01'),
(40, 'ALEJADRA', 'OLIVIA', 'ALEJADRA.OLIVIA@GMAIL.COM', '8712345693', '1990-12-02', 'Lorem ipsum dolor sit amet 19', '2020-07-30', 2, 'Contraseña01'),
(41, 'ANA', 'DORADO', 'ANA.DORADO@GMAIL.COM', '8712345694', '1990-12-03', 'Lorem ipsum dolor sit amet 20', '2020-07-30', 2, 'Contraseña01'),
(42, 'ITZEL ', 'SIERRA', 'ITZEL.SIERRA@GMAIL.COM', '8712345695', '1990-12-04', 'Lorem ipsum dolor sit amet 21', '2020-07-30', 2, 'Contraseña01'),
(43, 'MELANNIE', 'PALACIOS REYES', 'MELINO@GMAIL.COM', '8712667900', '2003-02-03', 'LAS TORRES #22 CALLE TORRE BLANCA', '2020-08-12', 2, '$2y$10$3o/KLG.1e4sWXjjZqEXvPOB0QgCTwEgXUKH268uDmSm1Lvh5BYwd2'),
(44, 'CHRIS', 'DE LA ROSA', '19170092@UTT.EDU.MX', '8712667901', '1998-11-03', 'POR AHI EN ALGUN LUGAR', '2020-08-12', 1, '$2y$10$3o/KLG.1e4sWXjjZqEXvPOB0QgCTwEgXUKH268uDmSm1Lvh5BYwd2');

-- --------------------------------------------------------

--
-- Estructura de tabla para la tabla `venta_productos`
--

CREATE TABLE `venta_productos` (
  `venta` int(11) NOT NULL,
  `producto` int(11) NOT NULL,
  `precio_u` float NOT NULL,
  `cantidad` int(11) NOT NULL
) ENGINE=InnoDB DEFAULT CHARSET=utf8 COLLATE=utf8_unicode_ci;

--
-- Volcado de datos para la tabla `venta_productos`
--

INSERT INTO `venta_productos` (`venta`, `producto`, `precio_u`, `cantidad`) VALUES
(901, 1448, 988.17, 4),
(901, 1547, 20857.6, 1),
(901, 1552, 1390.63, 2);

-- --------------------------------------------------------

--
-- Estructura de tabla para la tabla `ventas`
--

CREATE TABLE `ventas` (
  `folio` int(11) NOT NULL,
  `vendedor` int(11) NOT NULL,
  `cliente` int(11) NOT NULL,
  `f_reg` date DEFAULT NULL,
  `forma_pago` varchar(10) CHARACTER SET utf8 COLLATE utf8_unicode_ci DEFAULT NULL
) ENGINE=InnoDB DEFAULT CHARSET=latin1;

--
-- Volcado de datos para la tabla `ventas`
--

INSERT INTO `ventas` (`folio`, `vendedor`, `cliente`, `f_reg`, `forma_pago`) VALUES
(901, 41, 34, '2020-08-03', 'efectivo');

-- --------------------------------------------------------

--
-- Estructura Stand-in para la vista `view_comprasCliente`
--
CREATE TABLE `view_comprasCliente` (
);

-- --------------------------------------------------------

--
-- Estructura Stand-in para la vista `view_rutas`
--
CREATE TABLE `view_rutas` (
);

-- --------------------------------------------------------

--
-- Estructura para la vista `view_comprasCliente`
--
DROP TABLE IF EXISTS `view_comprasCliente`;

CREATE ALGORITHM=UNDEFINED DEFINER=`id14496973_tdaw1`@`%` SQL SECURITY DEFINER VIEW `view_comprasCliente`  AS  select `cli`.`nombre` AS `Cliente`,count(`v`.`folio`) AS `Cantidad compras` from (`ventas` `v` join `clientes` `cli` on((`v`.`cliente` = `cli`.`id`))) group by `cli`.`nombre` ;

-- --------------------------------------------------------

--
-- Estructura para la vista `view_rutas`
--
DROP TABLE IF EXISTS `view_rutas`;

CREATE ALGORITHM=UNDEFINED DEFINER=`id14496973_tdaw1`@`%` SQL SECURITY DEFINER VIEW `view_rutas`  AS  select `r`.`cve` AS `Clave`,`r`.`nombre` AS `Ruta`,`ciud`.`nombre` AS `Ciudad`,`edo`.`nombre` AS `Estado`,`r`.`distancia` AS `Distancia` from (((`rutas` `r` join `ruta_ciudades` `rc` on((`rc`.`ruta` = `r`.`cve`))) join `ciudades` `ciud` on((`rc`.`ciudad` = `ciud`.`cve`))) join `estados` `edo` on((`ciud`.`estado` = `edo`.`cve`))) group by `r`.`cve` ;

--
-- Índices para tablas volcadas
--

--
-- Indices de la tabla `categorias`
--
ALTER TABLE `categorias`
  ADD PRIMARY KEY (`cve`),
  ADD UNIQUE KEY `codigo` (`codigo`),
  ADD UNIQUE KEY `Nombre` (`Nombre`);

--
-- Indices de la tabla `ciudades`
--
ALTER TABLE `ciudades`
  ADD PRIMARY KEY (`cve`),
  ADD KEY `estado` (`estado`);

--
-- Indices de la tabla `clientes`
--
ALTER TABLE `clientes`
  ADD PRIMARY KEY (`id`),
  ADD UNIQUE KEY `telefono` (`telefono`),
  ADD UNIQUE KEY `correo` (`correo`);

--
-- Indices de la tabla `estados`
--
ALTER TABLE `estados`
  ADD PRIMARY KEY (`cve`),
  ADD UNIQUE KEY `nombre` (`nombre`);

--
-- Indices de la tabla `flete_ventas`
--
ALTER TABLE `flete_ventas`
  ADD PRIMARY KEY (`reg`),
  ADD KEY `flete` (`flete`),
  ADD KEY `venta` (`venta`);

--
-- Indices de la tabla `fletes`
--
ALTER TABLE `fletes`
  ADD PRIMARY KEY (`cve`),
  ADD KEY `ruta` (`ruta`);

--
-- Indices de la tabla `productos`
--
ALTER TABLE `productos`
  ADD PRIMARY KEY (`reg`),
  ADD UNIQUE KEY `folio` (`folio`),
  ADD KEY `categoria` (`categoria`);

--
-- Indices de la tabla `ruta_ciudades`
--
ALTER TABLE `ruta_ciudades`
  ADD KEY `ruta` (`ruta`),
  ADD KEY `ciudad` (`ciudad`);

--
-- Indices de la tabla `rutas`
--
ALTER TABLE `rutas`
  ADD PRIMARY KEY (`cve`),
  ADD UNIQUE KEY `nombre` (`nombre`);

--
-- Indices de la tabla `salarios`
--
ALTER TABLE `salarios`
  ADD PRIMARY KEY (`reg`),
  ADD UNIQUE KEY `vendedor` (`vendedor`);

--
-- Indices de la tabla `tipo_usuario`
--
ALTER TABLE `tipo_usuario`
  ADD PRIMARY KEY (`id`),
  ADD UNIQUE KEY `Tipo` (`Tipo`);

--
-- Indices de la tabla `usuarios`
--
ALTER TABLE `usuarios`
  ADD PRIMARY KEY (`id`),
  ADD UNIQUE KEY `correo` (`correo`),
  ADD UNIQUE KEY `telefono` (`telefono`),
  ADD UNIQUE KEY `telefono_2` (`telefono`),
  ADD KEY `fk_tipo` (`tipo_usuario`);

--
-- Indices de la tabla `venta_productos`
--
ALTER TABLE `venta_productos`
  ADD KEY `venta` (`venta`),
  ADD KEY `producto` (`producto`);

--
-- Indices de la tabla `ventas`
--
ALTER TABLE `ventas`
  ADD PRIMARY KEY (`folio`),
  ADD KEY `fk_usuarioVend` (`vendedor`) USING BTREE,
  ADD KEY `fk_cliente` (`cliente`) USING BTREE;

--
-- AUTO_INCREMENT de las tablas volcadas
--

--
-- AUTO_INCREMENT de la tabla `categorias`
--
ALTER TABLE `categorias`
  MODIFY `cve` int(11) NOT NULL AUTO_INCREMENT, AUTO_INCREMENT=246;
--
-- AUTO_INCREMENT de la tabla `ciudades`
--
ALTER TABLE `ciudades`
  MODIFY `cve` int(11) NOT NULL AUTO_INCREMENT, AUTO_INCREMENT=2203;
--
-- AUTO_INCREMENT de la tabla `clientes`
--
ALTER TABLE `clientes`
  MODIFY `id` int(11) NOT NULL AUTO_INCREMENT, AUTO_INCREMENT=76;
--
-- AUTO_INCREMENT de la tabla `estados`
--
ALTER TABLE `estados`
  MODIFY `cve` int(11) NOT NULL AUTO_INCREMENT, AUTO_INCREMENT=5;
--
-- AUTO_INCREMENT de la tabla `flete_ventas`
--
ALTER TABLE `flete_ventas`
  MODIFY `reg` int(11) NOT NULL AUTO_INCREMENT;
--
-- AUTO_INCREMENT de la tabla `fletes`
--
ALTER TABLE `fletes`
  MODIFY `cve` int(11) NOT NULL AUTO_INCREMENT, AUTO_INCREMENT=7025;
--
-- AUTO_INCREMENT de la tabla `productos`
--
ALTER TABLE `productos`
  MODIFY `reg` int(11) NOT NULL AUTO_INCREMENT, AUTO_INCREMENT=5600;
--
-- AUTO_INCREMENT de la tabla `rutas`
--
ALTER TABLE `rutas`
  MODIFY `cve` int(11) NOT NULL AUTO_INCREMENT, AUTO_INCREMENT=3031;
--
-- AUTO_INCREMENT de la tabla `salarios`
--
ALTER TABLE `salarios`
  MODIFY `reg` int(11) NOT NULL AUTO_INCREMENT, AUTO_INCREMENT=22;
--
-- AUTO_INCREMENT de la tabla `usuarios`
--
ALTER TABLE `usuarios`
  MODIFY `id` int(11) NOT NULL AUTO_INCREMENT, AUTO_INCREMENT=45;
--
-- AUTO_INCREMENT de la tabla `ventas`
--
ALTER TABLE `ventas`
  MODIFY `folio` int(11) NOT NULL AUTO_INCREMENT, AUTO_INCREMENT=902;
--
-- Restricciones para tablas volcadas
--

--
-- Filtros para la tabla `ciudades`
--
ALTER TABLE `ciudades`
  ADD CONSTRAINT `ciudades_ibfk_1` FOREIGN KEY (`estado`) REFERENCES `estados` (`cve`);

--
-- Filtros para la tabla `flete_ventas`
--
ALTER TABLE `flete_ventas`
  ADD CONSTRAINT `flete_ventas_ibfk_1` FOREIGN KEY (`flete`) REFERENCES `fletes` (`cve`),
  ADD CONSTRAINT `flete_ventas_ibfk_2` FOREIGN KEY (`venta`) REFERENCES `ventas` (`folio`);

--
-- Filtros para la tabla `fletes`
--
ALTER TABLE `fletes`
  ADD CONSTRAINT `fletes_ibfk_1` FOREIGN KEY (`ruta`) REFERENCES `rutas` (`cve`);

--
-- Filtros para la tabla `productos`
--
ALTER TABLE `productos`
  ADD CONSTRAINT `productos_ibfk_1` FOREIGN KEY (`categoria`) REFERENCES `categorias` (`cve`);

--
-- Filtros para la tabla `ruta_ciudades`
--
ALTER TABLE `ruta_ciudades`
  ADD CONSTRAINT `ruta_ciudades_ibfk_1` FOREIGN KEY (`ruta`) REFERENCES `rutas` (`cve`),
  ADD CONSTRAINT `ruta_ciudades_ibfk_2` FOREIGN KEY (`ciudad`) REFERENCES `ciudades` (`cve`);

--
-- Filtros para la tabla `salarios`
--
ALTER TABLE `salarios`
  ADD CONSTRAINT `salarios_ibfk_1` FOREIGN KEY (`vendedor`) REFERENCES `usuarios` (`id`);

--
-- Filtros para la tabla `usuarios`
--
ALTER TABLE `usuarios`
  ADD CONSTRAINT `fk_tipo` FOREIGN KEY (`tipo_usuario`) REFERENCES `tipo_usuario` (`id`);

--
-- Filtros para la tabla `venta_productos`
--
ALTER TABLE `venta_productos`
  ADD CONSTRAINT `venta_productos_ibfk_1` FOREIGN KEY (`venta`) REFERENCES `ventas` (`folio`),
  ADD CONSTRAINT `venta_productos_ibfk_2` FOREIGN KEY (`producto`) REFERENCES `productos` (`reg`);

--
-- Filtros para la tabla `ventas`
--
ALTER TABLE `ventas`
  ADD CONSTRAINT `ventas_ibfk_1` FOREIGN KEY (`vendedor`) REFERENCES `usuarios` (`id`),
  ADD CONSTRAINT `ventas_ibfk_2` FOREIGN KEY (`cliente`) REFERENCES `clientes` (`id`);
--
-- Base de datos: `phpmyadmin`
--
CREATE DATABASE IF NOT EXISTS `phpmyadmin` DEFAULT CHARACTER SET latin1 COLLATE latin1_swedish_ci;
USE `phpmyadmin`;

-- --------------------------------------------------------

--
-- Estructura de tabla para la tabla `pma__bookmark`
--

CREATE TABLE `pma__bookmark` (
  `id` int(11) NOT NULL,
  `dbase` varchar(255) COLLATE utf8_bin NOT NULL DEFAULT '',
  `user` varchar(255) COLLATE utf8_bin NOT NULL DEFAULT '',
  `label` varchar(255) CHARACTER SET utf8 NOT NULL DEFAULT '',
  `query` text COLLATE utf8_bin NOT NULL
) ENGINE=InnoDB DEFAULT CHARSET=utf8 COLLATE=utf8_bin COMMENT='Bookmarks';

-- --------------------------------------------------------

--
-- Estructura de tabla para la tabla `pma__central_columns`
--

CREATE TABLE `pma__central_columns` (
  `db_name` varchar(64) COLLATE utf8_bin NOT NULL,
  `col_name` varchar(64) COLLATE utf8_bin NOT NULL,
  `col_type` varchar(64) COLLATE utf8_bin NOT NULL,
  `col_length` text COLLATE utf8_bin,
  `col_collation` varchar(64) COLLATE utf8_bin NOT NULL,
  `col_isNull` tinyint(1) NOT NULL,
  `col_extra` varchar(255) COLLATE utf8_bin DEFAULT '',
  `col_default` text COLLATE utf8_bin
) ENGINE=InnoDB DEFAULT CHARSET=utf8 COLLATE=utf8_bin COMMENT='Central list of columns';

-- --------------------------------------------------------

--
-- Estructura de tabla para la tabla `pma__column_info`
--

CREATE TABLE `pma__column_info` (
  `id` int(5) UNSIGNED NOT NULL,
  `db_name` varchar(64) COLLATE utf8_bin NOT NULL DEFAULT '',
  `table_name` varchar(64) COLLATE utf8_bin NOT NULL DEFAULT '',
  `column_name` varchar(64) COLLATE utf8_bin NOT NULL DEFAULT '',
  `comment` varchar(255) CHARACTER SET utf8 NOT NULL DEFAULT '',
  `mimetype` varchar(255) CHARACTER SET utf8 NOT NULL DEFAULT '',
  `transformation` varchar(255) COLLATE utf8_bin NOT NULL DEFAULT '',
  `transformation_options` varchar(255) COLLATE utf8_bin NOT NULL DEFAULT '',
  `input_transformation` varchar(255) COLLATE utf8_bin NOT NULL DEFAULT '',
  `input_transformation_options` varchar(255) COLLATE utf8_bin NOT NULL DEFAULT ''
) ENGINE=InnoDB DEFAULT CHARSET=utf8 COLLATE=utf8_bin COMMENT='Column information for phpMyAdmin';

-- --------------------------------------------------------

--
-- Estructura de tabla para la tabla `pma__designer_settings`
--

CREATE TABLE `pma__designer_settings` (
  `username` varchar(64) COLLATE utf8_bin NOT NULL,
  `settings_data` text COLLATE utf8_bin NOT NULL
) ENGINE=InnoDB DEFAULT CHARSET=utf8 COLLATE=utf8_bin COMMENT='Settings related to Designer';

-- --------------------------------------------------------

--
-- Estructura de tabla para la tabla `pma__export_templates`
--

CREATE TABLE `pma__export_templates` (
  `id` int(5) UNSIGNED NOT NULL,
  `username` varchar(64) COLLATE utf8_bin NOT NULL,
  `export_type` varchar(10) COLLATE utf8_bin NOT NULL,
  `template_name` varchar(64) COLLATE utf8_bin NOT NULL,
  `template_data` text COLLATE utf8_bin NOT NULL
) ENGINE=InnoDB DEFAULT CHARSET=utf8 COLLATE=utf8_bin COMMENT='Saved export templates';

-- --------------------------------------------------------

--
-- Estructura de tabla para la tabla `pma__favorite`
--

CREATE TABLE `pma__favorite` (
  `username` varchar(64) COLLATE utf8_bin NOT NULL,
  `tables` text COLLATE utf8_bin NOT NULL
) ENGINE=InnoDB DEFAULT CHARSET=utf8 COLLATE=utf8_bin COMMENT='Favorite tables';

-- --------------------------------------------------------

--
-- Estructura de tabla para la tabla `pma__history`
--

CREATE TABLE `pma__history` (
  `id` bigint(20) UNSIGNED NOT NULL,
  `username` varchar(64) COLLATE utf8_bin NOT NULL DEFAULT '',
  `db` varchar(64) COLLATE utf8_bin NOT NULL DEFAULT '',
  `table` varchar(64) COLLATE utf8_bin NOT NULL DEFAULT '',
  `timevalue` timestamp NOT NULL DEFAULT CURRENT_TIMESTAMP,
  `sqlquery` text COLLATE utf8_bin NOT NULL
) ENGINE=InnoDB DEFAULT CHARSET=utf8 COLLATE=utf8_bin COMMENT='SQL history for phpMyAdmin';

-- --------------------------------------------------------

--
-- Estructura de tabla para la tabla `pma__navigationhiding`
--

CREATE TABLE `pma__navigationhiding` (
  `username` varchar(64) COLLATE utf8_bin NOT NULL,
  `item_name` varchar(64) COLLATE utf8_bin NOT NULL,
  `item_type` varchar(64) COLLATE utf8_bin NOT NULL,
  `db_name` varchar(64) COLLATE utf8_bin NOT NULL,
  `table_name` varchar(64) COLLATE utf8_bin NOT NULL
) ENGINE=InnoDB DEFAULT CHARSET=utf8 COLLATE=utf8_bin COMMENT='Hidden items of navigation tree';

-- --------------------------------------------------------

--
-- Estructura de tabla para la tabla `pma__pdf_pages`
--

CREATE TABLE `pma__pdf_pages` (
  `db_name` varchar(64) COLLATE utf8_bin NOT NULL DEFAULT '',
  `page_nr` int(10) UNSIGNED NOT NULL,
  `page_descr` varchar(50) CHARACTER SET utf8 NOT NULL DEFAULT ''
) ENGINE=InnoDB DEFAULT CHARSET=utf8 COLLATE=utf8_bin COMMENT='PDF relation pages for phpMyAdmin';

-- --------------------------------------------------------

--
-- Estructura de tabla para la tabla `pma__recent`
--

CREATE TABLE `pma__recent` (
  `username` varchar(64) COLLATE utf8_bin NOT NULL,
  `tables` text COLLATE utf8_bin NOT NULL
) ENGINE=InnoDB DEFAULT CHARSET=utf8 COLLATE=utf8_bin COMMENT='Recently accessed tables';

--
-- Volcado de datos para la tabla `pma__recent`
--

INSERT INTO `pma__recent` (`username`, `tables`) VALUES
('nayeli', '[{"db":"inter","table":"ventas"},{"db":"inter","table":"venta_productos"},{"db":"inter","table":"productos"},{"db":"inter","table":"usuarios"},{"db":"inter","table":"categorias"}]'),
('root', '[{"db":"inter","table":"usuarios"},{"db":"inter","table":"tipo_usuario"},{"db":"inter","table":"productos"}]');

-- --------------------------------------------------------

--
-- Estructura de tabla para la tabla `pma__relation`
--

CREATE TABLE `pma__relation` (
  `master_db` varchar(64) COLLATE utf8_bin NOT NULL DEFAULT '',
  `master_table` varchar(64) COLLATE utf8_bin NOT NULL DEFAULT '',
  `master_field` varchar(64) COLLATE utf8_bin NOT NULL DEFAULT '',
  `foreign_db` varchar(64) COLLATE utf8_bin NOT NULL DEFAULT '',
  `foreign_table` varchar(64) COLLATE utf8_bin NOT NULL DEFAULT '',
  `foreign_field` varchar(64) COLLATE utf8_bin NOT NULL DEFAULT ''
) ENGINE=InnoDB DEFAULT CHARSET=utf8 COLLATE=utf8_bin COMMENT='Relation table';

-- --------------------------------------------------------

--
-- Estructura de tabla para la tabla `pma__savedsearches`
--

CREATE TABLE `pma__savedsearches` (
  `id` int(5) UNSIGNED NOT NULL,
  `username` varchar(64) COLLATE utf8_bin NOT NULL DEFAULT '',
  `db_name` varchar(64) COLLATE utf8_bin NOT NULL DEFAULT '',
  `search_name` varchar(64) COLLATE utf8_bin NOT NULL DEFAULT '',
  `search_data` text COLLATE utf8_bin NOT NULL
) ENGINE=InnoDB DEFAULT CHARSET=utf8 COLLATE=utf8_bin COMMENT='Saved searches';

-- --------------------------------------------------------

--
-- Estructura de tabla para la tabla `pma__table_coords`
--

CREATE TABLE `pma__table_coords` (
  `db_name` varchar(64) COLLATE utf8_bin NOT NULL DEFAULT '',
  `table_name` varchar(64) COLLATE utf8_bin NOT NULL DEFAULT '',
  `pdf_page_number` int(11) NOT NULL DEFAULT '0',
  `x` float UNSIGNED NOT NULL DEFAULT '0',
  `y` float UNSIGNED NOT NULL DEFAULT '0'
) ENGINE=InnoDB DEFAULT CHARSET=utf8 COLLATE=utf8_bin COMMENT='Table coordinates for phpMyAdmin PDF output';

-- --------------------------------------------------------

--
-- Estructura de tabla para la tabla `pma__table_info`
--

CREATE TABLE `pma__table_info` (
  `db_name` varchar(64) COLLATE utf8_bin NOT NULL DEFAULT '',
  `table_name` varchar(64) COLLATE utf8_bin NOT NULL DEFAULT '',
  `display_field` varchar(64) COLLATE utf8_bin NOT NULL DEFAULT ''
) ENGINE=InnoDB DEFAULT CHARSET=utf8 COLLATE=utf8_bin COMMENT='Table information for phpMyAdmin';

-- --------------------------------------------------------

--
-- Estructura de tabla para la tabla `pma__table_uiprefs`
--

CREATE TABLE `pma__table_uiprefs` (
  `username` varchar(64) COLLATE utf8_bin NOT NULL,
  `db_name` varchar(64) COLLATE utf8_bin NOT NULL,
  `table_name` varchar(64) COLLATE utf8_bin NOT NULL,
  `prefs` text COLLATE utf8_bin NOT NULL,
  `last_update` timestamp NOT NULL DEFAULT CURRENT_TIMESTAMP ON UPDATE CURRENT_TIMESTAMP
) ENGINE=InnoDB DEFAULT CHARSET=utf8 COLLATE=utf8_bin COMMENT='Tables'' UI preferences';

-- --------------------------------------------------------

--
-- Estructura de tabla para la tabla `pma__tracking`
--

CREATE TABLE `pma__tracking` (
  `db_name` varchar(64) COLLATE utf8_bin NOT NULL,
  `table_name` varchar(64) COLLATE utf8_bin NOT NULL,
  `version` int(10) UNSIGNED NOT NULL,
  `date_created` datetime NOT NULL,
  `date_updated` datetime NOT NULL,
  `schema_snapshot` text COLLATE utf8_bin NOT NULL,
  `schema_sql` text COLLATE utf8_bin,
  `data_sql` longtext COLLATE utf8_bin,
  `tracking` set('UPDATE','REPLACE','INSERT','DELETE','TRUNCATE','CREATE DATABASE','ALTER DATABASE','DROP DATABASE','CREATE TABLE','ALTER TABLE','RENAME TABLE','DROP TABLE','CREATE INDEX','DROP INDEX','CREATE VIEW','ALTER VIEW','DROP VIEW') COLLATE utf8_bin DEFAULT NULL,
  `tracking_active` int(1) UNSIGNED NOT NULL DEFAULT '1'
) ENGINE=InnoDB DEFAULT CHARSET=utf8 COLLATE=utf8_bin COMMENT='Database changes tracking for phpMyAdmin';

-- --------------------------------------------------------

--
-- Estructura de tabla para la tabla `pma__userconfig`
--

CREATE TABLE `pma__userconfig` (
  `username` varchar(64) COLLATE utf8_bin NOT NULL,
  `timevalue` timestamp NOT NULL DEFAULT CURRENT_TIMESTAMP ON UPDATE CURRENT_TIMESTAMP,
  `config_data` text COLLATE utf8_bin NOT NULL
) ENGINE=InnoDB DEFAULT CHARSET=utf8 COLLATE=utf8_bin COMMENT='User preferences storage for phpMyAdmin';

--
-- Volcado de datos para la tabla `pma__userconfig`
--

INSERT INTO `pma__userconfig` (`username`, `timevalue`, `config_data`) VALUES
('nayeli', '2020-08-13 17:28:08', '{"lang":"es","collation_connection":"utf8mb4_unicode_ci"}'),
('root', '2020-08-13 00:29:00', '{"lang":"es","collation_connection":"utf8mb4_unicode_ci"}');

-- --------------------------------------------------------

--
-- Estructura de tabla para la tabla `pma__usergroups`
--

CREATE TABLE `pma__usergroups` (
  `usergroup` varchar(64) COLLATE utf8_bin NOT NULL,
  `tab` varchar(64) COLLATE utf8_bin NOT NULL,
  `allowed` enum('Y','N') COLLATE utf8_bin NOT NULL DEFAULT 'N'
) ENGINE=InnoDB DEFAULT CHARSET=utf8 COLLATE=utf8_bin COMMENT='User groups with configured menu items';

-- --------------------------------------------------------

--
-- Estructura de tabla para la tabla `pma__users`
--

CREATE TABLE `pma__users` (
  `username` varchar(64) COLLATE utf8_bin NOT NULL,
  `usergroup` varchar(64) COLLATE utf8_bin NOT NULL
) ENGINE=InnoDB DEFAULT CHARSET=utf8 COLLATE=utf8_bin COMMENT='Users and their assignments to user groups';

--
-- Índices para tablas volcadas
--

--
-- Indices de la tabla `pma__bookmark`
--
ALTER TABLE `pma__bookmark`
  ADD PRIMARY KEY (`id`);

--
-- Indices de la tabla `pma__central_columns`
--
ALTER TABLE `pma__central_columns`
  ADD PRIMARY KEY (`db_name`,`col_name`);

--
-- Indices de la tabla `pma__column_info`
--
ALTER TABLE `pma__column_info`
  ADD PRIMARY KEY (`id`),
  ADD UNIQUE KEY `db_name` (`db_name`,`table_name`,`column_name`);

--
-- Indices de la tabla `pma__designer_settings`
--
ALTER TABLE `pma__designer_settings`
  ADD PRIMARY KEY (`username`);

--
-- Indices de la tabla `pma__export_templates`
--
ALTER TABLE `pma__export_templates`
  ADD PRIMARY KEY (`id`),
  ADD UNIQUE KEY `u_user_type_template` (`username`,`export_type`,`template_name`);

--
-- Indices de la tabla `pma__favorite`
--
ALTER TABLE `pma__favorite`
  ADD PRIMARY KEY (`username`);

--
-- Indices de la tabla `pma__history`
--
ALTER TABLE `pma__history`
  ADD PRIMARY KEY (`id`),
  ADD KEY `username` (`username`,`db`,`table`,`timevalue`);

--
-- Indices de la tabla `pma__navigationhiding`
--
ALTER TABLE `pma__navigationhiding`
  ADD PRIMARY KEY (`username`,`item_name`,`item_type`,`db_name`,`table_name`);

--
-- Indices de la tabla `pma__pdf_pages`
--
ALTER TABLE `pma__pdf_pages`
  ADD PRIMARY KEY (`page_nr`),
  ADD KEY `db_name` (`db_name`);

--
-- Indices de la tabla `pma__recent`
--
ALTER TABLE `pma__recent`
  ADD PRIMARY KEY (`username`);

--
-- Indices de la tabla `pma__relation`
--
ALTER TABLE `pma__relation`
  ADD PRIMARY KEY (`master_db`,`master_table`,`master_field`),
  ADD KEY `foreign_field` (`foreign_db`,`foreign_table`);

--
-- Indices de la tabla `pma__savedsearches`
--
ALTER TABLE `pma__savedsearches`
  ADD PRIMARY KEY (`id`),
  ADD UNIQUE KEY `u_savedsearches_username_dbname` (`username`,`db_name`,`search_name`);

--
-- Indices de la tabla `pma__table_coords`
--
ALTER TABLE `pma__table_coords`
  ADD PRIMARY KEY (`db_name`,`table_name`,`pdf_page_number`);

--
-- Indices de la tabla `pma__table_info`
--
ALTER TABLE `pma__table_info`
  ADD PRIMARY KEY (`db_name`,`table_name`);

--
-- Indices de la tabla `pma__table_uiprefs`
--
ALTER TABLE `pma__table_uiprefs`
  ADD PRIMARY KEY (`username`,`db_name`,`table_name`);

--
-- Indices de la tabla `pma__tracking`
--
ALTER TABLE `pma__tracking`
  ADD PRIMARY KEY (`db_name`,`table_name`,`version`);

--
-- Indices de la tabla `pma__userconfig`
--
ALTER TABLE `pma__userconfig`
  ADD PRIMARY KEY (`username`);

--
-- Indices de la tabla `pma__usergroups`
--
ALTER TABLE `pma__usergroups`
  ADD PRIMARY KEY (`usergroup`,`tab`,`allowed`);

--
-- Indices de la tabla `pma__users`
--
ALTER TABLE `pma__users`
  ADD PRIMARY KEY (`username`,`usergroup`);

--
-- AUTO_INCREMENT de las tablas volcadas
--

--
-- AUTO_INCREMENT de la tabla `pma__bookmark`
--
ALTER TABLE `pma__bookmark`
  MODIFY `id` int(11) NOT NULL AUTO_INCREMENT;
--
-- AUTO_INCREMENT de la tabla `pma__column_info`
--
ALTER TABLE `pma__column_info`
  MODIFY `id` int(5) UNSIGNED NOT NULL AUTO_INCREMENT;
--
-- AUTO_INCREMENT de la tabla `pma__export_templates`
--
ALTER TABLE `pma__export_templates`
  MODIFY `id` int(5) UNSIGNED NOT NULL AUTO_INCREMENT;
--
-- AUTO_INCREMENT de la tabla `pma__history`
--
ALTER TABLE `pma__history`
  MODIFY `id` bigint(20) UNSIGNED NOT NULL AUTO_INCREMENT;
--
-- AUTO_INCREMENT de la tabla `pma__pdf_pages`
--
ALTER TABLE `pma__pdf_pages`
  MODIFY `page_nr` int(10) UNSIGNED NOT NULL AUTO_INCREMENT;
--
-- AUTO_INCREMENT de la tabla `pma__savedsearches`
--
ALTER TABLE `pma__savedsearches`
  MODIFY `id` int(5) UNSIGNED NOT NULL AUTO_INCREMENT;
/*!40101 SET CHARACTER_SET_CLIENT=@OLD_CHARACTER_SET_CLIENT */;
/*!40101 SET CHARACTER_SET_RESULTS=@OLD_CHARACTER_SET_RESULTS */;
/*!40101 SET COLLATION_CONNECTION=@OLD_COLLATION_CONNECTION */;
